stage,input,model,linguistic
ATOM,"[""ا"", ""a""]",WELL_TYPED,SUSPENDED
ATOM,"[""ا"", ""u""]",WELL_TYPED,SUSPENDED
ATOM,"[""ا"", ""i""]",WELL_TYPED,SUSPENDED
ATOM,"[""ا"", ""s""]",WELL_TYPED,SUSPENDED
ATOM,"[""ب"", ""a""]",WELL_TYPED,SUSPENDED
ATOM,"[""ب"", ""u""]",WELL_TYPED,SUSPENDED
ATOM,"[""ب"", ""i""]",WELL_TYPED,SUSPENDED
ATOM,"[""ب"", ""s""]",WELL_TYPED,SUSPENDED
ATOM,"[""ت"", ""a""]",WELL_TYPED,SUSPENDED
ATOM,"[""ت"", ""u""]",WELL_TYPED,SUSPENDED
ATOM,"[""ت"", ""i""]",WELL_TYPED,SUSPENDED
ATOM,"[""ت"", ""s""]",WELL_TYPED,SUSPENDED
ATOM,"[""ث"", ""a""]",WELL_TYPED,SUSPENDED
ATOM,"[""ث"", ""u""]",WELL_TYPED,SUSPENDED
ATOM,"[""ث"", ""i""]",WELL_TYPED,SUSPENDED
ATOM,"[""ث"", ""s""]",WELL_TYPED,SUSPENDED
ATOM,"[""ج"", ""a""]",WELL_TYPED,SUSPENDED
ATOM,"[""ج"", ""u""]",WELL_TYPED,SUSPENDED
ATOM,"[""ج"", ""i""]",WELL_TYPED,SUSPENDED
ATOM,"[""ج"", ""s""]",WELL_TYPED,SUSPENDED
ATOM,"[""ح"", ""a""]",WELL_TYPED,SUSPENDED
ATOM,"[""ح"", ""u""]",WELL_TYPED,SUSPENDED
ATOM,"[""ح"", ""i""]",WELL_TYPED,SUSPENDED
ATOM,"[""ح"", ""s""]",WELL_TYPED,SUSPENDED
ATOM,"[""خ"", ""a""]",WELL_TYPED,SUSPENDED
ATOM,"[""خ"", ""u""]",WELL_TYPED,SUSPENDED
ATOM,"[""خ"", ""i""]",WELL_TYPED,SUSPENDED
ATOM,"[""خ"", ""s""]",WELL_TYPED,SUSPENDED
ATOM,"[""د"", ""a""]",WELL_TYPED,SUSPENDED
ATOM,"[""د"", ""u""]",WELL_TYPED,SUSPENDED
ATOM,"[""د"", ""i""]",WELL_TYPED,SUSPENDED
ATOM,"[""د"", ""s""]",WELL_TYPED,SUSPENDED
ATOM,"[""ذ"", ""a""]",WELL_TYPED,SUSPENDED
ATOM,"[""ذ"", ""u""]",WELL_TYPED,SUSPENDED
ATOM,"[""ذ"", ""i""]",WELL_TYPED,SUSPENDED
ATOM,"[""ذ"", ""s""]",WELL_TYPED,SUSPENDED
ATOM,"[""ر"", ""a""]",WELL_TYPED,SUSPENDED
ATOM,"[""ر"", ""u""]",WELL_TYPED,SUSPENDED
ATOM,"[""ر"", ""i""]",WELL_TYPED,SUSPENDED
ATOM,"[""ر"", ""s""]",WELL_TYPED,SUSPENDED
ATOM,"[""ز"", ""a""]",WELL_TYPED,SUSPENDED
ATOM,"[""ز"", ""u""]",WELL_TYPED,SUSPENDED
ATOM,"[""ز"", ""i""]",WELL_TYPED,SUSPENDED
ATOM,"[""ز"", ""s""]",WELL_TYPED,SUSPENDED
ATOM,"[""س"", ""a""]",WELL_TYPED,SUSPENDED
ATOM,"[""س"", ""u""]",WELL_TYPED,SUSPENDED
ATOM,"[""س"", ""i""]",WELL_TYPED,SUSPENDED
ATOM,"[""س"", ""s""]",WELL_TYPED,SUSPENDED
ATOM,"[""ش"", ""a""]",WELL_TYPED,SUSPENDED
ATOM,"[""ش"", ""u""]",WELL_TYPED,SUSPENDED
ATOM,"[""ش"", ""i""]",WELL_TYPED,SUSPENDED
ATOM,"[""ش"", ""s""]",WELL_TYPED,SUSPENDED
ATOM,"[""ص"", ""a""]",WELL_TYPED,SUSPENDED
ATOM,"[""ص"", ""u""]",WELL_TYPED,SUSPENDED
ATOM,"[""ص"", ""i""]",WELL_TYPED,SUSPENDED
ATOM,"[""ص"", ""s""]",WELL_TYPED,SUSPENDED
ATOM,"[""ض"", ""a""]",WELL_TYPED,SUSPENDED
ATOM,"[""ض"", ""u""]",WELL_TYPED,SUSPENDED
ATOM,"[""ض"", ""i""]",WELL_TYPED,SUSPENDED
ATOM,"[""ض"", ""s""]",WELL_TYPED,SUSPENDED
ATOM,"[""ط"", ""a""]",WELL_TYPED,SUSPENDED
ATOM,"[""ط"", ""u""]",WELL_TYPED,SUSPENDED
ATOM,"[""ط"", ""i""]",WELL_TYPED,SUSPENDED
ATOM,"[""ط"", ""s""]",WELL_TYPED,SUSPENDED
ATOM,"[""ظ"", ""a""]",WELL_TYPED,SUSPENDED
ATOM,"[""ظ"", ""u""]",WELL_TYPED,SUSPENDED
ATOM,"[""ظ"", ""i""]",WELL_TYPED,SUSPENDED
ATOM,"[""ظ"", ""s""]",WELL_TYPED,SUSPENDED
ATOM,"[""ع"", ""a""]",WELL_TYPED,SUSPENDED
ATOM,"[""ع"", ""u""]",WELL_TYPED,SUSPENDED
ATOM,"[""ع"", ""i""]",WELL_TYPED,SUSPENDED
ATOM,"[""ع"", ""s""]",WELL_TYPED,SUSPENDED
ATOM,"[""غ"", ""a""]",WELL_TYPED,SUSPENDED
ATOM,"[""غ"", ""u""]",WELL_TYPED,SUSPENDED
ATOM,"[""غ"", ""i""]",WELL_TYPED,SUSPENDED
ATOM,"[""غ"", ""s""]",WELL_TYPED,SUSPENDED
ATOM,"[""ف"", ""a""]",WELL_TYPED,SUSPENDED
ATOM,"[""ف"", ""u""]",WELL_TYPED,SUSPENDED
ATOM,"[""ف"", ""i""]",WELL_TYPED,SUSPENDED
ATOM,"[""ف"", ""s""]",WELL_TYPED,SUSPENDED
ATOM,"[""ق"", ""a""]",WELL_TYPED,SUSPENDED
ATOM,"[""ق"", ""u""]",WELL_TYPED,SUSPENDED
ATOM,"[""ق"", ""i""]",WELL_TYPED,SUSPENDED
ATOM,"[""ق"", ""s""]",WELL_TYPED,SUSPENDED
ATOM,"[""ك"", ""a""]",WELL_TYPED,SUSPENDED
ATOM,"[""ك"", ""u""]",WELL_TYPED,SUSPENDED
ATOM,"[""ك"", ""i""]",WELL_TYPED,SUSPENDED
ATOM,"[""ك"", ""s""]",WELL_TYPED,SUSPENDED
ATOM,"[""ل"", ""a""]",WELL_TYPED,SUSPENDED
ATOM,"[""ل"", ""u""]",WELL_TYPED,SUSPENDED
ATOM,"[""ل"", ""i""]",WELL_TYPED,SUSPENDED
ATOM,"[""ل"", ""s""]",WELL_TYPED,SUSPENDED
ATOM,"[""م"", ""a""]",WELL_TYPED,SUSPENDED
ATOM,"[""م"", ""u""]",WELL_TYPED,SUSPENDED
ATOM,"[""م"", ""i""]",WELL_TYPED,SUSPENDED
ATOM,"[""م"", ""s""]",WELL_TYPED,SUSPENDED
ATOM,"[""ن"", ""a""]",WELL_TYPED,SUSPENDED
ATOM,"[""ن"", ""u""]",WELL_TYPED,SUSPENDED
ATOM,"[""ن"", ""i""]",WELL_TYPED,SUSPENDED
ATOM,"[""ن"", ""s""]",WELL_TYPED,SUSPENDED
ATOM,"[""ه"", ""a""]",WELL_TYPED,SUSPENDED
ATOM,"[""ه"", ""u""]",WELL_TYPED,SUSPENDED
ATOM,"[""ه"", ""i""]",WELL_TYPED,SUSPENDED
ATOM,"[""ه"", ""s""]",WELL_TYPED,SUSPENDED
ATOM,"[""و"", ""a""]",WELL_TYPED,SUSPENDED
ATOM,"[""و"", ""u""]",WELL_TYPED,SUSPENDED
ATOM,"[""و"", ""i""]",WELL_TYPED,SUSPENDED
ATOM,"[""و"", ""s""]",WELL_TYPED,SUSPENDED
ATOM,"[""ي"", ""a""]",WELL_TYPED,SUSPENDED
ATOM,"[""ي"", ""u""]",WELL_TYPED,SUSPENDED
ATOM,"[""ي"", ""i""]",WELL_TYPED,SUSPENDED
ATOM,"[""ي"", ""s""]",WELL_TYPED,SUSPENDED
ATOM,"[""ء"", ""a""]",WELL_TYPED,SUSPENDED
ATOM,"[""ء"", ""u""]",WELL_TYPED,SUSPENDED
ATOM,"[""ء"", ""i""]",WELL_TYPED,SUSPENDED
ATOM,"[""ء"", ""s""]",WELL_TYPED,SUSPENDED
CVV,"[""ا"", ""a"", ""a""]",MODEL_ADMISSIBLE,SUSPENDED
CVV,"[""ا"", ""a"", ""u""]",VOWELS_DIFFER,SUSPENDED
CVV,"[""ا"", ""a"", ""i""]",VOWELS_DIFFER,SUSPENDED
CVV,"[""ا"", ""u"", ""a""]",VOWELS_DIFFER,SUSPENDED
CVV,"[""ا"", ""u"", ""u""]",MODEL_ADMISSIBLE,SUSPENDED
CVV,"[""ا"", ""u"", ""i""]",VOWELS_DIFFER,SUSPENDED
CVV,"[""ا"", ""i"", ""a""]",VOWELS_DIFFER,SUSPENDED
CVV,"[""ا"", ""i"", ""u""]",VOWELS_DIFFER,SUSPENDED
CVV,"[""ا"", ""i"", ""i""]",MODEL_ADMISSIBLE,SUSPENDED
CVV,"[""ا"", ""s"", ""a""]",BASE_NOT_CV,SUSPENDED
CVV,"[""ا"", ""s"", ""u""]",BASE_NOT_CV,SUSPENDED
CVV,"[""ا"", ""s"", ""i""]",BASE_NOT_CV,SUSPENDED
CVV,"[""ب"", ""a"", ""a""]",MODEL_ADMISSIBLE,SUSPENDED
CVV,"[""ب"", ""a"", ""u""]",VOWELS_DIFFER,SUSPENDED
CVV,"[""ب"", ""a"", ""i""]",VOWELS_DIFFER,SUSPENDED
CVV,"[""ب"", ""u"", ""a""]",VOWELS_DIFFER,SUSPENDED
CVV,"[""ب"", ""u"", ""u""]",MODEL_ADMISSIBLE,SUSPENDED
CVV,"[""ب"", ""u"", ""i""]",VOWELS_DIFFER,SUSPENDED
CVV,"[""ب"", ""i"", ""a""]",VOWELS_DIFFER,SUSPENDED
CVV,"[""ب"", ""i"", ""u""]",VOWELS_DIFFER,SUSPENDED
CVV,"[""ب"", ""i"", ""i""]",MODEL_ADMISSIBLE,SUSPENDED
CVV,"[""ب"", ""s"", ""a""]",BASE_NOT_CV,SUSPENDED
CVV,"[""ب"", ""s"", ""u""]",BASE_NOT_CV,SUSPENDED
CVV,"[""ب"", ""s"", ""i""]",BASE_NOT_CV,SUSPENDED
CVV,"[""ت"", ""a"", ""a""]",MODEL_ADMISSIBLE,SUSPENDED
CVV,"[""ت"", ""a"", ""u""]",VOWELS_DIFFER,SUSPENDED
CVV,"[""ت"", ""a"", ""i""]",VOWELS_DIFFER,SUSPENDED
CVV,"[""ت"", ""u"", ""a""]",VOWELS_DIFFER,SUSPENDED
CVV,"[""ت"", ""u"", ""u""]",MODEL_ADMISSIBLE,SUSPENDED
CVV,"[""ت"", ""u"", ""i""]",VOWELS_DIFFER,SUSPENDED
CVV,"[""ت"", ""i"", ""a""]",VOWELS_DIFFER,SUSPENDED
CVV,"[""ت"", ""i"", ""u""]",VOWELS_DIFFER,SUSPENDED
CVV,"[""ت"", ""i"", ""i""]",MODEL_ADMISSIBLE,SUSPENDED
CVV,"[""ت"", ""s"", ""a""]",BASE_NOT_CV,SUSPENDED
CVV,"[""ت"", ""s"", ""u""]",BASE_NOT_CV,SUSPENDED
CVV,"[""ت"", ""s"", ""i""]",BASE_NOT_CV,SUSPENDED
CVV,"[""ث"", ""a"", ""a""]",MODEL_ADMISSIBLE,SUSPENDED
CVV,"[""ث"", ""a"", ""u""]",VOWELS_DIFFER,SUSPENDED
CVV,"[""ث"", ""a"", ""i""]",VOWELS_DIFFER,SUSPENDED
CVV,"[""ث"", ""u"", ""a""]",VOWELS_DIFFER,SUSPENDED
CVV,"[""ث"", ""u"", ""u""]",MODEL_ADMISSIBLE,SUSPENDED
CVV,"[""ث"", ""u"", ""i""]",VOWELS_DIFFER,SUSPENDED
CVV,"[""ث"", ""i"", ""a""]",VOWELS_DIFFER,SUSPENDED
CVV,"[""ث"", ""i"", ""u""]",VOWELS_DIFFER,SUSPENDED
CVV,"[""ث"", ""i"", ""i""]",MODEL_ADMISSIBLE,SUSPENDED
CVV,"[""ث"", ""s"", ""a""]",BASE_NOT_CV,SUSPENDED
CVV,"[""ث"", ""s"", ""u""]",BASE_NOT_CV,SUSPENDED
CVV,"[""ث"", ""s"", ""i""]",BASE_NOT_CV,SUSPENDED
CVV,"[""ج"", ""a"", ""a""]",MODEL_ADMISSIBLE,SUSPENDED
CVV,"[""ج"", ""a"", ""u""]",VOWELS_DIFFER,SUSPENDED
CVV,"[""ج"", ""a"", ""i""]",VOWELS_DIFFER,SUSPENDED
CVV,"[""ج"", ""u"", ""a""]",VOWELS_DIFFER,SUSPENDED
CVV,"[""ج"", ""u"", ""u""]",MODEL_ADMISSIBLE,SUSPENDED
CVV,"[""ج"", ""u"", ""i""]",VOWELS_DIFFER,SUSPENDED
CVV,"[""ج"", ""i"", ""a""]",VOWELS_DIFFER,SUSPENDED
CVV,"[""ج"", ""i"", ""u""]",VOWELS_DIFFER,SUSPENDED
CVV,"[""ج"", ""i"", ""i""]",MODEL_ADMISSIBLE,SUSPENDED
CVV,"[""ج"", ""s"", ""a""]",BASE_NOT_CV,SUSPENDED
CVV,"[""ج"", ""s"", ""u""]",BASE_NOT_CV,SUSPENDED
CVV,"[""ج"", ""s"", ""i""]",BASE_NOT_CV,SUSPENDED
CVV,"[""ح"", ""a"", ""a""]",MODEL_ADMISSIBLE,SUSPENDED
CVV,"[""ح"", ""a"", ""u""]",VOWELS_DIFFER,SUSPENDED
CVV,"[""ح"", ""a"", ""i""]",VOWELS_DIFFER,SUSPENDED
CVV,"[""ح"", ""u"", ""a""]",VOWELS_DIFFER,SUSPENDED
CVV,"[""ح"", ""u"", ""u""]",MODEL_ADMISSIBLE,SUSPENDED
CVV,"[""ح"", ""u"", ""i""]",VOWELS_DIFFER,SUSPENDED
CVV,"[""ح"", ""i"", ""a""]",VOWELS_DIFFER,SUSPENDED
CVV,"[""ح"", ""i"", ""u""]",VOWELS_DIFFER,SUSPENDED
CVV,"[""ح"", ""i"", ""i""]",MODEL_ADMISSIBLE,SUSPENDED
CVV,"[""ح"", ""s"", ""a""]",BASE_NOT_CV,SUSPENDED
CVV,"[""ح"", ""s"", ""u""]",BASE_NOT_CV,SUSPENDED
CVV,"[""ح"", ""s"", ""i""]",BASE_NOT_CV,SUSPENDED
CVV,"[""خ"", ""a"", ""a""]",MODEL_ADMISSIBLE,SUSPENDED
CVV,"[""خ"", ""a"", ""u""]",VOWELS_DIFFER,SUSPENDED
CVV,"[""خ"", ""a"", ""i""]",VOWELS_DIFFER,SUSPENDED
CVV,"[""خ"", ""u"", ""a""]",VOWELS_DIFFER,SUSPENDED
CVV,"[""خ"", ""u"", ""u""]",MODEL_ADMISSIBLE,SUSPENDED
CVV,"[""خ"", ""u"", ""i""]",VOWELS_DIFFER,SUSPENDED
CVV,"[""خ"", ""i"", ""a""]",VOWELS_DIFFER,SUSPENDED
CVV,"[""خ"", ""i"", ""u""]",VOWELS_DIFFER,SUSPENDED
CVV,"[""خ"", ""i"", ""i""]",MODEL_ADMISSIBLE,SUSPENDED
CVV,"[""خ"", ""s"", ""a""]",BASE_NOT_CV,SUSPENDED
CVV,"[""خ"", ""s"", ""u""]",BASE_NOT_CV,SUSPENDED
CVV,"[""خ"", ""s"", ""i""]",BASE_NOT_CV,SUSPENDED
CVV,"[""د"", ""a"", ""a""]",MODEL_ADMISSIBLE,SUSPENDED
CVV,"[""د"", ""a"", ""u""]",VOWELS_DIFFER,SUSPENDED
CVV,"[""د"", ""a"", ""i""]",VOWELS_DIFFER,SUSPENDED
CVV,"[""د"", ""u"", ""a""]",VOWELS_DIFFER,SUSPENDED
CVV,"[""د"", ""u"", ""u""]",MODEL_ADMISSIBLE,SUSPENDED
CVV,"[""د"", ""u"", ""i""]",VOWELS_DIFFER,SUSPENDED
CVV,"[""د"", ""i"", ""a""]",VOWELS_DIFFER,SUSPENDED
CVV,"[""د"", ""i"", ""u""]",VOWELS_DIFFER,SUSPENDED
CVV,"[""د"", ""i"", ""i""]",MODEL_ADMISSIBLE,SUSPENDED
CVV,"[""د"", ""s"", ""a""]",BASE_NOT_CV,SUSPENDED
CVV,"[""د"", ""s"", ""u""]",BASE_NOT_CV,SUSPENDED
CVV,"[""د"", ""s"", ""i""]",BASE_NOT_CV,SUSPENDED
CVV,"[""ذ"", ""a"", ""a""]",MODEL_ADMISSIBLE,SUSPENDED
CVV,"[""ذ"", ""a"", ""u""]",VOWELS_DIFFER,SUSPENDED
CVV,"[""ذ"", ""a"", ""i""]",VOWELS_DIFFER,SUSPENDED
CVV,"[""ذ"", ""u"", ""a""]",VOWELS_DIFFER,SUSPENDED
CVV,"[""ذ"", ""u"", ""u""]",MODEL_ADMISSIBLE,SUSPENDED
CVV,"[""ذ"", ""u"", ""i""]",VOWELS_DIFFER,SUSPENDED
CVV,"[""ذ"", ""i"", ""a""]",VOWELS_DIFFER,SUSPENDED
CVV,"[""ذ"", ""i"", ""u""]",VOWELS_DIFFER,SUSPENDED
CVV,"[""ذ"", ""i"", ""i""]",MODEL_ADMISSIBLE,SUSPENDED
CVV,"[""ذ"", ""s"", ""a""]",BASE_NOT_CV,SUSPENDED
CVV,"[""ذ"", ""s"", ""u""]",BASE_NOT_CV,SUSPENDED
CVV,"[""ذ"", ""s"", ""i""]",BASE_NOT_CV,SUSPENDED
CVV,"[""ر"", ""a"", ""a""]",MODEL_ADMISSIBLE,SUSPENDED
CVV,"[""ر"", ""a"", ""u""]",VOWELS_DIFFER,SUSPENDED
CVV,"[""ر"", ""a"", ""i""]",VOWELS_DIFFER,SUSPENDED
CVV,"[""ر"", ""u"", ""a""]",VOWELS_DIFFER,SUSPENDED
CVV,"[""ر"", ""u"", ""u""]",MODEL_ADMISSIBLE,SUSPENDED
CVV,"[""ر"", ""u"", ""i""]",VOWELS_DIFFER,SUSPENDED
CVV,"[""ر"", ""i"", ""a""]",VOWELS_DIFFER,SUSPENDED
CVV,"[""ر"", ""i"", ""u""]",VOWELS_DIFFER,SUSPENDED
CVV,"[""ر"", ""i"", ""i""]",MODEL_ADMISSIBLE,SUSPENDED
CVV,"[""ر"", ""s"", ""a""]",BASE_NOT_CV,SUSPENDED
CVV,"[""ر"", ""s"", ""u""]",BASE_NOT_CV,SUSPENDED
CVV,"[""ر"", ""s"", ""i""]",BASE_NOT_CV,SUSPENDED
CVV,"[""ز"", ""a"", ""a""]",MODEL_ADMISSIBLE,SUSPENDED
CVV,"[""ز"", ""a"", ""u""]",VOWELS_DIFFER,SUSPENDED
CVV,"[""ز"", ""a"", ""i""]",VOWELS_DIFFER,SUSPENDED
CVV,"[""ز"", ""u"", ""a""]",VOWELS_DIFFER,SUSPENDED
CVV,"[""ز"", ""u"", ""u""]",MODEL_ADMISSIBLE,SUSPENDED
CVV,"[""ز"", ""u"", ""i""]",VOWELS_DIFFER,SUSPENDED
CVV,"[""ز"", ""i"", ""a""]",VOWELS_DIFFER,SUSPENDED
CVV,"[""ز"", ""i"", ""u""]",VOWELS_DIFFER,SUSPENDED
CVV,"[""ز"", ""i"", ""i""]",MODEL_ADMISSIBLE,SUSPENDED
CVV,"[""ز"", ""s"", ""a""]",BASE_NOT_CV,SUSPENDED
CVV,"[""ز"", ""s"", ""u""]",BASE_NOT_CV,SUSPENDED
CVV,"[""ز"", ""s"", ""i""]",BASE_NOT_CV,SUSPENDED
CVV,"[""س"", ""a"", ""a""]",MODEL_ADMISSIBLE,SUSPENDED
CVV,"[""س"", ""a"", ""u""]",VOWELS_DIFFER,SUSPENDED
CVV,"[""س"", ""a"", ""i""]",VOWELS_DIFFER,SUSPENDED
CVV,"[""س"", ""u"", ""a""]",VOWELS_DIFFER,SUSPENDED
CVV,"[""س"", ""u"", ""u""]",MODEL_ADMISSIBLE,SUSPENDED
CVV,"[""س"", ""u"", ""i""]",VOWELS_DIFFER,SUSPENDED
CVV,"[""س"", ""i"", ""a""]",VOWELS_DIFFER,SUSPENDED
CVV,"[""س"", ""i"", ""u""]",VOWELS_DIFFER,SUSPENDED
CVV,"[""س"", ""i"", ""i""]",MODEL_ADMISSIBLE,SUSPENDED
CVV,"[""س"", ""s"", ""a""]",BASE_NOT_CV,SUSPENDED
CVV,"[""س"", ""s"", ""u""]",BASE_NOT_CV,SUSPENDED
CVV,"[""س"", ""s"", ""i""]",BASE_NOT_CV,SUSPENDED
CVV,"[""ش"", ""a"", ""a""]",MODEL_ADMISSIBLE,SUSPENDED
CVV,"[""ش"", ""a"", ""u""]",VOWELS_DIFFER,SUSPENDED
CVV,"[""ش"", ""a"", ""i""]",VOWELS_DIFFER,SUSPENDED
CVV,"[""ش"", ""u"", ""a""]",VOWELS_DIFFER,SUSPENDED
CVV,"[""ش"", ""u"", ""u""]",MODEL_ADMISSIBLE,SUSPENDED
CVV,"[""ش"", ""u"", ""i""]",VOWELS_DIFFER,SUSPENDED
CVV,"[""ش"", ""i"", ""a""]",VOWELS_DIFFER,SUSPENDED
CVV,"[""ش"", ""i"", ""u""]",VOWELS_DIFFER,SUSPENDED
CVV,"[""ش"", ""i"", ""i""]",MODEL_ADMISSIBLE,SUSPENDED
CVV,"[""ش"", ""s"", ""a""]",BASE_NOT_CV,SUSPENDED
CVV,"[""ش"", ""s"", ""u""]",BASE_NOT_CV,SUSPENDED
CVV,"[""ش"", ""s"", ""i""]",BASE_NOT_CV,SUSPENDED
CVV,"[""ص"", ""a"", ""a""]",MODEL_ADMISSIBLE,SUSPENDED
CVV,"[""ص"", ""a"", ""u""]",VOWELS_DIFFER,SUSPENDED
CVV,"[""ص"", ""a"", ""i""]",VOWELS_DIFFER,SUSPENDED
CVV,"[""ص"", ""u"", ""a""]",VOWELS_DIFFER,SUSPENDED
CVV,"[""ص"", ""u"", ""u""]",MODEL_ADMISSIBLE,SUSPENDED
CVV,"[""ص"", ""u"", ""i""]",VOWELS_DIFFER,SUSPENDED
CVV,"[""ص"", ""i"", ""a""]",VOWELS_DIFFER,SUSPENDED
CVV,"[""ص"", ""i"", ""u""]",VOWELS_DIFFER,SUSPENDED
CVV,"[""ص"", ""i"", ""i""]",MODEL_ADMISSIBLE,SUSPENDED
CVV,"[""ص"", ""s"", ""a""]",BASE_NOT_CV,SUSPENDED
CVV,"[""ص"", ""s"", ""u""]",BASE_NOT_CV,SUSPENDED
CVV,"[""ص"", ""s"", ""i""]",BASE_NOT_CV,SUSPENDED
CVV,"[""ض"", ""a"", ""a""]",MODEL_ADMISSIBLE,SUSPENDED
CVV,"[""ض"", ""a"", ""u""]",VOWELS_DIFFER,SUSPENDED
CVV,"[""ض"", ""a"", ""i""]",VOWELS_DIFFER,SUSPENDED
CVV,"[""ض"", ""u"", ""a""]",VOWELS_DIFFER,SUSPENDED
CVV,"[""ض"", ""u"", ""u""]",MODEL_ADMISSIBLE,SUSPENDED
CVV,"[""ض"", ""u"", ""i""]",VOWELS_DIFFER,SUSPENDED
CVV,"[""ض"", ""i"", ""a""]",VOWELS_DIFFER,SUSPENDED
CVV,"[""ض"", ""i"", ""u""]",VOWELS_DIFFER,SUSPENDED
CVV,"[""ض"", ""i"", ""i""]",MODEL_ADMISSIBLE,SUSPENDED
CVV,"[""ض"", ""s"", ""a""]",BASE_NOT_CV,SUSPENDED
CVV,"[""ض"", ""s"", ""u""]",BASE_NOT_CV,SUSPENDED
CVV,"[""ض"", ""s"", ""i""]",BASE_NOT_CV,SUSPENDED
CVV,"[""ط"", ""a"", ""a""]",MODEL_ADMISSIBLE,SUSPENDED
CVV,"[""ط"", ""a"", ""u""]",VOWELS_DIFFER,SUSPENDED
CVV,"[""ط"", ""a"", ""i""]",VOWELS_DIFFER,SUSPENDED
CVV,"[""ط"", ""u"", ""a""]",VOWELS_DIFFER,SUSPENDED
CVV,"[""ط"", ""u"", ""u""]",MODEL_ADMISSIBLE,SUSPENDED
CVV,"[""ط"", ""u"", ""i""]",VOWELS_DIFFER,SUSPENDED
CVV,"[""ط"", ""i"", ""a""]",VOWELS_DIFFER,SUSPENDED
CVV,"[""ط"", ""i"", ""u""]",VOWELS_DIFFER,SUSPENDED
CVV,"[""ط"", ""i"", ""i""]",MODEL_ADMISSIBLE,SUSPENDED
CVV,"[""ط"", ""s"", ""a""]",BASE_NOT_CV,SUSPENDED
CVV,"[""ط"", ""s"", ""u""]",BASE_NOT_CV,SUSPENDED
CVV,"[""ط"", ""s"", ""i""]",BASE_NOT_CV,SUSPENDED
CVV,"[""ظ"", ""a"", ""a""]",MODEL_ADMISSIBLE,SUSPENDED
CVV,"[""ظ"", ""a"", ""u""]",VOWELS_DIFFER,SUSPENDED
CVV,"[""ظ"", ""a"", ""i""]",VOWELS_DIFFER,SUSPENDED
CVV,"[""ظ"", ""u"", ""a""]",VOWELS_DIFFER,SUSPENDED
CVV,"[""ظ"", ""u"", ""u""]",MODEL_ADMISSIBLE,SUSPENDED
CVV,"[""ظ"", ""u"", ""i""]",VOWELS_DIFFER,SUSPENDED
CVV,"[""ظ"", ""i"", ""a""]",VOWELS_DIFFER,SUSPENDED
CVV,"[""ظ"", ""i"", ""u""]",VOWELS_DIFFER,SUSPENDED
CVV,"[""ظ"", ""i"", ""i""]",MODEL_ADMISSIBLE,SUSPENDED
CVV,"[""ظ"", ""s"", ""a""]",BASE_NOT_CV,SUSPENDED
CVV,"[""ظ"", ""s"", ""u""]",BASE_NOT_CV,SUSPENDED
CVV,"[""ظ"", ""s"", ""i""]",BASE_NOT_CV,SUSPENDED
CVV,"[""ع"", ""a"", ""a""]",MODEL_ADMISSIBLE,SUSPENDED
CVV,"[""ع"", ""a"", ""u""]",VOWELS_DIFFER,SUSPENDED
CVV,"[""ع"", ""a"", ""i""]",VOWELS_DIFFER,SUSPENDED
CVV,"[""ع"", ""u"", ""a""]",VOWELS_DIFFER,SUSPENDED
CVV,"[""ع"", ""u"", ""u""]",MODEL_ADMISSIBLE,SUSPENDED
CVV,"[""ع"", ""u"", ""i""]",VOWELS_DIFFER,SUSPENDED
CVV,"[""ع"", ""i"", ""a""]",VOWELS_DIFFER,SUSPENDED
CVV,"[""ع"", ""i"", ""u""]",VOWELS_DIFFER,SUSPENDED
CVV,"[""ع"", ""i"", ""i""]",MODEL_ADMISSIBLE,SUSPENDED
CVV,"[""ع"", ""s"", ""a""]",BASE_NOT_CV,SUSPENDED
CVV,"[""ع"", ""s"", ""u""]",BASE_NOT_CV,SUSPENDED
CVV,"[""ع"", ""s"", ""i""]",BASE_NOT_CV,SUSPENDED
CVV,"[""غ"", ""a"", ""a""]",MODEL_ADMISSIBLE,SUSPENDED
CVV,"[""غ"", ""a"", ""u""]",VOWELS_DIFFER,SUSPENDED
CVV,"[""غ"", ""a"", ""i""]",VOWELS_DIFFER,SUSPENDED
CVV,"[""غ"", ""u"", ""a""]",VOWELS_DIFFER,SUSPENDED
CVV,"[""غ"", ""u"", ""u""]",MODEL_ADMISSIBLE,SUSPENDED
CVV,"[""غ"", ""u"", ""i""]",VOWELS_DIFFER,SUSPENDED
CVV,"[""غ"", ""i"", ""a""]",VOWELS_DIFFER,SUSPENDED
CVV,"[""غ"", ""i"", ""u""]",VOWELS_DIFFER,SUSPENDED
CVV,"[""غ"", ""i"", ""i""]",MODEL_ADMISSIBLE,SUSPENDED
CVV,"[""غ"", ""s"", ""a""]",BASE_NOT_CV,SUSPENDED
CVV,"[""غ"", ""s"", ""u""]",BASE_NOT_CV,SUSPENDED
CVV,"[""غ"", ""s"", ""i""]",BASE_NOT_CV,SUSPENDED
CVV,"[""ف"", ""a"", ""a""]",MODEL_ADMISSIBLE,SUSPENDED
CVV,"[""ف"", ""a"", ""u""]",VOWELS_DIFFER,SUSPENDED
CVV,"[""ف"", ""a"", ""i""]",VOWELS_DIFFER,SUSPENDED
CVV,"[""ف"", ""u"", ""a""]",VOWELS_DIFFER,SUSPENDED
CVV,"[""ف"", ""u"", ""u""]",MODEL_ADMISSIBLE,SUSPENDED
CVV,"[""ف"", ""u"", ""i""]",VOWELS_DIFFER,SUSPENDED
CVV,"[""ف"", ""i"", ""a""]",VOWELS_DIFFER,SUSPENDED
CVV,"[""ف"", ""i"", ""u""]",VOWELS_DIFFER,SUSPENDED
CVV,"[""ف"", ""i"", ""i""]",MODEL_ADMISSIBLE,SUSPENDED
CVV,"[""ف"", ""s"", ""a""]",BASE_NOT_CV,SUSPENDED
CVV,"[""ف"", ""s"", ""u""]",BASE_NOT_CV,SUSPENDED
CVV,"[""ف"", ""s"", ""i""]",BASE_NOT_CV,SUSPENDED
CVV,"[""ق"", ""a"", ""a""]",MODEL_ADMISSIBLE,SUSPENDED
CVV,"[""ق"", ""a"", ""u""]",VOWELS_DIFFER,SUSPENDED
CVV,"[""ق"", ""a"", ""i""]",VOWELS_DIFFER,SUSPENDED
CVV,"[""ق"", ""u"", ""a""]",VOWELS_DIFFER,SUSPENDED
CVV,"[""ق"", ""u"", ""u""]",MODEL_ADMISSIBLE,SUSPENDED
CVV,"[""ق"", ""u"", ""i""]",VOWELS_DIFFER,SUSPENDED
CVV,"[""ق"", ""i"", ""a""]",VOWELS_DIFFER,SUSPENDED
CVV,"[""ق"", ""i"", ""u""]",VOWELS_DIFFER,SUSPENDED
CVV,"[""ق"", ""i"", ""i""]",MODEL_ADMISSIBLE,SUSPENDED
CVV,"[""ق"", ""s"", ""a""]",BASE_NOT_CV,SUSPENDED
CVV,"[""ق"", ""s"", ""u""]",BASE_NOT_CV,SUSPENDED
CVV,"[""ق"", ""s"", ""i""]",BASE_NOT_CV,SUSPENDED
CVV,"[""ك"", ""a"", ""a""]",MODEL_ADMISSIBLE,SUSPENDED
CVV,"[""ك"", ""a"", ""u""]",VOWELS_DIFFER,SUSPENDED
CVV,"[""ك"", ""a"", ""i""]",VOWELS_DIFFER,SUSPENDED
CVV,"[""ك"", ""u"", ""a""]",VOWELS_DIFFER,SUSPENDED
CVV,"[""ك"", ""u"", ""u""]",MODEL_ADMISSIBLE,SUSPENDED
CVV,"[""ك"", ""u"", ""i""]",VOWELS_DIFFER,SUSPENDED
CVV,"[""ك"", ""i"", ""a""]",VOWELS_DIFFER,SUSPENDED
CVV,"[""ك"", ""i"", ""u""]",VOWELS_DIFFER,SUSPENDED
CVV,"[""ك"", ""i"", ""i""]",MODEL_ADMISSIBLE,SUSPENDED
CVV,"[""ك"", ""s"", ""a""]",BASE_NOT_CV,SUSPENDED
CVV,"[""ك"", ""s"", ""u""]",BASE_NOT_CV,SUSPENDED
CVV,"[""ك"", ""s"", ""i""]",BASE_NOT_CV,SUSPENDED
CVV,"[""ل"", ""a"", ""a""]",MODEL_ADMISSIBLE,SUSPENDED
CVV,"[""ل"", ""a"", ""u""]",VOWELS_DIFFER,SUSPENDED
CVV,"[""ل"", ""a"", ""i""]",VOWELS_DIFFER,SUSPENDED
CVV,"[""ل"", ""u"", ""a""]",VOWELS_DIFFER,SUSPENDED
CVV,"[""ل"", ""u"", ""u""]",MODEL_ADMISSIBLE,SUSPENDED
CVV,"[""ل"", ""u"", ""i""]",VOWELS_DIFFER,SUSPENDED
CVV,"[""ل"", ""i"", ""a""]",VOWELS_DIFFER,SUSPENDED
CVV,"[""ل"", ""i"", ""u""]",VOWELS_DIFFER,SUSPENDED
CVV,"[""ل"", ""i"", ""i""]",MODEL_ADMISSIBLE,SUSPENDED
CVV,"[""ل"", ""s"", ""a""]",BASE_NOT_CV,SUSPENDED
CVV,"[""ل"", ""s"", ""u""]",BASE_NOT_CV,SUSPENDED
CVV,"[""ل"", ""s"", ""i""]",BASE_NOT_CV,SUSPENDED
CVV,"[""م"", ""a"", ""a""]",MODEL_ADMISSIBLE,SUSPENDED
CVV,"[""م"", ""a"", ""u""]",VOWELS_DIFFER,SUSPENDED
CVV,"[""م"", ""a"", ""i""]",VOWELS_DIFFER,SUSPENDED
CVV,"[""م"", ""u"", ""a""]",VOWELS_DIFFER,SUSPENDED
CVV,"[""م"", ""u"", ""u""]",MODEL_ADMISSIBLE,SUSPENDED
CVV,"[""م"", ""u"", ""i""]",VOWELS_DIFFER,SUSPENDED
CVV,"[""م"", ""i"", ""a""]",VOWELS_DIFFER,SUSPENDED
CVV,"[""م"", ""i"", ""u""]",VOWELS_DIFFER,SUSPENDED
CVV,"[""م"", ""i"", ""i""]",MODEL_ADMISSIBLE,SUSPENDED
CVV,"[""م"", ""s"", ""a""]",BASE_NOT_CV,SUSPENDED
CVV,"[""م"", ""s"", ""u""]",BASE_NOT_CV,SUSPENDED
CVV,"[""م"", ""s"", ""i""]",BASE_NOT_CV,SUSPENDED
CVV,"[""ن"", ""a"", ""a""]",MODEL_ADMISSIBLE,SUSPENDED
CVV,"[""ن"", ""a"", ""u""]",VOWELS_DIFFER,SUSPENDED
CVV,"[""ن"", ""a"", ""i""]",VOWELS_DIFFER,SUSPENDED
CVV,"[""ن"", ""u"", ""a""]",VOWELS_DIFFER,SUSPENDED
CVV,"[""ن"", ""u"", ""u""]",MODEL_ADMISSIBLE,SUSPENDED
CVV,"[""ن"", ""u"", ""i""]",VOWELS_DIFFER,SUSPENDED
CVV,"[""ن"", ""i"", ""a""]",VOWELS_DIFFER,SUSPENDED
CVV,"[""ن"", ""i"", ""u""]",VOWELS_DIFFER,SUSPENDED
CVV,"[""ن"", ""i"", ""i""]",MODEL_ADMISSIBLE,SUSPENDED
CVV,"[""ن"", ""s"", ""a""]",BASE_NOT_CV,SUSPENDED
CVV,"[""ن"", ""s"", ""u""]",BASE_NOT_CV,SUSPENDED
CVV,"[""ن"", ""s"", ""i""]",BASE_NOT_CV,SUSPENDED
CVV,"[""ه"", ""a"", ""a""]",MODEL_ADMISSIBLE,SUSPENDED
CVV,"[""ه"", ""a"", ""u""]",VOWELS_DIFFER,SUSPENDED
CVV,"[""ه"", ""a"", ""i""]",VOWELS_DIFFER,SUSPENDED
CVV,"[""ه"", ""u"", ""a""]",VOWELS_DIFFER,SUSPENDED
CVV,"[""ه"", ""u"", ""u""]",MODEL_ADMISSIBLE,SUSPENDED
CVV,"[""ه"", ""u"", ""i""]",VOWELS_DIFFER,SUSPENDED
CVV,"[""ه"", ""i"", ""a""]",VOWELS_DIFFER,SUSPENDED
CVV,"[""ه"", ""i"", ""u""]",VOWELS_DIFFER,SUSPENDED
CVV,"[""ه"", ""i"", ""i""]",MODEL_ADMISSIBLE,SUSPENDED
CVV,"[""ه"", ""s"", ""a""]",BASE_NOT_CV,SUSPENDED
CVV,"[""ه"", ""s"", ""u""]",BASE_NOT_CV,SUSPENDED
CVV,"[""ه"", ""s"", ""i""]",BASE_NOT_CV,SUSPENDED
CVV,"[""و"", ""a"", ""a""]",MODEL_ADMISSIBLE,SUSPENDED
CVV,"[""و"", ""a"", ""u""]",VOWELS_DIFFER,SUSPENDED
CVV,"[""و"", ""a"", ""i""]",VOWELS_DIFFER,SUSPENDED
CVV,"[""و"", ""u"", ""a""]",VOWELS_DIFFER,SUSPENDED
CVV,"[""و"", ""u"", ""u""]",MODEL_ADMISSIBLE,SUSPENDED
CVV,"[""و"", ""u"", ""i""]",VOWELS_DIFFER,SUSPENDED
CVV,"[""و"", ""i"", ""a""]",VOWELS_DIFFER,SUSPENDED
CVV,"[""و"", ""i"", ""u""]",VOWELS_DIFFER,SUSPENDED
CVV,"[""و"", ""i"", ""i""]",MODEL_ADMISSIBLE,SUSPENDED
CVV,"[""و"", ""s"", ""a""]",BASE_NOT_CV,SUSPENDED
CVV,"[""و"", ""s"", ""u""]",BASE_NOT_CV,SUSPENDED
CVV,"[""و"", ""s"", ""i""]",BASE_NOT_CV,SUSPENDED
CVV,"[""ي"", ""a"", ""a""]",MODEL_ADMISSIBLE,SUSPENDED
CVV,"[""ي"", ""a"", ""u""]",VOWELS_DIFFER,SUSPENDED
CVV,"[""ي"", ""a"", ""i""]",VOWELS_DIFFER,SUSPENDED
CVV,"[""ي"", ""u"", ""a""]",VOWELS_DIFFER,SUSPENDED
CVV,"[""ي"", ""u"", ""u""]",MODEL_ADMISSIBLE,SUSPENDED
CVV,"[""ي"", ""u"", ""i""]",VOWELS_DIFFER,SUSPENDED
CVV,"[""ي"", ""i"", ""a""]",VOWELS_DIFFER,SUSPENDED
CVV,"[""ي"", ""i"", ""u""]",VOWELS_DIFFER,SUSPENDED
CVV,"[""ي"", ""i"", ""i""]",MODEL_ADMISSIBLE,SUSPENDED
CVV,"[""ي"", ""s"", ""a""]",BASE_NOT_CV,SUSPENDED
CVV,"[""ي"", ""s"", ""u""]",BASE_NOT_CV,SUSPENDED
CVV,"[""ي"", ""s"", ""i""]",BASE_NOT_CV,SUSPENDED
CVV,"[""ء"", ""a"", ""a""]",MODEL_ADMISSIBLE,SUSPENDED
CVV,"[""ء"", ""a"", ""u""]",VOWELS_DIFFER,SUSPENDED
CVV,"[""ء"", ""a"", ""i""]",VOWELS_DIFFER,SUSPENDED
CVV,"[""ء"", ""u"", ""a""]",VOWELS_DIFFER,SUSPENDED
CVV,"[""ء"", ""u"", ""u""]",MODEL_ADMISSIBLE,SUSPENDED
CVV,"[""ء"", ""u"", ""i""]",VOWELS_DIFFER,SUSPENDED
CVV,"[""ء"", ""i"", ""a""]",VOWELS_DIFFER,SUSPENDED
CVV,"[""ء"", ""i"", ""u""]",VOWELS_DIFFER,SUSPENDED
CVV,"[""ء"", ""i"", ""i""]",MODEL_ADMISSIBLE,SUSPENDED
CVV,"[""ء"", ""s"", ""a""]",BASE_NOT_CV,SUSPENDED
CVV,"[""ء"", ""s"", ""u""]",BASE_NOT_CV,SUSPENDED
CVV,"[""ء"", ""s"", ""i""]",BASE_NOT_CV,SUSPENDED
CVC,"[""ا"", ""a"", ""ا"", ""s""]",MODEL_ADMISSIBLE,SUSPENDED
CVC,"[""ا"", ""a"", ""ب"", ""s""]",MODEL_ADMISSIBLE,SUSPENDED
CVC,"[""ا"", ""a"", ""ت"", ""s""]",MODEL_ADMISSIBLE,SUSPENDED
CVC,"[""ا"", ""a"", ""ث"", ""s""]",MODEL_ADMISSIBLE,SUSPENDED
CVC,"[""ا"", ""a"", ""ج"", ""s""]",MODEL_ADMISSIBLE,SUSPENDED
CVC,"[""ا"", ""a"", ""ح"", ""s""]",MODEL_ADMISSIBLE,SUSPENDED
CVC,"[""ا"", ""a"", ""خ"", ""s""]",MODEL_ADMISSIBLE,SUSPENDED
CVC,"[""ا"", ""a"", ""د"", ""s""]",MODEL_ADMISSIBLE,SUSPENDED
CVC,"[""ا"", ""a"", ""ذ"", ""s""]",MODEL_ADMISSIBLE,SUSPENDED
CVC,"[""ا"", ""a"", ""ر"", ""s""]",MODEL_ADMISSIBLE,SUSPENDED
CVC,"[""ا"", ""a"", ""ز"", ""s""]",MODEL_ADMISSIBLE,SUSPENDED
CVC,"[""ا"", ""a"", ""س"", ""s""]",MODEL_ADMISSIBLE,SUSPENDED
CVC,"[""ا"", ""a"", ""ش"", ""s""]",MODEL_ADMISSIBLE,SUSPENDED
CVC,"[""ا"", ""a"", ""ص"", ""s""]",MODEL_ADMISSIBLE,SUSPENDED
CVC,"[""ا"", ""a"", ""ض"", ""s""]",MODEL_ADMISSIBLE,SUSPENDED
CVC,"[""ا"", ""a"", ""ط"", ""s""]",MODEL_ADMISSIBLE,SUSPENDED
CVC,"[""ا"", ""a"", ""ظ"", ""s""]",MODEL_ADMISSIBLE,SUSPENDED
CVC,"[""ا"", ""a"", ""ع"", ""s""]",MODEL_ADMISSIBLE,SUSPENDED
CVC,"[""ا"", ""a"", ""غ"", ""s""]",MODEL_ADMISSIBLE,SUSPENDED
CVC,"[""ا"", ""a"", ""ف"", ""s""]",MODEL_ADMISSIBLE,SUSPENDED
CVC,"[""ا"", ""a"", ""ق"", ""s""]",MODEL_ADMISSIBLE,SUSPENDED
CVC,"[""ا"", ""a"", ""ك"", ""s""]",MODEL_ADMISSIBLE,SUSPENDED
CVC,"[""ا"", ""a"", ""ل"", ""s""]",MODEL_ADMISSIBLE,SUSPENDED
CVC,"[""ا"", ""a"", ""م"", ""s""]",MODEL_ADMISSIBLE,SUSPENDED
CVC,"[""ا"", ""a"", ""ن"", ""s""]",MODEL_ADMISSIBLE,SUSPENDED
CVC,"[""ا"", ""a"", ""ه"", ""s""]",MODEL_ADMISSIBLE,SUSPENDED
CVC,"[""ا"", ""a"", ""و"", ""s""]",MODEL_ADMISSIBLE,SUSPENDED
CVC,"[""ا"", ""a"", ""ي"", ""s""]",MODEL_ADMISSIBLE,SUSPENDED
CVC,"[""ا"", ""a"", ""ء"", ""s""]",MODEL_ADMISSIBLE,SUSPENDED
CVC,"[""ا"", ""u"", ""ا"", ""s""]",MODEL_ADMISSIBLE,SUSPENDED
CVC,"[""ا"", ""u"", ""ب"", ""s""]",MODEL_ADMISSIBLE,SUSPENDED
CVC,"[""ا"", ""u"", ""ت"", ""s""]",MODEL_ADMISSIBLE,SUSPENDED
CVC,"[""ا"", ""u"", ""ث"", ""s""]",MODEL_ADMISSIBLE,SUSPENDED
CVC,"[""ا"", ""u"", ""ج"", ""s""]",MODEL_ADMISSIBLE,SUSPENDED
CVC,"[""ا"", ""u"", ""ح"", ""s""]",MODEL_ADMISSIBLE,SUSPENDED
CVC,"[""ا"", ""u"", ""خ"", ""s""]",MODEL_ADMISSIBLE,SUSPENDED
CVC,"[""ا"", ""u"", ""د"", ""s""]",MODEL_ADMISSIBLE,SUSPENDED
CVC,"[""ا"", ""u"", ""ذ"", ""s""]",MODEL_ADMISSIBLE,SUSPENDED
CVC,"[""ا"", ""u"", ""ر"", ""s""]",MODEL_ADMISSIBLE,SUSPENDED
CVC,"[""ا"", ""u"", ""ز"", ""s""]",MODEL_ADMISSIBLE,SUSPENDED
CVC,"[""ا"", ""u"", ""س"", ""s""]",MODEL_ADMISSIBLE,SUSPENDED
CVC,"[""ا"", ""u"", ""ش"", ""s""]",MODEL_ADMISSIBLE,SUSPENDED
CVC,"[""ا"", ""u"", ""ص"", ""s""]",MODEL_ADMISSIBLE,SUSPENDED
CVC,"[""ا"", ""u"", ""ض"", ""s""]",MODEL_ADMISSIBLE,SUSPENDED
CVC,"[""ا"", ""u"", ""ط"", ""s""]",MODEL_ADMISSIBLE,SUSPENDED
CVC,"[""ا"", ""u"", ""ظ"", ""s""]",MODEL_ADMISSIBLE,SUSPENDED
CVC,"[""ا"", ""u"", ""ع"", ""s""]",MODEL_ADMISSIBLE,SUSPENDED
CVC,"[""ا"", ""u"", ""غ"", ""s""]",MODEL_ADMISSIBLE,SUSPENDED
CVC,"[""ا"", ""u"", ""ف"", ""s""]",MODEL_ADMISSIBLE,SUSPENDED
CVC,"[""ا"", ""u"", ""ق"", ""s""]",MODEL_ADMISSIBLE,SUSPENDED
CVC,"[""ا"", ""u"", ""ك"", ""s""]",MODEL_ADMISSIBLE,SUSPENDED
CVC,"[""ا"", ""u"", ""ل"", ""s""]",MODEL_ADMISSIBLE,SUSPENDED
CVC,"[""ا"", ""u"", ""م"", ""s""]",MODEL_ADMISSIBLE,SUSPENDED
CVC,"[""ا"", ""u"", ""ن"", ""s""]",MODEL_ADMISSIBLE,SUSPENDED
CVC,"[""ا"", ""u"", ""ه"", ""s""]",MODEL_ADMISSIBLE,SUSPENDED
CVC,"[""ا"", ""u"", ""و"", ""s""]",MODEL_ADMISSIBLE,SUSPENDED
CVC,"[""ا"", ""u"", ""ي"", ""s""]",MODEL_ADMISSIBLE,SUSPENDED
CVC,"[""ا"", ""u"", ""ء"", ""s""]",MODEL_ADMISSIBLE,SUSPENDED
CVC,"[""ا"", ""i"", ""ا"", ""s""]",MODEL_ADMISSIBLE,SUSPENDED
CVC,"[""ا"", ""i"", ""ب"", ""s""]",MODEL_ADMISSIBLE,SUSPENDED
CVC,"[""ا"", ""i"", ""ت"", ""s""]",MODEL_ADMISSIBLE,SUSPENDED
CVC,"[""ا"", ""i"", ""ث"", ""s""]",MODEL_ADMISSIBLE,SUSPENDED
CVC,"[""ا"", ""i"", ""ج"", ""s""]",MODEL_ADMISSIBLE,SUSPENDED
CVC,"[""ا"", ""i"", ""ح"", ""s""]",MODEL_ADMISSIBLE,SUSPENDED
CVC,"[""ا"", ""i"", ""خ"", ""s""]",MODEL_ADMISSIBLE,SUSPENDED
CVC,"[""ا"", ""i"", ""د"", ""s""]",MODEL_ADMISSIBLE,SUSPENDED
CVC,"[""ا"", ""i"", ""ذ"", ""s""]",MODEL_ADMISSIBLE,SUSPENDED
CVC,"[""ا"", ""i"", ""ر"", ""s""]",MODEL_ADMISSIBLE,SUSPENDED
CVC,"[""ا"", ""i"", ""ز"", ""s""]",MODEL_ADMISSIBLE,SUSPENDED
CVC,"[""ا"", ""i"", ""س"", ""s""]",MODEL_ADMISSIBLE,SUSPENDED
CVC,"[""ا"", ""i"", ""ش"", ""s""]",MODEL_ADMISSIBLE,SUSPENDED
CVC,"[""ا"", ""i"", ""ص"", ""s""]",MODEL_ADMISSIBLE,SUSPENDED
CVC,"[""ا"", ""i"", ""ض"", ""s""]",MODEL_ADMISSIBLE,SUSPENDED
CVC,"[""ا"", ""i"", ""ط"", ""s""]",MODEL_ADMISSIBLE,SUSPENDED
CVC,"[""ا"", ""i"", ""ظ"", ""s""]",MODEL_ADMISSIBLE,SUSPENDED
CVC,"[""ا"", ""i"", ""ع"", ""s""]",MODEL_ADMISSIBLE,SUSPENDED
CVC,"[""ا"", ""i"", ""غ"", ""s""]",MODEL_ADMISSIBLE,SUSPENDED
CVC,"[""ا"", ""i"", ""ف"", ""s""]",MODEL_ADMISSIBLE,SUSPENDED
CVC,"[""ا"", ""i"", ""ق"", ""s""]",MODEL_ADMISSIBLE,SUSPENDED
CVC,"[""ا"", ""i"", ""ك"", ""s""]",MODEL_ADMISSIBLE,SUSPENDED
CVC,"[""ا"", ""i"", ""ل"", ""s""]",MODEL_ADMISSIBLE,SUSPENDED
CVC,"[""ا"", ""i"", ""م"", ""s""]",MODEL_ADMISSIBLE,SUSPENDED
CVC,"[""ا"", ""i"", ""ن"", ""s""]",MODEL_ADMISSIBLE,SUSPENDED
CVC,"[""ا"", ""i"", ""ه"", ""s""]",MODEL_ADMISSIBLE,SUSPENDED
CVC,"[""ا"", ""i"", ""و"", ""s""]",MODEL_ADMISSIBLE,SUSPENDED
CVC,"[""ا"", ""i"", ""ي"", ""s""]",MODEL_ADMISSIBLE,SUSPENDED
CVC,"[""ا"", ""i"", ""ء"", ""s""]",MODEL_ADMISSIBLE,SUSPENDED
CVC,"[""ا"", ""s"", ""ا"", ""s""]",BASE_NOT_CV,SUSPENDED
CVC,"[""ا"", ""s"", ""ب"", ""s""]",BASE_NOT_CV,SUSPENDED
CVC,"[""ا"", ""s"", ""ت"", ""s""]",BASE_NOT_CV,SUSPENDED
CVC,"[""ا"", ""s"", ""ث"", ""s""]",BASE_NOT_CV,SUSPENDED
CVC,"[""ا"", ""s"", ""ج"", ""s""]",BASE_NOT_CV,SUSPENDED
CVC,"[""ا"", ""s"", ""ح"", ""s""]",BASE_NOT_CV,SUSPENDED
CVC,"[""ا"", ""s"", ""خ"", ""s""]",BASE_NOT_CV,SUSPENDED
CVC,"[""ا"", ""s"", ""د"", ""s""]",BASE_NOT_CV,SUSPENDED
CVC,"[""ا"", ""s"", ""ذ"", ""s""]",BASE_NOT_CV,SUSPENDED
CVC,"[""ا"", ""s"", ""ر"", ""s""]",BASE_NOT_CV,SUSPENDED
CVC,"[""ا"", ""s"", ""ز"", ""s""]",BASE_NOT_CV,SUSPENDED
CVC,"[""ا"", ""s"", ""س"", ""s""]",BASE_NOT_CV,SUSPENDED
CVC,"[""ا"", ""s"", ""ش"", ""s""]",BASE_NOT_CV,SUSPENDED
CVC,"[""ا"", ""s"", ""ص"", ""s""]",BASE_NOT_CV,SUSPENDED
CVC,"[""ا"", ""s"", ""ض"", ""s""]",BASE_NOT_CV,SUSPENDED
CVC,"[""ا"", ""s"", ""ط"", ""s""]",BASE_NOT_CV,SUSPENDED
CVC,"[""ا"", ""s"", ""ظ"", ""s""]",BASE_NOT_CV,SUSPENDED
CVC,"[""ا"", ""s"", ""ع"", ""s""]",BASE_NOT_CV,SUSPENDED
CVC,"[""ا"", ""s"", ""غ"", ""s""]",BASE_NOT_CV,SUSPENDED
CVC,"[""ا"", ""s"", ""ف"", ""s""]",BASE_NOT_CV,SUSPENDED
CVC,"[""ا"", ""s"", ""ق"", ""s""]",BASE_NOT_CV,SUSPENDED
CVC,"[""ا"", ""s"", ""ك"", ""s""]",BASE_NOT_CV,SUSPENDED
CVC,"[""ا"", ""s"", ""ل"", ""s""]",BASE_NOT_CV,SUSPENDED
CVC,"[""ا"", ""s"", ""م"", ""s""]",BASE_NOT_CV,SUSPENDED
CVC,"[""ا"", ""s"", ""ن"", ""s""]",BASE_NOT_CV,SUSPENDED
CVC,"[""ا"", ""s"", ""ه"", ""s""]",BASE_NOT_CV,SUSPENDED
CVC,"[""ا"", ""s"", ""و"", ""s""]",BASE_NOT_CV,SUSPENDED
CVC,"[""ا"", ""s"", ""ي"", ""s""]",BASE_NOT_CV,SUSPENDED
CVC,"[""ا"", ""s"", ""ء"", ""s""]",BASE_NOT_CV,SUSPENDED
CVC,"[""ب"", ""a"", ""ا"", ""s""]",MODEL_ADMISSIBLE,SUSPENDED
CVC,"[""ب"", ""a"", ""ب"", ""s""]",MODEL_ADMISSIBLE,SUSPENDED
CVC,"[""ب"", ""a"", ""ت"", ""s""]",MODEL_ADMISSIBLE,SUSPENDED
CVC,"[""ب"", ""a"", ""ث"", ""s""]",MODEL_ADMISSIBLE,SUSPENDED
CVC,"[""ب"", ""a"", ""ج"", ""s""]",MODEL_ADMISSIBLE,SUSPENDED
CVC,"[""ب"", ""a"", ""ح"", ""s""]",MODEL_ADMISSIBLE,SUSPENDED
CVC,"[""ب"", ""a"", ""خ"", ""s""]",MODEL_ADMISSIBLE,SUSPENDED
CVC,"[""ب"", ""a"", ""د"", ""s""]",MODEL_ADMISSIBLE,SUSPENDED
CVC,"[""ب"", ""a"", ""ذ"", ""s""]",MODEL_ADMISSIBLE,SUSPENDED
CVC,"[""ب"", ""a"", ""ر"", ""s""]",MODEL_ADMISSIBLE,SUSPENDED
CVC,"[""ب"", ""a"", ""ز"", ""s""]",MODEL_ADMISSIBLE,SUSPENDED
CVC,"[""ب"", ""a"", ""س"", ""s""]",MODEL_ADMISSIBLE,SUSPENDED
CVC,"[""ب"", ""a"", ""ش"", ""s""]",MODEL_ADMISSIBLE,SUSPENDED
CVC,"[""ب"", ""a"", ""ص"", ""s""]",MODEL_ADMISSIBLE,SUSPENDED
CVC,"[""ب"", ""a"", ""ض"", ""s""]",MODEL_ADMISSIBLE,SUSPENDED
CVC,"[""ب"", ""a"", ""ط"", ""s""]",MODEL_ADMISSIBLE,SUSPENDED
CVC,"[""ب"", ""a"", ""ظ"", ""s""]",MODEL_ADMISSIBLE,SUSPENDED
CVC,"[""ب"", ""a"", ""ع"", ""s""]",MODEL_ADMISSIBLE,SUSPENDED
CVC,"[""ب"", ""a"", ""غ"", ""s""]",MODEL_ADMISSIBLE,SUSPENDED
CVC,"[""ب"", ""a"", ""ف"", ""s""]",MODEL_ADMISSIBLE,SUSPENDED
CVC,"[""ب"", ""a"", ""ق"", ""s""]",MODEL_ADMISSIBLE,SUSPENDED
CVC,"[""ب"", ""a"", ""ك"", ""s""]",MODEL_ADMISSIBLE,SUSPENDED
CVC,"[""ب"", ""a"", ""ل"", ""s""]",MODEL_ADMISSIBLE,SUSPENDED
CVC,"[""ب"", ""a"", ""م"", ""s""]",MODEL_ADMISSIBLE,SUSPENDED
CVC,"[""ب"", ""a"", ""ن"", ""s""]",MODEL_ADMISSIBLE,SUSPENDED
CVC,"[""ب"", ""a"", ""ه"", ""s""]",MODEL_ADMISSIBLE,SUSPENDED
CVC,"[""ب"", ""a"", ""و"", ""s""]",MODEL_ADMISSIBLE,SUSPENDED
CVC,"[""ب"", ""a"", ""ي"", ""s""]",MODEL_ADMISSIBLE,SUSPENDED
CVC,"[""ب"", ""a"", ""ء"", ""s""]",MODEL_ADMISSIBLE,SUSPENDED
CVC,"[""ب"", ""u"", ""ا"", ""s""]",MODEL_ADMISSIBLE,SUSPENDED
CVC,"[""ب"", ""u"", ""ب"", ""s""]",MODEL_ADMISSIBLE,SUSPENDED
CVC,"[""ب"", ""u"", ""ت"", ""s""]",MODEL_ADMISSIBLE,SUSPENDED
CVC,"[""ب"", ""u"", ""ث"", ""s""]",MODEL_ADMISSIBLE,SUSPENDED
CVC,"[""ب"", ""u"", ""ج"", ""s""]",MODEL_ADMISSIBLE,SUSPENDED
CVC,"[""ب"", ""u"", ""ح"", ""s""]",MODEL_ADMISSIBLE,SUSPENDED
CVC,"[""ب"", ""u"", ""خ"", ""s""]",MODEL_ADMISSIBLE,SUSPENDED
CVC,"[""ب"", ""u"", ""د"", ""s""]",MODEL_ADMISSIBLE,SUSPENDED
CVC,"[""ب"", ""u"", ""ذ"", ""s""]",MODEL_ADMISSIBLE,SUSPENDED
CVC,"[""ب"", ""u"", ""ر"", ""s""]",MODEL_ADMISSIBLE,SUSPENDED
CVC,"[""ب"", ""u"", ""ز"", ""s""]",MODEL_ADMISSIBLE,SUSPENDED
CVC,"[""ب"", ""u"", ""س"", ""s""]",MODEL_ADMISSIBLE,SUSPENDED
CVC,"[""ب"", ""u"", ""ش"", ""s""]",MODEL_ADMISSIBLE,SUSPENDED
CVC,"[""ب"", ""u"", ""ص"", ""s""]",MODEL_ADMISSIBLE,SUSPENDED
CVC,"[""ب"", ""u"", ""ض"", ""s""]",MODEL_ADMISSIBLE,SUSPENDED
CVC,"[""ب"", ""u"", ""ط"", ""s""]",MODEL_ADMISSIBLE,SUSPENDED
CVC,"[""ب"", ""u"", ""ظ"", ""s""]",MODEL_ADMISSIBLE,SUSPENDED
CVC,"[""ب"", ""u"", ""ع"", ""s""]",MODEL_ADMISSIBLE,SUSPENDED
CVC,"[""ب"", ""u"", ""غ"", ""s""]",MODEL_ADMISSIBLE,SUSPENDED
CVC,"[""ب"", ""u"", ""ف"", ""s""]",MODEL_ADMISSIBLE,SUSPENDED
CVC,"[""ب"", ""u"", ""ق"", ""s""]",MODEL_ADMISSIBLE,SUSPENDED
CVC,"[""ب"", ""u"", ""ك"", ""s""]",MODEL_ADMISSIBLE,SUSPENDED
CVC,"[""ب"", ""u"", ""ل"", ""s""]",MODEL_ADMISSIBLE,SUSPENDED
CVC,"[""ب"", ""u"", ""م"", ""s""]",MODEL_ADMISSIBLE,SUSPENDED
CVC,"[""ب"", ""u"", ""ن"", ""s""]",MODEL_ADMISSIBLE,SUSPENDED
CVC,"[""ب"", ""u"", ""ه"", ""s""]",MODEL_ADMISSIBLE,SUSPENDED
CVC,"[""ب"", ""u"", ""و"", ""s""]",MODEL_ADMISSIBLE,SUSPENDED
CVC,"[""ب"", ""u"", ""ي"", ""s""]",MODEL_ADMISSIBLE,SUSPENDED
CVC,"[""ب"", ""u"", ""ء"", ""s""]",MODEL_ADMISSIBLE,SUSPENDED
CVC,"[""ب"", ""i"", ""ا"", ""s""]",MODEL_ADMISSIBLE,SUSPENDED
CVC,"[""ب"", ""i"", ""ب"", ""s""]",MODEL_ADMISSIBLE,SUSPENDED
CVC,"[""ب"", ""i"", ""ت"", ""s""]",MODEL_ADMISSIBLE,SUSPENDED
CVC,"[""ب"", ""i"", ""ث"", ""s""]",MODEL_ADMISSIBLE,SUSPENDED
CVC,"[""ب"", ""i"", ""ج"", ""s""]",MODEL_ADMISSIBLE,SUSPENDED
CVC,"[""ب"", ""i"", ""ح"", ""s""]",MODEL_ADMISSIBLE,SUSPENDED
CVC,"[""ب"", ""i"", ""خ"", ""s""]",MODEL_ADMISSIBLE,SUSPENDED
CVC,"[""ب"", ""i"", ""د"", ""s""]",MODEL_ADMISSIBLE,SUSPENDED
CVC,"[""ب"", ""i"", ""ذ"", ""s""]",MODEL_ADMISSIBLE,SUSPENDED
CVC,"[""ب"", ""i"", ""ر"", ""s""]",MODEL_ADMISSIBLE,SUSPENDED
CVC,"[""ب"", ""i"", ""ز"", ""s""]",MODEL_ADMISSIBLE,SUSPENDED
CVC,"[""ب"", ""i"", ""س"", ""s""]",MODEL_ADMISSIBLE,SUSPENDED
CVC,"[""ب"", ""i"", ""ش"", ""s""]",MODEL_ADMISSIBLE,SUSPENDED
CVC,"[""ب"", ""i"", ""ص"", ""s""]",MODEL_ADMISSIBLE,SUSPENDED
CVC,"[""ب"", ""i"", ""ض"", ""s""]",MODEL_ADMISSIBLE,SUSPENDED
CVC,"[""ب"", ""i"", ""ط"", ""s""]",MODEL_ADMISSIBLE,SUSPENDED
CVC,"[""ب"", ""i"", ""ظ"", ""s""]",MODEL_ADMISSIBLE,SUSPENDED
CVC,"[""ب"", ""i"", ""ع"", ""s""]",MODEL_ADMISSIBLE,SUSPENDED
CVC,"[""ب"", ""i"", ""غ"", ""s""]",MODEL_ADMISSIBLE,SUSPENDED
CVC,"[""ب"", ""i"", ""ف"", ""s""]",MODEL_ADMISSIBLE,SUSPENDED
CVC,"[""ب"", ""i"", ""ق"", ""s""]",MODEL_ADMISSIBLE,SUSPENDED
CVC,"[""ب"", ""i"", ""ك"", ""s""]",MODEL_ADMISSIBLE,SUSPENDED
CVC,"[""ب"", ""i"", ""ل"", ""s""]",MODEL_ADMISSIBLE,SUSPENDED
CVC,"[""ب"", ""i"", ""م"", ""s""]",MODEL_ADMISSIBLE,SUSPENDED
CVC,"[""ب"", ""i"", ""ن"", ""s""]",MODEL_ADMISSIBLE,SUSPENDED
CVC,"[""ب"", ""i"", ""ه"", ""s""]",MODEL_ADMISSIBLE,SUSPENDED
CVC,"[""ب"", ""i"", ""و"", ""s""]",MODEL_ADMISSIBLE,SUSPENDED
CVC,"[""ب"", ""i"", ""ي"", ""s""]",MODEL_ADMISSIBLE,SUSPENDED
CVC,"[""ب"", ""i"", ""ء"", ""s""]",MODEL_ADMISSIBLE,SUSPENDED
CVC,"[""ب"", ""s"", ""ا"", ""s""]",BASE_NOT_CV,SUSPENDED
CVC,"[""ب"", ""s"", ""ب"", ""s""]",BASE_NOT_CV,SUSPENDED
CVC,"[""ب"", ""s"", ""ت"", ""s""]",BASE_NOT_CV,SUSPENDED
CVC,"[""ب"", ""s"", ""ث"", ""s""]",BASE_NOT_CV,SUSPENDED
CVC,"[""ب"", ""s"", ""ج"", ""s""]",BASE_NOT_CV,SUSPENDED
CVC,"[""ب"", ""s"", ""ح"", ""s""]",BASE_NOT_CV,SUSPENDED
CVC,"[""ب"", ""s"", ""خ"", ""s""]",BASE_NOT_CV,SUSPENDED
CVC,"[""ب"", ""s"", ""د"", ""s""]",BASE_NOT_CV,SUSPENDED
CVC,"[""ب"", ""s"", ""ذ"", ""s""]",BASE_NOT_CV,SUSPENDED
CVC,"[""ب"", ""s"", ""ر"", ""s""]",BASE_NOT_CV,SUSPENDED
CVC,"[""ب"", ""s"", ""ز"", ""s""]",BASE_NOT_CV,SUSPENDED
CVC,"[""ب"", ""s"", ""س"", ""s""]",BASE_NOT_CV,SUSPENDED
CVC,"[""ب"", ""s"", ""ش"", ""s""]",BASE_NOT_CV,SUSPENDED
CVC,"[""ب"", ""s"", ""ص"", ""s""]",BASE_NOT_CV,SUSPENDED
CVC,"[""ب"", ""s"", ""ض"", ""s""]",BASE_NOT_CV,SUSPENDED
CVC,"[""ب"", ""s"", ""ط"", ""s""]",BASE_NOT_CV,SUSPENDED
CVC,"[""ب"", ""s"", ""ظ"", ""s""]",BASE_NOT_CV,SUSPENDED
CVC,"[""ب"", ""s"", ""ع"", ""s""]",BASE_NOT_CV,SUSPENDED
CVC,"[""ب"", ""s"", ""غ"", ""s""]",BASE_NOT_CV,SUSPENDED
CVC,"[""ب"", ""s"", ""ف"", ""s""]",BASE_NOT_CV,SUSPENDED
CVC,"[""ب"", ""s"", ""ق"", ""s""]",BASE_NOT_CV,SUSPENDED
CVC,"[""ب"", ""s"", ""ك"", ""s""]",BASE_NOT_CV,SUSPENDED
CVC,"[""ب"", ""s"", ""ل"", ""s""]",BASE_NOT_CV,SUSPENDED
CVC,"[""ب"", ""s"", ""م"", ""s""]",BASE_NOT_CV,SUSPENDED
CVC,"[""ب"", ""s"", ""ن"", ""s""]",BASE_NOT_CV,SUSPENDED
CVC,"[""ب"", ""s"", ""ه"", ""s""]",BASE_NOT_CV,SUSPENDED
CVC,"[""ب"", ""s"", ""و"", ""s""]",BASE_NOT_CV,SUSPENDED
CVC,"[""ب"", ""s"", ""ي"", ""s""]",BASE_NOT_CV,SUSPENDED
CVC,"[""ب"", ""s"", ""ء"", ""s""]",BASE_NOT_CV,SUSPENDED
CVC,"[""ت"", ""a"", ""ا"", ""s""]",MODEL_ADMISSIBLE,SUSPENDED
CVC,"[""ت"", ""a"", ""ب"", ""s""]",MODEL_ADMISSIBLE,SUSPENDED
CVC,"[""ت"", ""a"", ""ت"", ""s""]",MODEL_ADMISSIBLE,SUSPENDED
CVC,"[""ت"", ""a"", ""ث"", ""s""]",MODEL_ADMISSIBLE,SUSPENDED
CVC,"[""ت"", ""a"", ""ج"", ""s""]",MODEL_ADMISSIBLE,SUSPENDED
CVC,"[""ت"", ""a"", ""ح"", ""s""]",MODEL_ADMISSIBLE,SUSPENDED
CVC,"[""ت"", ""a"", ""خ"", ""s""]",MODEL_ADMISSIBLE,SUSPENDED
CVC,"[""ت"", ""a"", ""د"", ""s""]",MODEL_ADMISSIBLE,SUSPENDED
CVC,"[""ت"", ""a"", ""ذ"", ""s""]",MODEL_ADMISSIBLE,SUSPENDED
CVC,"[""ت"", ""a"", ""ر"", ""s""]",MODEL_ADMISSIBLE,SUSPENDED
CVC,"[""ت"", ""a"", ""ز"", ""s""]",MODEL_ADMISSIBLE,SUSPENDED
CVC,"[""ت"", ""a"", ""س"", ""s""]",MODEL_ADMISSIBLE,SUSPENDED
CVC,"[""ت"", ""a"", ""ش"", ""s""]",MODEL_ADMISSIBLE,SUSPENDED
CVC,"[""ت"", ""a"", ""ص"", ""s""]",MODEL_ADMISSIBLE,SUSPENDED
CVC,"[""ت"", ""a"", ""ض"", ""s""]",MODEL_ADMISSIBLE,SUSPENDED
CVC,"[""ت"", ""a"", ""ط"", ""s""]",MODEL_ADMISSIBLE,SUSPENDED
CVC,"[""ت"", ""a"", ""ظ"", ""s""]",MODEL_ADMISSIBLE,SUSPENDED
CVC,"[""ت"", ""a"", ""ع"", ""s""]",MODEL_ADMISSIBLE,SUSPENDED
CVC,"[""ت"", ""a"", ""غ"", ""s""]",MODEL_ADMISSIBLE,SUSPENDED
CVC,"[""ت"", ""a"", ""ف"", ""s""]",MODEL_ADMISSIBLE,SUSPENDED
CVC,"[""ت"", ""a"", ""ق"", ""s""]",MODEL_ADMISSIBLE,SUSPENDED
CVC,"[""ت"", ""a"", ""ك"", ""s""]",MODEL_ADMISSIBLE,SUSPENDED
CVC,"[""ت"", ""a"", ""ل"", ""s""]",MODEL_ADMISSIBLE,SUSPENDED
CVC,"[""ت"", ""a"", ""م"", ""s""]",MODEL_ADMISSIBLE,SUSPENDED
CVC,"[""ت"", ""a"", ""ن"", ""s""]",MODEL_ADMISSIBLE,SUSPENDED
CVC,"[""ت"", ""a"", ""ه"", ""s""]",MODEL_ADMISSIBLE,SUSPENDED
CVC,"[""ت"", ""a"", ""و"", ""s""]",MODEL_ADMISSIBLE,SUSPENDED
CVC,"[""ت"", ""a"", ""ي"", ""s""]",MODEL_ADMISSIBLE,SUSPENDED
CVC,"[""ت"", ""a"", ""ء"", ""s""]",MODEL_ADMISSIBLE,SUSPENDED
CVC,"[""ت"", ""u"", ""ا"", ""s""]",MODEL_ADMISSIBLE,SUSPENDED
CVC,"[""ت"", ""u"", ""ب"", ""s""]",MODEL_ADMISSIBLE,SUSPENDED
CVC,"[""ت"", ""u"", ""ت"", ""s""]",MODEL_ADMISSIBLE,SUSPENDED
CVC,"[""ت"", ""u"", ""ث"", ""s""]",MODEL_ADMISSIBLE,SUSPENDED
CVC,"[""ت"", ""u"", ""ج"", ""s""]",MODEL_ADMISSIBLE,SUSPENDED
CVC,"[""ت"", ""u"", ""ح"", ""s""]",MODEL_ADMISSIBLE,SUSPENDED
CVC,"[""ت"", ""u"", ""خ"", ""s""]",MODEL_ADMISSIBLE,SUSPENDED
CVC,"[""ت"", ""u"", ""د"", ""s""]",MODEL_ADMISSIBLE,SUSPENDED
CVC,"[""ت"", ""u"", ""ذ"", ""s""]",MODEL_ADMISSIBLE,SUSPENDED
CVC,"[""ت"", ""u"", ""ر"", ""s""]",MODEL_ADMISSIBLE,SUSPENDED
CVC,"[""ت"", ""u"", ""ز"", ""s""]",MODEL_ADMISSIBLE,SUSPENDED
CVC,"[""ت"", ""u"", ""س"", ""s""]",MODEL_ADMISSIBLE,SUSPENDED
CVC,"[""ت"", ""u"", ""ش"", ""s""]",MODEL_ADMISSIBLE,SUSPENDED
CVC,"[""ت"", ""u"", ""ص"", ""s""]",MODEL_ADMISSIBLE,SUSPENDED
CVC,"[""ت"", ""u"", ""ض"", ""s""]",MODEL_ADMISSIBLE,SUSPENDED
CVC,"[""ت"", ""u"", ""ط"", ""s""]",MODEL_ADMISSIBLE,SUSPENDED
CVC,"[""ت"", ""u"", ""ظ"", ""s""]",MODEL_ADMISSIBLE,SUSPENDED
CVC,"[""ت"", ""u"", ""ع"", ""s""]",MODEL_ADMISSIBLE,SUSPENDED
CVC,"[""ت"", ""u"", ""غ"", ""s""]",MODEL_ADMISSIBLE,SUSPENDED
CVC,"[""ت"", ""u"", ""ف"", ""s""]",MODEL_ADMISSIBLE,SUSPENDED
CVC,"[""ت"", ""u"", ""ق"", ""s""]",MODEL_ADMISSIBLE,SUSPENDED
CVC,"[""ت"", ""u"", ""ك"", ""s""]",MODEL_ADMISSIBLE,SUSPENDED
CVC,"[""ت"", ""u"", ""ل"", ""s""]",MODEL_ADMISSIBLE,SUSPENDED
CVC,"[""ت"", ""u"", ""م"", ""s""]",MODEL_ADMISSIBLE,SUSPENDED
CVC,"[""ت"", ""u"", ""ن"", ""s""]",MODEL_ADMISSIBLE,SUSPENDED
CVC,"[""ت"", ""u"", ""ه"", ""s""]",MODEL_ADMISSIBLE,SUSPENDED
CVC,"[""ت"", ""u"", ""و"", ""s""]",MODEL_ADMISSIBLE,SUSPENDED
CVC,"[""ت"", ""u"", ""ي"", ""s""]",MODEL_ADMISSIBLE,SUSPENDED
CVC,"[""ت"", ""u"", ""ء"", ""s""]",MODEL_ADMISSIBLE,SUSPENDED
CVC,"[""ت"", ""i"", ""ا"", ""s""]",MODEL_ADMISSIBLE,SUSPENDED
CVC,"[""ت"", ""i"", ""ب"", ""s""]",MODEL_ADMISSIBLE,SUSPENDED
CVC,"[""ت"", ""i"", ""ت"", ""s""]",MODEL_ADMISSIBLE,SUSPENDED
CVC,"[""ت"", ""i"", ""ث"", ""s""]",MODEL_ADMISSIBLE,SUSPENDED
CVC,"[""ت"", ""i"", ""ج"", ""s""]",MODEL_ADMISSIBLE,SUSPENDED
CVC,"[""ت"", ""i"", ""ح"", ""s""]",MODEL_ADMISSIBLE,SUSPENDED
CVC,"[""ت"", ""i"", ""خ"", ""s""]",MODEL_ADMISSIBLE,SUSPENDED
CVC,"[""ت"", ""i"", ""د"", ""s""]",MODEL_ADMISSIBLE,SUSPENDED
CVC,"[""ت"", ""i"", ""ذ"", ""s""]",MODEL_ADMISSIBLE,SUSPENDED
CVC,"[""ت"", ""i"", ""ر"", ""s""]",MODEL_ADMISSIBLE,SUSPENDED
CVC,"[""ت"", ""i"", ""ز"", ""s""]",MODEL_ADMISSIBLE,SUSPENDED
CVC,"[""ت"", ""i"", ""س"", ""s""]",MODEL_ADMISSIBLE,SUSPENDED
CVC,"[""ت"", ""i"", ""ش"", ""s""]",MODEL_ADMISSIBLE,SUSPENDED
CVC,"[""ت"", ""i"", ""ص"", ""s""]",MODEL_ADMISSIBLE,SUSPENDED
CVC,"[""ت"", ""i"", ""ض"", ""s""]",MODEL_ADMISSIBLE,SUSPENDED
CVC,"[""ت"", ""i"", ""ط"", ""s""]",MODEL_ADMISSIBLE,SUSPENDED
CVC,"[""ت"", ""i"", ""ظ"", ""s""]",MODEL_ADMISSIBLE,SUSPENDED
CVC,"[""ت"", ""i"", ""ع"", ""s""]",MODEL_ADMISSIBLE,SUSPENDED
CVC,"[""ت"", ""i"", ""غ"", ""s""]",MODEL_ADMISSIBLE,SUSPENDED
CVC,"[""ت"", ""i"", ""ف"", ""s""]",MODEL_ADMISSIBLE,SUSPENDED
CVC,"[""ت"", ""i"", ""ق"", ""s""]",MODEL_ADMISSIBLE,SUSPENDED
CVC,"[""ت"", ""i"", ""ك"", ""s""]",MODEL_ADMISSIBLE,SUSPENDED
CVC,"[""ت"", ""i"", ""ل"", ""s""]",MODEL_ADMISSIBLE,SUSPENDED
CVC,"[""ت"", ""i"", ""م"", ""s""]",MODEL_ADMISSIBLE,SUSPENDED
CVC,"[""ت"", ""i"", ""ن"", ""s""]",MODEL_ADMISSIBLE,SUSPENDED
CVC,"[""ت"", ""i"", ""ه"", ""s""]",MODEL_ADMISSIBLE,SUSPENDED
CVC,"[""ت"", ""i"", ""و"", ""s""]",MODEL_ADMISSIBLE,SUSPENDED
CVC,"[""ت"", ""i"", ""ي"", ""s""]",MODEL_ADMISSIBLE,SUSPENDED
CVC,"[""ت"", ""i"", ""ء"", ""s""]",MODEL_ADMISSIBLE,SUSPENDED
CVC,"[""ت"", ""s"", ""ا"", ""s""]",BASE_NOT_CV,SUSPENDED
CVC,"[""ت"", ""s"", ""ب"", ""s""]",BASE_NOT_CV,SUSPENDED
CVC,"[""ت"", ""s"", ""ت"", ""s""]",BASE_NOT_CV,SUSPENDED
CVC,"[""ت"", ""s"", ""ث"", ""s""]",BASE_NOT_CV,SUSPENDED
CVC,"[""ت"", ""s"", ""ج"", ""s""]",BASE_NOT_CV,SUSPENDED
CVC,"[""ت"", ""s"", ""ح"", ""s""]",BASE_NOT_CV,SUSPENDED
CVC,"[""ت"", ""s"", ""خ"", ""s""]",BASE_NOT_CV,SUSPENDED
CVC,"[""ت"", ""s"", ""د"", ""s""]",BASE_NOT_CV,SUSPENDED
CVC,"[""ت"", ""s"", ""ذ"", ""s""]",BASE_NOT_CV,SUSPENDED
CVC,"[""ت"", ""s"", ""ر"", ""s""]",BASE_NOT_CV,SUSPENDED
CVC,"[""ت"", ""s"", ""ز"", ""s""]",BASE_NOT_CV,SUSPENDED
CVC,"[""ت"", ""s"", ""س"", ""s""]",BASE_NOT_CV,SUSPENDED
CVC,"[""ت"", ""s"", ""ش"", ""s""]",BASE_NOT_CV,SUSPENDED
CVC,"[""ت"", ""s"", ""ص"", ""s""]",BASE_NOT_CV,SUSPENDED
CVC,"[""ت"", ""s"", ""ض"", ""s""]",BASE_NOT_CV,SUSPENDED
CVC,"[""ت"", ""s"", ""ط"", ""s""]",BASE_NOT_CV,SUSPENDED
CVC,"[""ت"", ""s"", ""ظ"", ""s""]",BASE_NOT_CV,SUSPENDED
CVC,"[""ت"", ""s"", ""ع"", ""s""]",BASE_NOT_CV,SUSPENDED
CVC,"[""ت"", ""s"", ""غ"", ""s""]",BASE_NOT_CV,SUSPENDED
CVC,"[""ت"", ""s"", ""ف"", ""s""]",BASE_NOT_CV,SUSPENDED
CVC,"[""ت"", ""s"", ""ق"", ""s""]",BASE_NOT_CV,SUSPENDED
CVC,"[""ت"", ""s"", ""ك"", ""s""]",BASE_NOT_CV,SUSPENDED
CVC,"[""ت"", ""s"", ""ل"", ""s""]",BASE_NOT_CV,SUSPENDED
CVC,"[""ت"", ""s"", ""م"", ""s""]",BASE_NOT_CV,SUSPENDED
CVC,"[""ت"", ""s"", ""ن"", ""s""]",BASE_NOT_CV,SUSPENDED
CVC,"[""ت"", ""s"", ""ه"", ""s""]",BASE_NOT_CV,SUSPENDED
CVC,"[""ت"", ""s"", ""و"", ""s""]",BASE_NOT_CV,SUSPENDED
CVC,"[""ت"", ""s"", ""ي"", ""s""]",BASE_NOT_CV,SUSPENDED
CVC,"[""ت"", ""s"", ""ء"", ""s""]",BASE_NOT_CV,SUSPENDED
CVC,"[""ث"", ""a"", ""ا"", ""s""]",MODEL_ADMISSIBLE,SUSPENDED
CVC,"[""ث"", ""a"", ""ب"", ""s""]",MODEL_ADMISSIBLE,SUSPENDED
CVC,"[""ث"", ""a"", ""ت"", ""s""]",MODEL_ADMISSIBLE,SUSPENDED
CVC,"[""ث"", ""a"", ""ث"", ""s""]",MODEL_ADMISSIBLE,SUSPENDED
CVC,"[""ث"", ""a"", ""ج"", ""s""]",MODEL_ADMISSIBLE,SUSPENDED
CVC,"[""ث"", ""a"", ""ح"", ""s""]",MODEL_ADMISSIBLE,SUSPENDED
CVC,"[""ث"", ""a"", ""خ"", ""s""]",MODEL_ADMISSIBLE,SUSPENDED
CVC,"[""ث"", ""a"", ""د"", ""s""]",MODEL_ADMISSIBLE,SUSPENDED
CVC,"[""ث"", ""a"", ""ذ"", ""s""]",MODEL_ADMISSIBLE,SUSPENDED
CVC,"[""ث"", ""a"", ""ر"", ""s""]",MODEL_ADMISSIBLE,SUSPENDED
CVC,"[""ث"", ""a"", ""ز"", ""s""]",MODEL_ADMISSIBLE,SUSPENDED
CVC,"[""ث"", ""a"", ""س"", ""s""]",MODEL_ADMISSIBLE,SUSPENDED
CVC,"[""ث"", ""a"", ""ش"", ""s""]",MODEL_ADMISSIBLE,SUSPENDED
CVC,"[""ث"", ""a"", ""ص"", ""s""]",MODEL_ADMISSIBLE,SUSPENDED
CVC,"[""ث"", ""a"", ""ض"", ""s""]",MODEL_ADMISSIBLE,SUSPENDED
CVC,"[""ث"", ""a"", ""ط"", ""s""]",MODEL_ADMISSIBLE,SUSPENDED
CVC,"[""ث"", ""a"", ""ظ"", ""s""]",MODEL_ADMISSIBLE,SUSPENDED
CVC,"[""ث"", ""a"", ""ع"", ""s""]",MODEL_ADMISSIBLE,SUSPENDED
CVC,"[""ث"", ""a"", ""غ"", ""s""]",MODEL_ADMISSIBLE,SUSPENDED
CVC,"[""ث"", ""a"", ""ف"", ""s""]",MODEL_ADMISSIBLE,SUSPENDED
CVC,"[""ث"", ""a"", ""ق"", ""s""]",MODEL_ADMISSIBLE,SUSPENDED
CVC,"[""ث"", ""a"", ""ك"", ""s""]",MODEL_ADMISSIBLE,SUSPENDED
CVC,"[""ث"", ""a"", ""ل"", ""s""]",MODEL_ADMISSIBLE,SUSPENDED
CVC,"[""ث"", ""a"", ""م"", ""s""]",MODEL_ADMISSIBLE,SUSPENDED
CVC,"[""ث"", ""a"", ""ن"", ""s""]",MODEL_ADMISSIBLE,SUSPENDED
CVC,"[""ث"", ""a"", ""ه"", ""s""]",MODEL_ADMISSIBLE,SUSPENDED
CVC,"[""ث"", ""a"", ""و"", ""s""]",MODEL_ADMISSIBLE,SUSPENDED
CVC,"[""ث"", ""a"", ""ي"", ""s""]",MODEL_ADMISSIBLE,SUSPENDED
CVC,"[""ث"", ""a"", ""ء"", ""s""]",MODEL_ADMISSIBLE,SUSPENDED
CVC,"[""ث"", ""u"", ""ا"", ""s""]",MODEL_ADMISSIBLE,SUSPENDED
CVC,"[""ث"", ""u"", ""ب"", ""s""]",MODEL_ADMISSIBLE,SUSPENDED
CVC,"[""ث"", ""u"", ""ت"", ""s""]",MODEL_ADMISSIBLE,SUSPENDED
CVC,"[""ث"", ""u"", ""ث"", ""s""]",MODEL_ADMISSIBLE,SUSPENDED
CVC,"[""ث"", ""u"", ""ج"", ""s""]",MODEL_ADMISSIBLE,SUSPENDED
CVC,"[""ث"", ""u"", ""ح"", ""s""]",MODEL_ADMISSIBLE,SUSPENDED
CVC,"[""ث"", ""u"", ""خ"", ""s""]",MODEL_ADMISSIBLE,SUSPENDED
CVC,"[""ث"", ""u"", ""د"", ""s""]",MODEL_ADMISSIBLE,SUSPENDED
CVC,"[""ث"", ""u"", ""ذ"", ""s""]",MODEL_ADMISSIBLE,SUSPENDED
CVC,"[""ث"", ""u"", ""ر"", ""s""]",MODEL_ADMISSIBLE,SUSPENDED
CVC,"[""ث"", ""u"", ""ز"", ""s""]",MODEL_ADMISSIBLE,SUSPENDED
CVC,"[""ث"", ""u"", ""س"", ""s""]",MODEL_ADMISSIBLE,SUSPENDED
CVC,"[""ث"", ""u"", ""ش"", ""s""]",MODEL_ADMISSIBLE,SUSPENDED
CVC,"[""ث"", ""u"", ""ص"", ""s""]",MODEL_ADMISSIBLE,SUSPENDED
CVC,"[""ث"", ""u"", ""ض"", ""s""]",MODEL_ADMISSIBLE,SUSPENDED
CVC,"[""ث"", ""u"", ""ط"", ""s""]",MODEL_ADMISSIBLE,SUSPENDED
CVC,"[""ث"", ""u"", ""ظ"", ""s""]",MODEL_ADMISSIBLE,SUSPENDED
CVC,"[""ث"", ""u"", ""ع"", ""s""]",MODEL_ADMISSIBLE,SUSPENDED
CVC,"[""ث"", ""u"", ""غ"", ""s""]",MODEL_ADMISSIBLE,SUSPENDED
CVC,"[""ث"", ""u"", ""ف"", ""s""]",MODEL_ADMISSIBLE,SUSPENDED
CVC,"[""ث"", ""u"", ""ق"", ""s""]",MODEL_ADMISSIBLE,SUSPENDED
CVC,"[""ث"", ""u"", ""ك"", ""s""]",MODEL_ADMISSIBLE,SUSPENDED
CVC,"[""ث"", ""u"", ""ل"", ""s""]",MODEL_ADMISSIBLE,SUSPENDED
CVC,"[""ث"", ""u"", ""م"", ""s""]",MODEL_ADMISSIBLE,SUSPENDED
CVC,"[""ث"", ""u"", ""ن"", ""s""]",MODEL_ADMISSIBLE,SUSPENDED
CVC,"[""ث"", ""u"", ""ه"", ""s""]",MODEL_ADMISSIBLE,SUSPENDED
CVC,"[""ث"", ""u"", ""و"", ""s""]",MODEL_ADMISSIBLE,SUSPENDED
CVC,"[""ث"", ""u"", ""ي"", ""s""]",MODEL_ADMISSIBLE,SUSPENDED
CVC,"[""ث"", ""u"", ""ء"", ""s""]",MODEL_ADMISSIBLE,SUSPENDED
CVC,"[""ث"", ""i"", ""ا"", ""s""]",MODEL_ADMISSIBLE,SUSPENDED
CVC,"[""ث"", ""i"", ""ب"", ""s""]",MODEL_ADMISSIBLE,SUSPENDED
CVC,"[""ث"", ""i"", ""ت"", ""s""]",MODEL_ADMISSIBLE,SUSPENDED
CVC,"[""ث"", ""i"", ""ث"", ""s""]",MODEL_ADMISSIBLE,SUSPENDED
CVC,"[""ث"", ""i"", ""ج"", ""s""]",MODEL_ADMISSIBLE,SUSPENDED
CVC,"[""ث"", ""i"", ""ح"", ""s""]",MODEL_ADMISSIBLE,SUSPENDED
CVC,"[""ث"", ""i"", ""خ"", ""s""]",MODEL_ADMISSIBLE,SUSPENDED
CVC,"[""ث"", ""i"", ""د"", ""s""]",MODEL_ADMISSIBLE,SUSPENDED
CVC,"[""ث"", ""i"", ""ذ"", ""s""]",MODEL_ADMISSIBLE,SUSPENDED
CVC,"[""ث"", ""i"", ""ر"", ""s""]",MODEL_ADMISSIBLE,SUSPENDED
CVC,"[""ث"", ""i"", ""ز"", ""s""]",MODEL_ADMISSIBLE,SUSPENDED
CVC,"[""ث"", ""i"", ""س"", ""s""]",MODEL_ADMISSIBLE,SUSPENDED
CVC,"[""ث"", ""i"", ""ش"", ""s""]",MODEL_ADMISSIBLE,SUSPENDED
CVC,"[""ث"", ""i"", ""ص"", ""s""]",MODEL_ADMISSIBLE,SUSPENDED
CVC,"[""ث"", ""i"", ""ض"", ""s""]",MODEL_ADMISSIBLE,SUSPENDED
CVC,"[""ث"", ""i"", ""ط"", ""s""]",MODEL_ADMISSIBLE,SUSPENDED
CVC,"[""ث"", ""i"", ""ظ"", ""s""]",MODEL_ADMISSIBLE,SUSPENDED
CVC,"[""ث"", ""i"", ""ع"", ""s""]",MODEL_ADMISSIBLE,SUSPENDED
CVC,"[""ث"", ""i"", ""غ"", ""s""]",MODEL_ADMISSIBLE,SUSPENDED
CVC,"[""ث"", ""i"", ""ف"", ""s""]",MODEL_ADMISSIBLE,SUSPENDED
CVC,"[""ث"", ""i"", ""ق"", ""s""]",MODEL_ADMISSIBLE,SUSPENDED
CVC,"[""ث"", ""i"", ""ك"", ""s""]",MODEL_ADMISSIBLE,SUSPENDED
CVC,"[""ث"", ""i"", ""ل"", ""s""]",MODEL_ADMISSIBLE,SUSPENDED
CVC,"[""ث"", ""i"", ""م"", ""s""]",MODEL_ADMISSIBLE,SUSPENDED
CVC,"[""ث"", ""i"", ""ن"", ""s""]",MODEL_ADMISSIBLE,SUSPENDED
CVC,"[""ث"", ""i"", ""ه"", ""s""]",MODEL_ADMISSIBLE,SUSPENDED
CVC,"[""ث"", ""i"", ""و"", ""s""]",MODEL_ADMISSIBLE,SUSPENDED
CVC,"[""ث"", ""i"", ""ي"", ""s""]",MODEL_ADMISSIBLE,SUSPENDED
CVC,"[""ث"", ""i"", ""ء"", ""s""]",MODEL_ADMISSIBLE,SUSPENDED
CVC,"[""ث"", ""s"", ""ا"", ""s""]",BASE_NOT_CV,SUSPENDED
CVC,"[""ث"", ""s"", ""ب"", ""s""]",BASE_NOT_CV,SUSPENDED
CVC,"[""ث"", ""s"", ""ت"", ""s""]",BASE_NOT_CV,SUSPENDED
CVC,"[""ث"", ""s"", ""ث"", ""s""]",BASE_NOT_CV,SUSPENDED
CVC,"[""ث"", ""s"", ""ج"", ""s""]",BASE_NOT_CV,SUSPENDED
CVC,"[""ث"", ""s"", ""ح"", ""s""]",BASE_NOT_CV,SUSPENDED
CVC,"[""ث"", ""s"", ""خ"", ""s""]",BASE_NOT_CV,SUSPENDED
CVC,"[""ث"", ""s"", ""د"", ""s""]",BASE_NOT_CV,SUSPENDED
CVC,"[""ث"", ""s"", ""ذ"", ""s""]",BASE_NOT_CV,SUSPENDED
CVC,"[""ث"", ""s"", ""ر"", ""s""]",BASE_NOT_CV,SUSPENDED
CVC,"[""ث"", ""s"", ""ز"", ""s""]",BASE_NOT_CV,SUSPENDED
CVC,"[""ث"", ""s"", ""س"", ""s""]",BASE_NOT_CV,SUSPENDED
CVC,"[""ث"", ""s"", ""ش"", ""s""]",BASE_NOT_CV,SUSPENDED
CVC,"[""ث"", ""s"", ""ص"", ""s""]",BASE_NOT_CV,SUSPENDED
CVC,"[""ث"", ""s"", ""ض"", ""s""]",BASE_NOT_CV,SUSPENDED
CVC,"[""ث"", ""s"", ""ط"", ""s""]",BASE_NOT_CV,SUSPENDED
CVC,"[""ث"", ""s"", ""ظ"", ""s""]",BASE_NOT_CV,SUSPENDED
CVC,"[""ث"", ""s"", ""ع"", ""s""]",BASE_NOT_CV,SUSPENDED
CVC,"[""ث"", ""s"", ""غ"", ""s""]",BASE_NOT_CV,SUSPENDED
CVC,"[""ث"", ""s"", ""ف"", ""s""]",BASE_NOT_CV,SUSPENDED
CVC,"[""ث"", ""s"", ""ق"", ""s""]",BASE_NOT_CV,SUSPENDED
CVC,"[""ث"", ""s"", ""ك"", ""s""]",BASE_NOT_CV,SUSPENDED
CVC,"[""ث"", ""s"", ""ل"", ""s""]",BASE_NOT_CV,SUSPENDED
CVC,"[""ث"", ""s"", ""م"", ""s""]",BASE_NOT_CV,SUSPENDED
CVC,"[""ث"", ""s"", ""ن"", ""s""]",BASE_NOT_CV,SUSPENDED
CVC,"[""ث"", ""s"", ""ه"", ""s""]",BASE_NOT_CV,SUSPENDED
CVC,"[""ث"", ""s"", ""و"", ""s""]",BASE_NOT_CV,SUSPENDED
CVC,"[""ث"", ""s"", ""ي"", ""s""]",BASE_NOT_CV,SUSPENDED
CVC,"[""ث"", ""s"", ""ء"", ""s""]",BASE_NOT_CV,SUSPENDED
CVC,"[""ج"", ""a"", ""ا"", ""s""]",MODEL_ADMISSIBLE,SUSPENDED
CVC,"[""ج"", ""a"", ""ب"", ""s""]",MODEL_ADMISSIBLE,SUSPENDED
CVC,"[""ج"", ""a"", ""ت"", ""s""]",MODEL_ADMISSIBLE,SUSPENDED
CVC,"[""ج"", ""a"", ""ث"", ""s""]",MODEL_ADMISSIBLE,SUSPENDED
CVC,"[""ج"", ""a"", ""ج"", ""s""]",MODEL_ADMISSIBLE,SUSPENDED
CVC,"[""ج"", ""a"", ""ح"", ""s""]",MODEL_ADMISSIBLE,SUSPENDED
CVC,"[""ج"", ""a"", ""خ"", ""s""]",MODEL_ADMISSIBLE,SUSPENDED
CVC,"[""ج"", ""a"", ""د"", ""s""]",MODEL_ADMISSIBLE,SUSPENDED
CVC,"[""ج"", ""a"", ""ذ"", ""s""]",MODEL_ADMISSIBLE,SUSPENDED
CVC,"[""ج"", ""a"", ""ر"", ""s""]",MODEL_ADMISSIBLE,SUSPENDED
CVC,"[""ج"", ""a"", ""ز"", ""s""]",MODEL_ADMISSIBLE,SUSPENDED
CVC,"[""ج"", ""a"", ""س"", ""s""]",MODEL_ADMISSIBLE,SUSPENDED
CVC,"[""ج"", ""a"", ""ش"", ""s""]",MODEL_ADMISSIBLE,SUSPENDED
CVC,"[""ج"", ""a"", ""ص"", ""s""]",MODEL_ADMISSIBLE,SUSPENDED
CVC,"[""ج"", ""a"", ""ض"", ""s""]",MODEL_ADMISSIBLE,SUSPENDED
CVC,"[""ج"", ""a"", ""ط"", ""s""]",MODEL_ADMISSIBLE,SUSPENDED
CVC,"[""ج"", ""a"", ""ظ"", ""s""]",MODEL_ADMISSIBLE,SUSPENDED
CVC,"[""ج"", ""a"", ""ع"", ""s""]",MODEL_ADMISSIBLE,SUSPENDED
CVC,"[""ج"", ""a"", ""غ"", ""s""]",MODEL_ADMISSIBLE,SUSPENDED
CVC,"[""ج"", ""a"", ""ف"", ""s""]",MODEL_ADMISSIBLE,SUSPENDED
CVC,"[""ج"", ""a"", ""ق"", ""s""]",MODEL_ADMISSIBLE,SUSPENDED
CVC,"[""ج"", ""a"", ""ك"", ""s""]",MODEL_ADMISSIBLE,SUSPENDED
CVC,"[""ج"", ""a"", ""ل"", ""s""]",MODEL_ADMISSIBLE,SUSPENDED
CVC,"[""ج"", ""a"", ""م"", ""s""]",MODEL_ADMISSIBLE,SUSPENDED
CVC,"[""ج"", ""a"", ""ن"", ""s""]",MODEL_ADMISSIBLE,SUSPENDED
CVC,"[""ج"", ""a"", ""ه"", ""s""]",MODEL_ADMISSIBLE,SUSPENDED
CVC,"[""ج"", ""a"", ""و"", ""s""]",MODEL_ADMISSIBLE,SUSPENDED
CVC,"[""ج"", ""a"", ""ي"", ""s""]",MODEL_ADMISSIBLE,SUSPENDED
CVC,"[""ج"", ""a"", ""ء"", ""s""]",MODEL_ADMISSIBLE,SUSPENDED
CVC,"[""ج"", ""u"", ""ا"", ""s""]",MODEL_ADMISSIBLE,SUSPENDED
CVC,"[""ج"", ""u"", ""ب"", ""s""]",MODEL_ADMISSIBLE,SUSPENDED
CVC,"[""ج"", ""u"", ""ت"", ""s""]",MODEL_ADMISSIBLE,SUSPENDED
CVC,"[""ج"", ""u"", ""ث"", ""s""]",MODEL_ADMISSIBLE,SUSPENDED
CVC,"[""ج"", ""u"", ""ج"", ""s""]",MODEL_ADMISSIBLE,SUSPENDED
CVC,"[""ج"", ""u"", ""ح"", ""s""]",MODEL_ADMISSIBLE,SUSPENDED
CVC,"[""ج"", ""u"", ""خ"", ""s""]",MODEL_ADMISSIBLE,SUSPENDED
CVC,"[""ج"", ""u"", ""د"", ""s""]",MODEL_ADMISSIBLE,SUSPENDED
CVC,"[""ج"", ""u"", ""ذ"", ""s""]",MODEL_ADMISSIBLE,SUSPENDED
CVC,"[""ج"", ""u"", ""ر"", ""s""]",MODEL_ADMISSIBLE,SUSPENDED
CVC,"[""ج"", ""u"", ""ز"", ""s""]",MODEL_ADMISSIBLE,SUSPENDED
CVC,"[""ج"", ""u"", ""س"", ""s""]",MODEL_ADMISSIBLE,SUSPENDED
CVC,"[""ج"", ""u"", ""ش"", ""s""]",MODEL_ADMISSIBLE,SUSPENDED
CVC,"[""ج"", ""u"", ""ص"", ""s""]",MODEL_ADMISSIBLE,SUSPENDED
CVC,"[""ج"", ""u"", ""ض"", ""s""]",MODEL_ADMISSIBLE,SUSPENDED
CVC,"[""ج"", ""u"", ""ط"", ""s""]",MODEL_ADMISSIBLE,SUSPENDED
CVC,"[""ج"", ""u"", ""ظ"", ""s""]",MODEL_ADMISSIBLE,SUSPENDED
CVC,"[""ج"", ""u"", ""ع"", ""s""]",MODEL_ADMISSIBLE,SUSPENDED
CVC,"[""ج"", ""u"", ""غ"", ""s""]",MODEL_ADMISSIBLE,SUSPENDED
CVC,"[""ج"", ""u"", ""ف"", ""s""]",MODEL_ADMISSIBLE,SUSPENDED
CVC,"[""ج"", ""u"", ""ق"", ""s""]",MODEL_ADMISSIBLE,SUSPENDED
CVC,"[""ج"", ""u"", ""ك"", ""s""]",MODEL_ADMISSIBLE,SUSPENDED
CVC,"[""ج"", ""u"", ""ل"", ""s""]",MODEL_ADMISSIBLE,SUSPENDED
CVC,"[""ج"", ""u"", ""م"", ""s""]",MODEL_ADMISSIBLE,SUSPENDED
CVC,"[""ج"", ""u"", ""ن"", ""s""]",MODEL_ADMISSIBLE,SUSPENDED
CVC,"[""ج"", ""u"", ""ه"", ""s""]",MODEL_ADMISSIBLE,SUSPENDED
CVC,"[""ج"", ""u"", ""و"", ""s""]",MODEL_ADMISSIBLE,SUSPENDED
CVC,"[""ج"", ""u"", ""ي"", ""s""]",MODEL_ADMISSIBLE,SUSPENDED
CVC,"[""ج"", ""u"", ""ء"", ""s""]",MODEL_ADMISSIBLE,SUSPENDED
CVC,"[""ج"", ""i"", ""ا"", ""s""]",MODEL_ADMISSIBLE,SUSPENDED
CVC,"[""ج"", ""i"", ""ب"", ""s""]",MODEL_ADMISSIBLE,SUSPENDED
CVC,"[""ج"", ""i"", ""ت"", ""s""]",MODEL_ADMISSIBLE,SUSPENDED
CVC,"[""ج"", ""i"", ""ث"", ""s""]",MODEL_ADMISSIBLE,SUSPENDED
CVC,"[""ج"", ""i"", ""ج"", ""s""]",MODEL_ADMISSIBLE,SUSPENDED
CVC,"[""ج"", ""i"", ""ح"", ""s""]",MODEL_ADMISSIBLE,SUSPENDED
CVC,"[""ج"", ""i"", ""خ"", ""s""]",MODEL_ADMISSIBLE,SUSPENDED
CVC,"[""ج"", ""i"", ""د"", ""s""]",MODEL_ADMISSIBLE,SUSPENDED
CVC,"[""ج"", ""i"", ""ذ"", ""s""]",MODEL_ADMISSIBLE,SUSPENDED
CVC,"[""ج"", ""i"", ""ر"", ""s""]",MODEL_ADMISSIBLE,SUSPENDED
CVC,"[""ج"", ""i"", ""ز"", ""s""]",MODEL_ADMISSIBLE,SUSPENDED
CVC,"[""ج"", ""i"", ""س"", ""s""]",MODEL_ADMISSIBLE,SUSPENDED
CVC,"[""ج"", ""i"", ""ش"", ""s""]",MODEL_ADMISSIBLE,SUSPENDED
CVC,"[""ج"", ""i"", ""ص"", ""s""]",MODEL_ADMISSIBLE,SUSPENDED
CVC,"[""ج"", ""i"", ""ض"", ""s""]",MODEL_ADMISSIBLE,SUSPENDED
CVC,"[""ج"", ""i"", ""ط"", ""s""]",MODEL_ADMISSIBLE,SUSPENDED
CVC,"[""ج"", ""i"", ""ظ"", ""s""]",MODEL_ADMISSIBLE,SUSPENDED
CVC,"[""ج"", ""i"", ""ع"", ""s""]",MODEL_ADMISSIBLE,SUSPENDED
CVC,"[""ج"", ""i"", ""غ"", ""s""]",MODEL_ADMISSIBLE,SUSPENDED
CVC,"[""ج"", ""i"", ""ف"", ""s""]",MODEL_ADMISSIBLE,SUSPENDED
CVC,"[""ج"", ""i"", ""ق"", ""s""]",MODEL_ADMISSIBLE,SUSPENDED
CVC,"[""ج"", ""i"", ""ك"", ""s""]",MODEL_ADMISSIBLE,SUSPENDED
CVC,"[""ج"", ""i"", ""ل"", ""s""]",MODEL_ADMISSIBLE,SUSPENDED
CVC,"[""ج"", ""i"", ""م"", ""s""]",MODEL_ADMISSIBLE,SUSPENDED
CVC,"[""ج"", ""i"", ""ن"", ""s""]",MODEL_ADMISSIBLE,SUSPENDED
CVC,"[""ج"", ""i"", ""ه"", ""s""]",MODEL_ADMISSIBLE,SUSPENDED
CVC,"[""ج"", ""i"", ""و"", ""s""]",MODEL_ADMISSIBLE,SUSPENDED
CVC,"[""ج"", ""i"", ""ي"", ""s""]",MODEL_ADMISSIBLE,SUSPENDED
CVC,"[""ج"", ""i"", ""ء"", ""s""]",MODEL_ADMISSIBLE,SUSPENDED
CVC,"[""ج"", ""s"", ""ا"", ""s""]",BASE_NOT_CV,SUSPENDED
CVC,"[""ج"", ""s"", ""ب"", ""s""]",BASE_NOT_CV,SUSPENDED
CVC,"[""ج"", ""s"", ""ت"", ""s""]",BASE_NOT_CV,SUSPENDED
CVC,"[""ج"", ""s"", ""ث"", ""s""]",BASE_NOT_CV,SUSPENDED
CVC,"[""ج"", ""s"", ""ج"", ""s""]",BASE_NOT_CV,SUSPENDED
CVC,"[""ج"", ""s"", ""ح"", ""s""]",BASE_NOT_CV,SUSPENDED
CVC,"[""ج"", ""s"", ""خ"", ""s""]",BASE_NOT_CV,SUSPENDED
CVC,"[""ج"", ""s"", ""د"", ""s""]",BASE_NOT_CV,SUSPENDED
CVC,"[""ج"", ""s"", ""ذ"", ""s""]",BASE_NOT_CV,SUSPENDED
CVC,"[""ج"", ""s"", ""ر"", ""s""]",BASE_NOT_CV,SUSPENDED
CVC,"[""ج"", ""s"", ""ز"", ""s""]",BASE_NOT_CV,SUSPENDED
CVC,"[""ج"", ""s"", ""س"", ""s""]",BASE_NOT_CV,SUSPENDED
CVC,"[""ج"", ""s"", ""ش"", ""s""]",BASE_NOT_CV,SUSPENDED
CVC,"[""ج"", ""s"", ""ص"", ""s""]",BASE_NOT_CV,SUSPENDED
CVC,"[""ج"", ""s"", ""ض"", ""s""]",BASE_NOT_CV,SUSPENDED
CVC,"[""ج"", ""s"", ""ط"", ""s""]",BASE_NOT_CV,SUSPENDED
CVC,"[""ج"", ""s"", ""ظ"", ""s""]",BASE_NOT_CV,SUSPENDED
CVC,"[""ج"", ""s"", ""ع"", ""s""]",BASE_NOT_CV,SUSPENDED
CVC,"[""ج"", ""s"", ""غ"", ""s""]",BASE_NOT_CV,SUSPENDED
CVC,"[""ج"", ""s"", ""ف"", ""s""]",BASE_NOT_CV,SUSPENDED
CVC,"[""ج"", ""s"", ""ق"", ""s""]",BASE_NOT_CV,SUSPENDED
CVC,"[""ج"", ""s"", ""ك"", ""s""]",BASE_NOT_CV,SUSPENDED
CVC,"[""ج"", ""s"", ""ل"", ""s""]",BASE_NOT_CV,SUSPENDED
CVC,"[""ج"", ""s"", ""م"", ""s""]",BASE_NOT_CV,SUSPENDED
CVC,"[""ج"", ""s"", ""ن"", ""s""]",BASE_NOT_CV,SUSPENDED
CVC,"[""ج"", ""s"", ""ه"", ""s""]",BASE_NOT_CV,SUSPENDED
CVC,"[""ج"", ""s"", ""و"", ""s""]",BASE_NOT_CV,SUSPENDED
CVC,"[""ج"", ""s"", ""ي"", ""s""]",BASE_NOT_CV,SUSPENDED
CVC,"[""ج"", ""s"", ""ء"", ""s""]",BASE_NOT_CV,SUSPENDED
CVC,"[""ح"", ""a"", ""ا"", ""s""]",MODEL_ADMISSIBLE,SUSPENDED
CVC,"[""ح"", ""a"", ""ب"", ""s""]",MODEL_ADMISSIBLE,SUSPENDED
CVC,"[""ح"", ""a"", ""ت"", ""s""]",MODEL_ADMISSIBLE,SUSPENDED
CVC,"[""ح"", ""a"", ""ث"", ""s""]",MODEL_ADMISSIBLE,SUSPENDED
CVC,"[""ح"", ""a"", ""ج"", ""s""]",MODEL_ADMISSIBLE,SUSPENDED
CVC,"[""ح"", ""a"", ""ح"", ""s""]",MODEL_ADMISSIBLE,SUSPENDED
CVC,"[""ح"", ""a"", ""خ"", ""s""]",MODEL_ADMISSIBLE,SUSPENDED
CVC,"[""ح"", ""a"", ""د"", ""s""]",MODEL_ADMISSIBLE,SUSPENDED
CVC,"[""ح"", ""a"", ""ذ"", ""s""]",MODEL_ADMISSIBLE,SUSPENDED
CVC,"[""ح"", ""a"", ""ر"", ""s""]",MODEL_ADMISSIBLE,SUSPENDED
CVC,"[""ح"", ""a"", ""ز"", ""s""]",MODEL_ADMISSIBLE,SUSPENDED
CVC,"[""ح"", ""a"", ""س"", ""s""]",MODEL_ADMISSIBLE,SUSPENDED
CVC,"[""ح"", ""a"", ""ش"", ""s""]",MODEL_ADMISSIBLE,SUSPENDED
CVC,"[""ح"", ""a"", ""ص"", ""s""]",MODEL_ADMISSIBLE,SUSPENDED
CVC,"[""ح"", ""a"", ""ض"", ""s""]",MODEL_ADMISSIBLE,SUSPENDED
CVC,"[""ح"", ""a"", ""ط"", ""s""]",MODEL_ADMISSIBLE,SUSPENDED
CVC,"[""ح"", ""a"", ""ظ"", ""s""]",MODEL_ADMISSIBLE,SUSPENDED
CVC,"[""ح"", ""a"", ""ع"", ""s""]",MODEL_ADMISSIBLE,SUSPENDED
CVC,"[""ح"", ""a"", ""غ"", ""s""]",MODEL_ADMISSIBLE,SUSPENDED
CVC,"[""ح"", ""a"", ""ف"", ""s""]",MODEL_ADMISSIBLE,SUSPENDED
CVC,"[""ح"", ""a"", ""ق"", ""s""]",MODEL_ADMISSIBLE,SUSPENDED
CVC,"[""ح"", ""a"", ""ك"", ""s""]",MODEL_ADMISSIBLE,SUSPENDED
CVC,"[""ح"", ""a"", ""ل"", ""s""]",MODEL_ADMISSIBLE,SUSPENDED
CVC,"[""ح"", ""a"", ""م"", ""s""]",MODEL_ADMISSIBLE,SUSPENDED
CVC,"[""ح"", ""a"", ""ن"", ""s""]",MODEL_ADMISSIBLE,SUSPENDED
CVC,"[""ح"", ""a"", ""ه"", ""s""]",MODEL_ADMISSIBLE,SUSPENDED
CVC,"[""ح"", ""a"", ""و"", ""s""]",MODEL_ADMISSIBLE,SUSPENDED
CVC,"[""ح"", ""a"", ""ي"", ""s""]",MODEL_ADMISSIBLE,SUSPENDED
CVC,"[""ح"", ""a"", ""ء"", ""s""]",MODEL_ADMISSIBLE,SUSPENDED
CVC,"[""ح"", ""u"", ""ا"", ""s""]",MODEL_ADMISSIBLE,SUSPENDED
CVC,"[""ح"", ""u"", ""ب"", ""s""]",MODEL_ADMISSIBLE,SUSPENDED
CVC,"[""ح"", ""u"", ""ت"", ""s""]",MODEL_ADMISSIBLE,SUSPENDED
CVC,"[""ح"", ""u"", ""ث"", ""s""]",MODEL_ADMISSIBLE,SUSPENDED
CVC,"[""ح"", ""u"", ""ج"", ""s""]",MODEL_ADMISSIBLE,SUSPENDED
CVC,"[""ح"", ""u"", ""ح"", ""s""]",MODEL_ADMISSIBLE,SUSPENDED
CVC,"[""ح"", ""u"", ""خ"", ""s""]",MODEL_ADMISSIBLE,SUSPENDED
CVC,"[""ح"", ""u"", ""د"", ""s""]",MODEL_ADMISSIBLE,SUSPENDED
CVC,"[""ح"", ""u"", ""ذ"", ""s""]",MODEL_ADMISSIBLE,SUSPENDED
CVC,"[""ح"", ""u"", ""ر"", ""s""]",MODEL_ADMISSIBLE,SUSPENDED
CVC,"[""ح"", ""u"", ""ز"", ""s""]",MODEL_ADMISSIBLE,SUSPENDED
CVC,"[""ح"", ""u"", ""س"", ""s""]",MODEL_ADMISSIBLE,SUSPENDED
CVC,"[""ح"", ""u"", ""ش"", ""s""]",MODEL_ADMISSIBLE,SUSPENDED
CVC,"[""ح"", ""u"", ""ص"", ""s""]",MODEL_ADMISSIBLE,SUSPENDED
CVC,"[""ح"", ""u"", ""ض"", ""s""]",MODEL_ADMISSIBLE,SUSPENDED
CVC,"[""ح"", ""u"", ""ط"", ""s""]",MODEL_ADMISSIBLE,SUSPENDED
CVC,"[""ح"", ""u"", ""ظ"", ""s""]",MODEL_ADMISSIBLE,SUSPENDED
CVC,"[""ح"", ""u"", ""ع"", ""s""]",MODEL_ADMISSIBLE,SUSPENDED
CVC,"[""ح"", ""u"", ""غ"", ""s""]",MODEL_ADMISSIBLE,SUSPENDED
CVC,"[""ح"", ""u"", ""ف"", ""s""]",MODEL_ADMISSIBLE,SUSPENDED
CVC,"[""ح"", ""u"", ""ق"", ""s""]",MODEL_ADMISSIBLE,SUSPENDED
CVC,"[""ح"", ""u"", ""ك"", ""s""]",MODEL_ADMISSIBLE,SUSPENDED
CVC,"[""ح"", ""u"", ""ل"", ""s""]",MODEL_ADMISSIBLE,SUSPENDED
CVC,"[""ح"", ""u"", ""م"", ""s""]",MODEL_ADMISSIBLE,SUSPENDED
CVC,"[""ح"", ""u"", ""ن"", ""s""]",MODEL_ADMISSIBLE,SUSPENDED
CVC,"[""ح"", ""u"", ""ه"", ""s""]",MODEL_ADMISSIBLE,SUSPENDED
CVC,"[""ح"", ""u"", ""و"", ""s""]",MODEL_ADMISSIBLE,SUSPENDED
CVC,"[""ح"", ""u"", ""ي"", ""s""]",MODEL_ADMISSIBLE,SUSPENDED
CVC,"[""ح"", ""u"", ""ء"", ""s""]",MODEL_ADMISSIBLE,SUSPENDED
CVC,"[""ح"", ""i"", ""ا"", ""s""]",MODEL_ADMISSIBLE,SUSPENDED
CVC,"[""ح"", ""i"", ""ب"", ""s""]",MODEL_ADMISSIBLE,SUSPENDED
CVC,"[""ح"", ""i"", ""ت"", ""s""]",MODEL_ADMISSIBLE,SUSPENDED
CVC,"[""ح"", ""i"", ""ث"", ""s""]",MODEL_ADMISSIBLE,SUSPENDED
CVC,"[""ح"", ""i"", ""ج"", ""s""]",MODEL_ADMISSIBLE,SUSPENDED
CVC,"[""ح"", ""i"", ""ح"", ""s""]",MODEL_ADMISSIBLE,SUSPENDED
CVC,"[""ح"", ""i"", ""خ"", ""s""]",MODEL_ADMISSIBLE,SUSPENDED
CVC,"[""ح"", ""i"", ""د"", ""s""]",MODEL_ADMISSIBLE,SUSPENDED
CVC,"[""ح"", ""i"", ""ذ"", ""s""]",MODEL_ADMISSIBLE,SUSPENDED
CVC,"[""ح"", ""i"", ""ر"", ""s""]",MODEL_ADMISSIBLE,SUSPENDED
CVC,"[""ح"", ""i"", ""ز"", ""s""]",MODEL_ADMISSIBLE,SUSPENDED
CVC,"[""ح"", ""i"", ""س"", ""s""]",MODEL_ADMISSIBLE,SUSPENDED
CVC,"[""ح"", ""i"", ""ش"", ""s""]",MODEL_ADMISSIBLE,SUSPENDED
CVC,"[""ح"", ""i"", ""ص"", ""s""]",MODEL_ADMISSIBLE,SUSPENDED
CVC,"[""ح"", ""i"", ""ض"", ""s""]",MODEL_ADMISSIBLE,SUSPENDED
CVC,"[""ح"", ""i"", ""ط"", ""s""]",MODEL_ADMISSIBLE,SUSPENDED
CVC,"[""ح"", ""i"", ""ظ"", ""s""]",MODEL_ADMISSIBLE,SUSPENDED
CVC,"[""ح"", ""i"", ""ع"", ""s""]",MODEL_ADMISSIBLE,SUSPENDED
CVC,"[""ح"", ""i"", ""غ"", ""s""]",MODEL_ADMISSIBLE,SUSPENDED
CVC,"[""ح"", ""i"", ""ف"", ""s""]",MODEL_ADMISSIBLE,SUSPENDED
CVC,"[""ح"", ""i"", ""ق"", ""s""]",MODEL_ADMISSIBLE,SUSPENDED
CVC,"[""ح"", ""i"", ""ك"", ""s""]",MODEL_ADMISSIBLE,SUSPENDED
CVC,"[""ح"", ""i"", ""ل"", ""s""]",MODEL_ADMISSIBLE,SUSPENDED
CVC,"[""ح"", ""i"", ""م"", ""s""]",MODEL_ADMISSIBLE,SUSPENDED
CVC,"[""ح"", ""i"", ""ن"", ""s""]",MODEL_ADMISSIBLE,SUSPENDED
CVC,"[""ح"", ""i"", ""ه"", ""s""]",MODEL_ADMISSIBLE,SUSPENDED
CVC,"[""ح"", ""i"", ""و"", ""s""]",MODEL_ADMISSIBLE,SUSPENDED
CVC,"[""ح"", ""i"", ""ي"", ""s""]",MODEL_ADMISSIBLE,SUSPENDED
CVC,"[""ح"", ""i"", ""ء"", ""s""]",MODEL_ADMISSIBLE,SUSPENDED
CVC,"[""ح"", ""s"", ""ا"", ""s""]",BASE_NOT_CV,SUSPENDED
CVC,"[""ح"", ""s"", ""ب"", ""s""]",BASE_NOT_CV,SUSPENDED
CVC,"[""ح"", ""s"", ""ت"", ""s""]",BASE_NOT_CV,SUSPENDED
CVC,"[""ح"", ""s"", ""ث"", ""s""]",BASE_NOT_CV,SUSPENDED
CVC,"[""ح"", ""s"", ""ج"", ""s""]",BASE_NOT_CV,SUSPENDED
CVC,"[""ح"", ""s"", ""ح"", ""s""]",BASE_NOT_CV,SUSPENDED
CVC,"[""ح"", ""s"", ""خ"", ""s""]",BASE_NOT_CV,SUSPENDED
CVC,"[""ح"", ""s"", ""د"", ""s""]",BASE_NOT_CV,SUSPENDED
CVC,"[""ح"", ""s"", ""ذ"", ""s""]",BASE_NOT_CV,SUSPENDED
CVC,"[""ح"", ""s"", ""ر"", ""s""]",BASE_NOT_CV,SUSPENDED
CVC,"[""ح"", ""s"", ""ز"", ""s""]",BASE_NOT_CV,SUSPENDED
CVC,"[""ح"", ""s"", ""س"", ""s""]",BASE_NOT_CV,SUSPENDED
CVC,"[""ح"", ""s"", ""ش"", ""s""]",BASE_NOT_CV,SUSPENDED
CVC,"[""ح"", ""s"", ""ص"", ""s""]",BASE_NOT_CV,SUSPENDED
CVC,"[""ح"", ""s"", ""ض"", ""s""]",BASE_NOT_CV,SUSPENDED
CVC,"[""ح"", ""s"", ""ط"", ""s""]",BASE_NOT_CV,SUSPENDED
CVC,"[""ح"", ""s"", ""ظ"", ""s""]",BASE_NOT_CV,SUSPENDED
CVC,"[""ح"", ""s"", ""ع"", ""s""]",BASE_NOT_CV,SUSPENDED
CVC,"[""ح"", ""s"", ""غ"", ""s""]",BASE_NOT_CV,SUSPENDED
CVC,"[""ح"", ""s"", ""ف"", ""s""]",BASE_NOT_CV,SUSPENDED
CVC,"[""ح"", ""s"", ""ق"", ""s""]",BASE_NOT_CV,SUSPENDED
CVC,"[""ح"", ""s"", ""ك"", ""s""]",BASE_NOT_CV,SUSPENDED
CVC,"[""ح"", ""s"", ""ل"", ""s""]",BASE_NOT_CV,SUSPENDED
CVC,"[""ح"", ""s"", ""م"", ""s""]",BASE_NOT_CV,SUSPENDED
CVC,"[""ح"", ""s"", ""ن"", ""s""]",BASE_NOT_CV,SUSPENDED
CVC,"[""ح"", ""s"", ""ه"", ""s""]",BASE_NOT_CV,SUSPENDED
CVC,"[""ح"", ""s"", ""و"", ""s""]",BASE_NOT_CV,SUSPENDED
CVC,"[""ح"", ""s"", ""ي"", ""s""]",BASE_NOT_CV,SUSPENDED
CVC,"[""ح"", ""s"", ""ء"", ""s""]",BASE_NOT_CV,SUSPENDED
CVC,"[""خ"", ""a"", ""ا"", ""s""]",MODEL_ADMISSIBLE,SUSPENDED
CVC,"[""خ"", ""a"", ""ب"", ""s""]",MODEL_ADMISSIBLE,SUSPENDED
CVC,"[""خ"", ""a"", ""ت"", ""s""]",MODEL_ADMISSIBLE,SUSPENDED
CVC,"[""خ"", ""a"", ""ث"", ""s""]",MODEL_ADMISSIBLE,SUSPENDED
CVC,"[""خ"", ""a"", ""ج"", ""s""]",MODEL_ADMISSIBLE,SUSPENDED
CVC,"[""خ"", ""a"", ""ح"", ""s""]",MODEL_ADMISSIBLE,SUSPENDED
CVC,"[""خ"", ""a"", ""خ"", ""s""]",MODEL_ADMISSIBLE,SUSPENDED
CVC,"[""خ"", ""a"", ""د"", ""s""]",MODEL_ADMISSIBLE,SUSPENDED
CVC,"[""خ"", ""a"", ""ذ"", ""s""]",MODEL_ADMISSIBLE,SUSPENDED
CVC,"[""خ"", ""a"", ""ر"", ""s""]",MODEL_ADMISSIBLE,SUSPENDED
CVC,"[""خ"", ""a"", ""ز"", ""s""]",MODEL_ADMISSIBLE,SUSPENDED
CVC,"[""خ"", ""a"", ""س"", ""s""]",MODEL_ADMISSIBLE,SUSPENDED
CVC,"[""خ"", ""a"", ""ش"", ""s""]",MODEL_ADMISSIBLE,SUSPENDED
CVC,"[""خ"", ""a"", ""ص"", ""s""]",MODEL_ADMISSIBLE,SUSPENDED
CVC,"[""خ"", ""a"", ""ض"", ""s""]",MODEL_ADMISSIBLE,SUSPENDED
CVC,"[""خ"", ""a"", ""ط"", ""s""]",MODEL_ADMISSIBLE,SUSPENDED
CVC,"[""خ"", ""a"", ""ظ"", ""s""]",MODEL_ADMISSIBLE,SUSPENDED
CVC,"[""خ"", ""a"", ""ع"", ""s""]",MODEL_ADMISSIBLE,SUSPENDED
CVC,"[""خ"", ""a"", ""غ"", ""s""]",MODEL_ADMISSIBLE,SUSPENDED
CVC,"[""خ"", ""a"", ""ف"", ""s""]",MODEL_ADMISSIBLE,SUSPENDED
CVC,"[""خ"", ""a"", ""ق"", ""s""]",MODEL_ADMISSIBLE,SUSPENDED
CVC,"[""خ"", ""a"", ""ك"", ""s""]",MODEL_ADMISSIBLE,SUSPENDED
CVC,"[""خ"", ""a"", ""ل"", ""s""]",MODEL_ADMISSIBLE,SUSPENDED
CVC,"[""خ"", ""a"", ""م"", ""s""]",MODEL_ADMISSIBLE,SUSPENDED
CVC,"[""خ"", ""a"", ""ن"", ""s""]",MODEL_ADMISSIBLE,SUSPENDED
CVC,"[""خ"", ""a"", ""ه"", ""s""]",MODEL_ADMISSIBLE,SUSPENDED
CVC,"[""خ"", ""a"", ""و"", ""s""]",MODEL_ADMISSIBLE,SUSPENDED
CVC,"[""خ"", ""a"", ""ي"", ""s""]",MODEL_ADMISSIBLE,SUSPENDED
CVC,"[""خ"", ""a"", ""ء"", ""s""]",MODEL_ADMISSIBLE,SUSPENDED
CVC,"[""خ"", ""u"", ""ا"", ""s""]",MODEL_ADMISSIBLE,SUSPENDED
CVC,"[""خ"", ""u"", ""ب"", ""s""]",MODEL_ADMISSIBLE,SUSPENDED
CVC,"[""خ"", ""u"", ""ت"", ""s""]",MODEL_ADMISSIBLE,SUSPENDED
CVC,"[""خ"", ""u"", ""ث"", ""s""]",MODEL_ADMISSIBLE,SUSPENDED
CVC,"[""خ"", ""u"", ""ج"", ""s""]",MODEL_ADMISSIBLE,SUSPENDED
CVC,"[""خ"", ""u"", ""ح"", ""s""]",MODEL_ADMISSIBLE,SUSPENDED
CVC,"[""خ"", ""u"", ""خ"", ""s""]",MODEL_ADMISSIBLE,SUSPENDED
CVC,"[""خ"", ""u"", ""د"", ""s""]",MODEL_ADMISSIBLE,SUSPENDED
CVC,"[""خ"", ""u"", ""ذ"", ""s""]",MODEL_ADMISSIBLE,SUSPENDED
CVC,"[""خ"", ""u"", ""ر"", ""s""]",MODEL_ADMISSIBLE,SUSPENDED
CVC,"[""خ"", ""u"", ""ز"", ""s""]",MODEL_ADMISSIBLE,SUSPENDED
CVC,"[""خ"", ""u"", ""س"", ""s""]",MODEL_ADMISSIBLE,SUSPENDED
CVC,"[""خ"", ""u"", ""ش"", ""s""]",MODEL_ADMISSIBLE,SUSPENDED
CVC,"[""خ"", ""u"", ""ص"", ""s""]",MODEL_ADMISSIBLE,SUSPENDED
CVC,"[""خ"", ""u"", ""ض"", ""s""]",MODEL_ADMISSIBLE,SUSPENDED
CVC,"[""خ"", ""u"", ""ط"", ""s""]",MODEL_ADMISSIBLE,SUSPENDED
CVC,"[""خ"", ""u"", ""ظ"", ""s""]",MODEL_ADMISSIBLE,SUSPENDED
CVC,"[""خ"", ""u"", ""ع"", ""s""]",MODEL_ADMISSIBLE,SUSPENDED
CVC,"[""خ"", ""u"", ""غ"", ""s""]",MODEL_ADMISSIBLE,SUSPENDED
CVC,"[""خ"", ""u"", ""ف"", ""s""]",MODEL_ADMISSIBLE,SUSPENDED
CVC,"[""خ"", ""u"", ""ق"", ""s""]",MODEL_ADMISSIBLE,SUSPENDED
CVC,"[""خ"", ""u"", ""ك"", ""s""]",MODEL_ADMISSIBLE,SUSPENDED
CVC,"[""خ"", ""u"", ""ل"", ""s""]",MODEL_ADMISSIBLE,SUSPENDED
CVC,"[""خ"", ""u"", ""م"", ""s""]",MODEL_ADMISSIBLE,SUSPENDED
CVC,"[""خ"", ""u"", ""ن"", ""s""]",MODEL_ADMISSIBLE,SUSPENDED
CVC,"[""خ"", ""u"", ""ه"", ""s""]",MODEL_ADMISSIBLE,SUSPENDED
CVC,"[""خ"", ""u"", ""و"", ""s""]",MODEL_ADMISSIBLE,SUSPENDED
CVC,"[""خ"", ""u"", ""ي"", ""s""]",MODEL_ADMISSIBLE,SUSPENDED
CVC,"[""خ"", ""u"", ""ء"", ""s""]",MODEL_ADMISSIBLE,SUSPENDED
CVC,"[""خ"", ""i"", ""ا"", ""s""]",MODEL_ADMISSIBLE,SUSPENDED
CVC,"[""خ"", ""i"", ""ب"", ""s""]",MODEL_ADMISSIBLE,SUSPENDED
CVC,"[""خ"", ""i"", ""ت"", ""s""]",MODEL_ADMISSIBLE,SUSPENDED
CVC,"[""خ"", ""i"", ""ث"", ""s""]",MODEL_ADMISSIBLE,SUSPENDED
CVC,"[""خ"", ""i"", ""ج"", ""s""]",MODEL_ADMISSIBLE,SUSPENDED
CVC,"[""خ"", ""i"", ""ح"", ""s""]",MODEL_ADMISSIBLE,SUSPENDED
CVC,"[""خ"", ""i"", ""خ"", ""s""]",MODEL_ADMISSIBLE,SUSPENDED
CVC,"[""خ"", ""i"", ""د"", ""s""]",MODEL_ADMISSIBLE,SUSPENDED
CVC,"[""خ"", ""i"", ""ذ"", ""s""]",MODEL_ADMISSIBLE,SUSPENDED
CVC,"[""خ"", ""i"", ""ر"", ""s""]",MODEL_ADMISSIBLE,SUSPENDED
CVC,"[""خ"", ""i"", ""ز"", ""s""]",MODEL_ADMISSIBLE,SUSPENDED
CVC,"[""خ"", ""i"", ""س"", ""s""]",MODEL_ADMISSIBLE,SUSPENDED
CVC,"[""خ"", ""i"", ""ش"", ""s""]",MODEL_ADMISSIBLE,SUSPENDED
CVC,"[""خ"", ""i"", ""ص"", ""s""]",MODEL_ADMISSIBLE,SUSPENDED
CVC,"[""خ"", ""i"", ""ض"", ""s""]",MODEL_ADMISSIBLE,SUSPENDED
CVC,"[""خ"", ""i"", ""ط"", ""s""]",MODEL_ADMISSIBLE,SUSPENDED
CVC,"[""خ"", ""i"", ""ظ"", ""s""]",MODEL_ADMISSIBLE,SUSPENDED
CVC,"[""خ"", ""i"", ""ع"", ""s""]",MODEL_ADMISSIBLE,SUSPENDED
CVC,"[""خ"", ""i"", ""غ"", ""s""]",MODEL_ADMISSIBLE,SUSPENDED
CVC,"[""خ"", ""i"", ""ف"", ""s""]",MODEL_ADMISSIBLE,SUSPENDED
CVC,"[""خ"", ""i"", ""ق"", ""s""]",MODEL_ADMISSIBLE,SUSPENDED
CVC,"[""خ"", ""i"", ""ك"", ""s""]",MODEL_ADMISSIBLE,SUSPENDED
CVC,"[""خ"", ""i"", ""ل"", ""s""]",MODEL_ADMISSIBLE,SUSPENDED
CVC,"[""خ"", ""i"", ""م"", ""s""]",MODEL_ADMISSIBLE,SUSPENDED
CVC,"[""خ"", ""i"", ""ن"", ""s""]",MODEL_ADMISSIBLE,SUSPENDED
CVC,"[""خ"", ""i"", ""ه"", ""s""]",MODEL_ADMISSIBLE,SUSPENDED
CVC,"[""خ"", ""i"", ""و"", ""s""]",MODEL_ADMISSIBLE,SUSPENDED
CVC,"[""خ"", ""i"", ""ي"", ""s""]",MODEL_ADMISSIBLE,SUSPENDED
CVC,"[""خ"", ""i"", ""ء"", ""s""]",MODEL_ADMISSIBLE,SUSPENDED
CVC,"[""خ"", ""s"", ""ا"", ""s""]",BASE_NOT_CV,SUSPENDED
CVC,"[""خ"", ""s"", ""ب"", ""s""]",BASE_NOT_CV,SUSPENDED
CVC,"[""خ"", ""s"", ""ت"", ""s""]",BASE_NOT_CV,SUSPENDED
CVC,"[""خ"", ""s"", ""ث"", ""s""]",BASE_NOT_CV,SUSPENDED
CVC,"[""خ"", ""s"", ""ج"", ""s""]",BASE_NOT_CV,SUSPENDED
CVC,"[""خ"", ""s"", ""ح"", ""s""]",BASE_NOT_CV,SUSPENDED
CVC,"[""خ"", ""s"", ""خ"", ""s""]",BASE_NOT_CV,SUSPENDED
CVC,"[""خ"", ""s"", ""د"", ""s""]",BASE_NOT_CV,SUSPENDED
CVC,"[""خ"", ""s"", ""ذ"", ""s""]",BASE_NOT_CV,SUSPENDED
CVC,"[""خ"", ""s"", ""ر"", ""s""]",BASE_NOT_CV,SUSPENDED
CVC,"[""خ"", ""s"", ""ز"", ""s""]",BASE_NOT_CV,SUSPENDED
CVC,"[""خ"", ""s"", ""س"", ""s""]",BASE_NOT_CV,SUSPENDED
CVC,"[""خ"", ""s"", ""ش"", ""s""]",BASE_NOT_CV,SUSPENDED
CVC,"[""خ"", ""s"", ""ص"", ""s""]",BASE_NOT_CV,SUSPENDED
CVC,"[""خ"", ""s"", ""ض"", ""s""]",BASE_NOT_CV,SUSPENDED
CVC,"[""خ"", ""s"", ""ط"", ""s""]",BASE_NOT_CV,SUSPENDED
CVC,"[""خ"", ""s"", ""ظ"", ""s""]",BASE_NOT_CV,SUSPENDED
CVC,"[""خ"", ""s"", ""ع"", ""s""]",BASE_NOT_CV,SUSPENDED
CVC,"[""خ"", ""s"", ""غ"", ""s""]",BASE_NOT_CV,SUSPENDED
CVC,"[""خ"", ""s"", ""ف"", ""s""]",BASE_NOT_CV,SUSPENDED
CVC,"[""خ"", ""s"", ""ق"", ""s""]",BASE_NOT_CV,SUSPENDED
CVC,"[""خ"", ""s"", ""ك"", ""s""]",BASE_NOT_CV,SUSPENDED
CVC,"[""خ"", ""s"", ""ل"", ""s""]",BASE_NOT_CV,SUSPENDED
CVC,"[""خ"", ""s"", ""م"", ""s""]",BASE_NOT_CV,SUSPENDED
CVC,"[""خ"", ""s"", ""ن"", ""s""]",BASE_NOT_CV,SUSPENDED
CVC,"[""خ"", ""s"", ""ه"", ""s""]",BASE_NOT_CV,SUSPENDED
CVC,"[""خ"", ""s"", ""و"", ""s""]",BASE_NOT_CV,SUSPENDED
CVC,"[""خ"", ""s"", ""ي"", ""s""]",BASE_NOT_CV,SUSPENDED
CVC,"[""خ"", ""s"", ""ء"", ""s""]",BASE_NOT_CV,SUSPENDED
CVC,"[""د"", ""a"", ""ا"", ""s""]",MODEL_ADMISSIBLE,SUSPENDED
CVC,"[""د"", ""a"", ""ب"", ""s""]",MODEL_ADMISSIBLE,SUSPENDED
CVC,"[""د"", ""a"", ""ت"", ""s""]",MODEL_ADMISSIBLE,SUSPENDED
CVC,"[""د"", ""a"", ""ث"", ""s""]",MODEL_ADMISSIBLE,SUSPENDED
CVC,"[""د"", ""a"", ""ج"", ""s""]",MODEL_ADMISSIBLE,SUSPENDED
CVC,"[""د"", ""a"", ""ح"", ""s""]",MODEL_ADMISSIBLE,SUSPENDED
CVC,"[""د"", ""a"", ""خ"", ""s""]",MODEL_ADMISSIBLE,SUSPENDED
CVC,"[""د"", ""a"", ""د"", ""s""]",MODEL_ADMISSIBLE,SUSPENDED
CVC,"[""د"", ""a"", ""ذ"", ""s""]",MODEL_ADMISSIBLE,SUSPENDED
CVC,"[""د"", ""a"", ""ر"", ""s""]",MODEL_ADMISSIBLE,SUSPENDED
CVC,"[""د"", ""a"", ""ز"", ""s""]",MODEL_ADMISSIBLE,SUSPENDED
CVC,"[""د"", ""a"", ""س"", ""s""]",MODEL_ADMISSIBLE,SUSPENDED
CVC,"[""د"", ""a"", ""ش"", ""s""]",MODEL_ADMISSIBLE,SUSPENDED
CVC,"[""د"", ""a"", ""ص"", ""s""]",MODEL_ADMISSIBLE,SUSPENDED
CVC,"[""د"", ""a"", ""ض"", ""s""]",MODEL_ADMISSIBLE,SUSPENDED
CVC,"[""د"", ""a"", ""ط"", ""s""]",MODEL_ADMISSIBLE,SUSPENDED
CVC,"[""د"", ""a"", ""ظ"", ""s""]",MODEL_ADMISSIBLE,SUSPENDED
CVC,"[""د"", ""a"", ""ع"", ""s""]",MODEL_ADMISSIBLE,SUSPENDED
CVC,"[""د"", ""a"", ""غ"", ""s""]",MODEL_ADMISSIBLE,SUSPENDED
CVC,"[""د"", ""a"", ""ف"", ""s""]",MODEL_ADMISSIBLE,SUSPENDED
CVC,"[""د"", ""a"", ""ق"", ""s""]",MODEL_ADMISSIBLE,SUSPENDED
CVC,"[""د"", ""a"", ""ك"", ""s""]",MODEL_ADMISSIBLE,SUSPENDED
CVC,"[""د"", ""a"", ""ل"", ""s""]",MODEL_ADMISSIBLE,SUSPENDED
CVC,"[""د"", ""a"", ""م"", ""s""]",MODEL_ADMISSIBLE,SUSPENDED
CVC,"[""د"", ""a"", ""ن"", ""s""]",MODEL_ADMISSIBLE,SUSPENDED
CVC,"[""د"", ""a"", ""ه"", ""s""]",MODEL_ADMISSIBLE,SUSPENDED
CVC,"[""د"", ""a"", ""و"", ""s""]",MODEL_ADMISSIBLE,SUSPENDED
CVC,"[""د"", ""a"", ""ي"", ""s""]",MODEL_ADMISSIBLE,SUSPENDED
CVC,"[""د"", ""a"", ""ء"", ""s""]",MODEL_ADMISSIBLE,SUSPENDED
CVC,"[""د"", ""u"", ""ا"", ""s""]",MODEL_ADMISSIBLE,SUSPENDED
CVC,"[""د"", ""u"", ""ب"", ""s""]",MODEL_ADMISSIBLE,SUSPENDED
CVC,"[""د"", ""u"", ""ت"", ""s""]",MODEL_ADMISSIBLE,SUSPENDED
CVC,"[""د"", ""u"", ""ث"", ""s""]",MODEL_ADMISSIBLE,SUSPENDED
CVC,"[""د"", ""u"", ""ج"", ""s""]",MODEL_ADMISSIBLE,SUSPENDED
CVC,"[""د"", ""u"", ""ح"", ""s""]",MODEL_ADMISSIBLE,SUSPENDED
CVC,"[""د"", ""u"", ""خ"", ""s""]",MODEL_ADMISSIBLE,SUSPENDED
CVC,"[""د"", ""u"", ""د"", ""s""]",MODEL_ADMISSIBLE,SUSPENDED
CVC,"[""د"", ""u"", ""ذ"", ""s""]",MODEL_ADMISSIBLE,SUSPENDED
CVC,"[""د"", ""u"", ""ر"", ""s""]",MODEL_ADMISSIBLE,SUSPENDED
CVC,"[""د"", ""u"", ""ز"", ""s""]",MODEL_ADMISSIBLE,SUSPENDED
CVC,"[""د"", ""u"", ""س"", ""s""]",MODEL_ADMISSIBLE,SUSPENDED
CVC,"[""د"", ""u"", ""ش"", ""s""]",MODEL_ADMISSIBLE,SUSPENDED
CVC,"[""د"", ""u"", ""ص"", ""s""]",MODEL_ADMISSIBLE,SUSPENDED
CVC,"[""د"", ""u"", ""ض"", ""s""]",MODEL_ADMISSIBLE,SUSPENDED
CVC,"[""د"", ""u"", ""ط"", ""s""]",MODEL_ADMISSIBLE,SUSPENDED
CVC,"[""د"", ""u"", ""ظ"", ""s""]",MODEL_ADMISSIBLE,SUSPENDED
CVC,"[""د"", ""u"", ""ع"", ""s""]",MODEL_ADMISSIBLE,SUSPENDED
CVC,"[""د"", ""u"", ""غ"", ""s""]",MODEL_ADMISSIBLE,SUSPENDED
CVC,"[""د"", ""u"", ""ف"", ""s""]",MODEL_ADMISSIBLE,SUSPENDED
CVC,"[""د"", ""u"", ""ق"", ""s""]",MODEL_ADMISSIBLE,SUSPENDED
CVC,"[""د"", ""u"", ""ك"", ""s""]",MODEL_ADMISSIBLE,SUSPENDED
CVC,"[""د"", ""u"", ""ل"", ""s""]",MODEL_ADMISSIBLE,SUSPENDED
CVC,"[""د"", ""u"", ""م"", ""s""]",MODEL_ADMISSIBLE,SUSPENDED
CVC,"[""د"", ""u"", ""ن"", ""s""]",MODEL_ADMISSIBLE,SUSPENDED
CVC,"[""د"", ""u"", ""ه"", ""s""]",MODEL_ADMISSIBLE,SUSPENDED
CVC,"[""د"", ""u"", ""و"", ""s""]",MODEL_ADMISSIBLE,SUSPENDED
CVC,"[""د"", ""u"", ""ي"", ""s""]",MODEL_ADMISSIBLE,SUSPENDED
CVC,"[""د"", ""u"", ""ء"", ""s""]",MODEL_ADMISSIBLE,SUSPENDED
CVC,"[""د"", ""i"", ""ا"", ""s""]",MODEL_ADMISSIBLE,SUSPENDED
CVC,"[""د"", ""i"", ""ب"", ""s""]",MODEL_ADMISSIBLE,SUSPENDED
CVC,"[""د"", ""i"", ""ت"", ""s""]",MODEL_ADMISSIBLE,SUSPENDED
CVC,"[""د"", ""i"", ""ث"", ""s""]",MODEL_ADMISSIBLE,SUSPENDED
CVC,"[""د"", ""i"", ""ج"", ""s""]",MODEL_ADMISSIBLE,SUSPENDED
CVC,"[""د"", ""i"", ""ح"", ""s""]",MODEL_ADMISSIBLE,SUSPENDED
CVC,"[""د"", ""i"", ""خ"", ""s""]",MODEL_ADMISSIBLE,SUSPENDED
CVC,"[""د"", ""i"", ""د"", ""s""]",MODEL_ADMISSIBLE,SUSPENDED
CVC,"[""د"", ""i"", ""ذ"", ""s""]",MODEL_ADMISSIBLE,SUSPENDED
CVC,"[""د"", ""i"", ""ر"", ""s""]",MODEL_ADMISSIBLE,SUSPENDED
CVC,"[""د"", ""i"", ""ز"", ""s""]",MODEL_ADMISSIBLE,SUSPENDED
CVC,"[""د"", ""i"", ""س"", ""s""]",MODEL_ADMISSIBLE,SUSPENDED
CVC,"[""د"", ""i"", ""ش"", ""s""]",MODEL_ADMISSIBLE,SUSPENDED
CVC,"[""د"", ""i"", ""ص"", ""s""]",MODEL_ADMISSIBLE,SUSPENDED
CVC,"[""د"", ""i"", ""ض"", ""s""]",MODEL_ADMISSIBLE,SUSPENDED
CVC,"[""د"", ""i"", ""ط"", ""s""]",MODEL_ADMISSIBLE,SUSPENDED
CVC,"[""د"", ""i"", ""ظ"", ""s""]",MODEL_ADMISSIBLE,SUSPENDED
CVC,"[""د"", ""i"", ""ع"", ""s""]",MODEL_ADMISSIBLE,SUSPENDED
CVC,"[""د"", ""i"", ""غ"", ""s""]",MODEL_ADMISSIBLE,SUSPENDED
CVC,"[""د"", ""i"", ""ف"", ""s""]",MODEL_ADMISSIBLE,SUSPENDED
CVC,"[""د"", ""i"", ""ق"", ""s""]",MODEL_ADMISSIBLE,SUSPENDED
CVC,"[""د"", ""i"", ""ك"", ""s""]",MODEL_ADMISSIBLE,SUSPENDED
CVC,"[""د"", ""i"", ""ل"", ""s""]",MODEL_ADMISSIBLE,SUSPENDED
CVC,"[""د"", ""i"", ""م"", ""s""]",MODEL_ADMISSIBLE,SUSPENDED
CVC,"[""د"", ""i"", ""ن"", ""s""]",MODEL_ADMISSIBLE,SUSPENDED
CVC,"[""د"", ""i"", ""ه"", ""s""]",MODEL_ADMISSIBLE,SUSPENDED
CVC,"[""د"", ""i"", ""و"", ""s""]",MODEL_ADMISSIBLE,SUSPENDED
CVC,"[""د"", ""i"", ""ي"", ""s""]",MODEL_ADMISSIBLE,SUSPENDED
CVC,"[""د"", ""i"", ""ء"", ""s""]",MODEL_ADMISSIBLE,SUSPENDED
CVC,"[""د"", ""s"", ""ا"", ""s""]",BASE_NOT_CV,SUSPENDED
CVC,"[""د"", ""s"", ""ب"", ""s""]",BASE_NOT_CV,SUSPENDED
CVC,"[""د"", ""s"", ""ت"", ""s""]",BASE_NOT_CV,SUSPENDED
CVC,"[""د"", ""s"", ""ث"", ""s""]",BASE_NOT_CV,SUSPENDED
CVC,"[""د"", ""s"", ""ج"", ""s""]",BASE_NOT_CV,SUSPENDED
CVC,"[""د"", ""s"", ""ح"", ""s""]",BASE_NOT_CV,SUSPENDED
CVC,"[""د"", ""s"", ""خ"", ""s""]",BASE_NOT_CV,SUSPENDED
CVC,"[""د"", ""s"", ""د"", ""s""]",BASE_NOT_CV,SUSPENDED
CVC,"[""د"", ""s"", ""ذ"", ""s""]",BASE_NOT_CV,SUSPENDED
CVC,"[""د"", ""s"", ""ر"", ""s""]",BASE_NOT_CV,SUSPENDED
CVC,"[""د"", ""s"", ""ز"", ""s""]",BASE_NOT_CV,SUSPENDED
CVC,"[""د"", ""s"", ""س"", ""s""]",BASE_NOT_CV,SUSPENDED
CVC,"[""د"", ""s"", ""ش"", ""s""]",BASE_NOT_CV,SUSPENDED
CVC,"[""د"", ""s"", ""ص"", ""s""]",BASE_NOT_CV,SUSPENDED
CVC,"[""د"", ""s"", ""ض"", ""s""]",BASE_NOT_CV,SUSPENDED
CVC,"[""د"", ""s"", ""ط"", ""s""]",BASE_NOT_CV,SUSPENDED
CVC,"[""د"", ""s"", ""ظ"", ""s""]",BASE_NOT_CV,SUSPENDED
CVC,"[""د"", ""s"", ""ع"", ""s""]",BASE_NOT_CV,SUSPENDED
CVC,"[""د"", ""s"", ""غ"", ""s""]",BASE_NOT_CV,SUSPENDED
CVC,"[""د"", ""s"", ""ف"", ""s""]",BASE_NOT_CV,SUSPENDED
CVC,"[""د"", ""s"", ""ق"", ""s""]",BASE_NOT_CV,SUSPENDED
CVC,"[""د"", ""s"", ""ك"", ""s""]",BASE_NOT_CV,SUSPENDED
CVC,"[""د"", ""s"", ""ل"", ""s""]",BASE_NOT_CV,SUSPENDED
CVC,"[""د"", ""s"", ""م"", ""s""]",BASE_NOT_CV,SUSPENDED
CVC,"[""د"", ""s"", ""ن"", ""s""]",BASE_NOT_CV,SUSPENDED
CVC,"[""د"", ""s"", ""ه"", ""s""]",BASE_NOT_CV,SUSPENDED
CVC,"[""د"", ""s"", ""و"", ""s""]",BASE_NOT_CV,SUSPENDED
CVC,"[""د"", ""s"", ""ي"", ""s""]",BASE_NOT_CV,SUSPENDED
CVC,"[""د"", ""s"", ""ء"", ""s""]",BASE_NOT_CV,SUSPENDED
CVC,"[""ذ"", ""a"", ""ا"", ""s""]",MODEL_ADMISSIBLE,SUSPENDED
CVC,"[""ذ"", ""a"", ""ب"", ""s""]",MODEL_ADMISSIBLE,SUSPENDED
CVC,"[""ذ"", ""a"", ""ت"", ""s""]",MODEL_ADMISSIBLE,SUSPENDED
CVC,"[""ذ"", ""a"", ""ث"", ""s""]",MODEL_ADMISSIBLE,SUSPENDED
CVC,"[""ذ"", ""a"", ""ج"", ""s""]",MODEL_ADMISSIBLE,SUSPENDED
CVC,"[""ذ"", ""a"", ""ح"", ""s""]",MODEL_ADMISSIBLE,SUSPENDED
CVC,"[""ذ"", ""a"", ""خ"", ""s""]",MODEL_ADMISSIBLE,SUSPENDED
CVC,"[""ذ"", ""a"", ""د"", ""s""]",MODEL_ADMISSIBLE,SUSPENDED
CVC,"[""ذ"", ""a"", ""ذ"", ""s""]",MODEL_ADMISSIBLE,SUSPENDED
CVC,"[""ذ"", ""a"", ""ر"", ""s""]",MODEL_ADMISSIBLE,SUSPENDED
CVC,"[""ذ"", ""a"", ""ز"", ""s""]",MODEL_ADMISSIBLE,SUSPENDED
CVC,"[""ذ"", ""a"", ""س"", ""s""]",MODEL_ADMISSIBLE,SUSPENDED
CVC,"[""ذ"", ""a"", ""ش"", ""s""]",MODEL_ADMISSIBLE,SUSPENDED
CVC,"[""ذ"", ""a"", ""ص"", ""s""]",MODEL_ADMISSIBLE,SUSPENDED
CVC,"[""ذ"", ""a"", ""ض"", ""s""]",MODEL_ADMISSIBLE,SUSPENDED
CVC,"[""ذ"", ""a"", ""ط"", ""s""]",MODEL_ADMISSIBLE,SUSPENDED
CVC,"[""ذ"", ""a"", ""ظ"", ""s""]",MODEL_ADMISSIBLE,SUSPENDED
CVC,"[""ذ"", ""a"", ""ع"", ""s""]",MODEL_ADMISSIBLE,SUSPENDED
CVC,"[""ذ"", ""a"", ""غ"", ""s""]",MODEL_ADMISSIBLE,SUSPENDED
CVC,"[""ذ"", ""a"", ""ف"", ""s""]",MODEL_ADMISSIBLE,SUSPENDED
CVC,"[""ذ"", ""a"", ""ق"", ""s""]",MODEL_ADMISSIBLE,SUSPENDED
CVC,"[""ذ"", ""a"", ""ك"", ""s""]",MODEL_ADMISSIBLE,SUSPENDED
CVC,"[""ذ"", ""a"", ""ل"", ""s""]",MODEL_ADMISSIBLE,SUSPENDED
CVC,"[""ذ"", ""a"", ""م"", ""s""]",MODEL_ADMISSIBLE,SUSPENDED
CVC,"[""ذ"", ""a"", ""ن"", ""s""]",MODEL_ADMISSIBLE,SUSPENDED
CVC,"[""ذ"", ""a"", ""ه"", ""s""]",MODEL_ADMISSIBLE,SUSPENDED
CVC,"[""ذ"", ""a"", ""و"", ""s""]",MODEL_ADMISSIBLE,SUSPENDED
CVC,"[""ذ"", ""a"", ""ي"", ""s""]",MODEL_ADMISSIBLE,SUSPENDED
CVC,"[""ذ"", ""a"", ""ء"", ""s""]",MODEL_ADMISSIBLE,SUSPENDED
CVC,"[""ذ"", ""u"", ""ا"", ""s""]",MODEL_ADMISSIBLE,SUSPENDED
CVC,"[""ذ"", ""u"", ""ب"", ""s""]",MODEL_ADMISSIBLE,SUSPENDED
CVC,"[""ذ"", ""u"", ""ت"", ""s""]",MODEL_ADMISSIBLE,SUSPENDED
CVC,"[""ذ"", ""u"", ""ث"", ""s""]",MODEL_ADMISSIBLE,SUSPENDED
CVC,"[""ذ"", ""u"", ""ج"", ""s""]",MODEL_ADMISSIBLE,SUSPENDED
CVC,"[""ذ"", ""u"", ""ح"", ""s""]",MODEL_ADMISSIBLE,SUSPENDED
CVC,"[""ذ"", ""u"", ""خ"", ""s""]",MODEL_ADMISSIBLE,SUSPENDED
CVC,"[""ذ"", ""u"", ""د"", ""s""]",MODEL_ADMISSIBLE,SUSPENDED
CVC,"[""ذ"", ""u"", ""ذ"", ""s""]",MODEL_ADMISSIBLE,SUSPENDED
CVC,"[""ذ"", ""u"", ""ر"", ""s""]",MODEL_ADMISSIBLE,SUSPENDED
CVC,"[""ذ"", ""u"", ""ز"", ""s""]",MODEL_ADMISSIBLE,SUSPENDED
CVC,"[""ذ"", ""u"", ""س"", ""s""]",MODEL_ADMISSIBLE,SUSPENDED
CVC,"[""ذ"", ""u"", ""ش"", ""s""]",MODEL_ADMISSIBLE,SUSPENDED
CVC,"[""ذ"", ""u"", ""ص"", ""s""]",MODEL_ADMISSIBLE,SUSPENDED
CVC,"[""ذ"", ""u"", ""ض"", ""s""]",MODEL_ADMISSIBLE,SUSPENDED
CVC,"[""ذ"", ""u"", ""ط"", ""s""]",MODEL_ADMISSIBLE,SUSPENDED
CVC,"[""ذ"", ""u"", ""ظ"", ""s""]",MODEL_ADMISSIBLE,SUSPENDED
CVC,"[""ذ"", ""u"", ""ع"", ""s""]",MODEL_ADMISSIBLE,SUSPENDED
CVC,"[""ذ"", ""u"", ""غ"", ""s""]",MODEL_ADMISSIBLE,SUSPENDED
CVC,"[""ذ"", ""u"", ""ف"", ""s""]",MODEL_ADMISSIBLE,SUSPENDED
CVC,"[""ذ"", ""u"", ""ق"", ""s""]",MODEL_ADMISSIBLE,SUSPENDED
CVC,"[""ذ"", ""u"", ""ك"", ""s""]",MODEL_ADMISSIBLE,SUSPENDED
CVC,"[""ذ"", ""u"", ""ل"", ""s""]",MODEL_ADMISSIBLE,SUSPENDED
CVC,"[""ذ"", ""u"", ""م"", ""s""]",MODEL_ADMISSIBLE,SUSPENDED
CVC,"[""ذ"", ""u"", ""ن"", ""s""]",MODEL_ADMISSIBLE,SUSPENDED
CVC,"[""ذ"", ""u"", ""ه"", ""s""]",MODEL_ADMISSIBLE,SUSPENDED
CVC,"[""ذ"", ""u"", ""و"", ""s""]",MODEL_ADMISSIBLE,SUSPENDED
CVC,"[""ذ"", ""u"", ""ي"", ""s""]",MODEL_ADMISSIBLE,SUSPENDED
CVC,"[""ذ"", ""u"", ""ء"", ""s""]",MODEL_ADMISSIBLE,SUSPENDED
CVC,"[""ذ"", ""i"", ""ا"", ""s""]",MODEL_ADMISSIBLE,SUSPENDED
CVC,"[""ذ"", ""i"", ""ب"", ""s""]",MODEL_ADMISSIBLE,SUSPENDED
CVC,"[""ذ"", ""i"", ""ت"", ""s""]",MODEL_ADMISSIBLE,SUSPENDED
CVC,"[""ذ"", ""i"", ""ث"", ""s""]",MODEL_ADMISSIBLE,SUSPENDED
CVC,"[""ذ"", ""i"", ""ج"", ""s""]",MODEL_ADMISSIBLE,SUSPENDED
CVC,"[""ذ"", ""i"", ""ح"", ""s""]",MODEL_ADMISSIBLE,SUSPENDED
CVC,"[""ذ"", ""i"", ""خ"", ""s""]",MODEL_ADMISSIBLE,SUSPENDED
CVC,"[""ذ"", ""i"", ""د"", ""s""]",MODEL_ADMISSIBLE,SUSPENDED
CVC,"[""ذ"", ""i"", ""ذ"", ""s""]",MODEL_ADMISSIBLE,SUSPENDED
CVC,"[""ذ"", ""i"", ""ر"", ""s""]",MODEL_ADMISSIBLE,SUSPENDED
CVC,"[""ذ"", ""i"", ""ز"", ""s""]",MODEL_ADMISSIBLE,SUSPENDED
CVC,"[""ذ"", ""i"", ""س"", ""s""]",MODEL_ADMISSIBLE,SUSPENDED
CVC,"[""ذ"", ""i"", ""ش"", ""s""]",MODEL_ADMISSIBLE,SUSPENDED
CVC,"[""ذ"", ""i"", ""ص"", ""s""]",MODEL_ADMISSIBLE,SUSPENDED
CVC,"[""ذ"", ""i"", ""ض"", ""s""]",MODEL_ADMISSIBLE,SUSPENDED
CVC,"[""ذ"", ""i"", ""ط"", ""s""]",MODEL_ADMISSIBLE,SUSPENDED
CVC,"[""ذ"", ""i"", ""ظ"", ""s""]",MODEL_ADMISSIBLE,SUSPENDED
CVC,"[""ذ"", ""i"", ""ع"", ""s""]",MODEL_ADMISSIBLE,SUSPENDED
CVC,"[""ذ"", ""i"", ""غ"", ""s""]",MODEL_ADMISSIBLE,SUSPENDED
CVC,"[""ذ"", ""i"", ""ف"", ""s""]",MODEL_ADMISSIBLE,SUSPENDED
CVC,"[""ذ"", ""i"", ""ق"", ""s""]",MODEL_ADMISSIBLE,SUSPENDED
CVC,"[""ذ"", ""i"", ""ك"", ""s""]",MODEL_ADMISSIBLE,SUSPENDED
CVC,"[""ذ"", ""i"", ""ل"", ""s""]",MODEL_ADMISSIBLE,SUSPENDED
CVC,"[""ذ"", ""i"", ""م"", ""s""]",MODEL_ADMISSIBLE,SUSPENDED
CVC,"[""ذ"", ""i"", ""ن"", ""s""]",MODEL_ADMISSIBLE,SUSPENDED
CVC,"[""ذ"", ""i"", ""ه"", ""s""]",MODEL_ADMISSIBLE,SUSPENDED
CVC,"[""ذ"", ""i"", ""و"", ""s""]",MODEL_ADMISSIBLE,SUSPENDED
CVC,"[""ذ"", ""i"", ""ي"", ""s""]",MODEL_ADMISSIBLE,SUSPENDED
CVC,"[""ذ"", ""i"", ""ء"", ""s""]",MODEL_ADMISSIBLE,SUSPENDED
CVC,"[""ذ"", ""s"", ""ا"", ""s""]",BASE_NOT_CV,SUSPENDED
CVC,"[""ذ"", ""s"", ""ب"", ""s""]",BASE_NOT_CV,SUSPENDED
CVC,"[""ذ"", ""s"", ""ت"", ""s""]",BASE_NOT_CV,SUSPENDED
CVC,"[""ذ"", ""s"", ""ث"", ""s""]",BASE_NOT_CV,SUSPENDED
CVC,"[""ذ"", ""s"", ""ج"", ""s""]",BASE_NOT_CV,SUSPENDED
CVC,"[""ذ"", ""s"", ""ح"", ""s""]",BASE_NOT_CV,SUSPENDED
CVC,"[""ذ"", ""s"", ""خ"", ""s""]",BASE_NOT_CV,SUSPENDED
CVC,"[""ذ"", ""s"", ""د"", ""s""]",BASE_NOT_CV,SUSPENDED
CVC,"[""ذ"", ""s"", ""ذ"", ""s""]",BASE_NOT_CV,SUSPENDED
CVC,"[""ذ"", ""s"", ""ر"", ""s""]",BASE_NOT_CV,SUSPENDED
CVC,"[""ذ"", ""s"", ""ز"", ""s""]",BASE_NOT_CV,SUSPENDED
CVC,"[""ذ"", ""s"", ""س"", ""s""]",BASE_NOT_CV,SUSPENDED
CVC,"[""ذ"", ""s"", ""ش"", ""s""]",BASE_NOT_CV,SUSPENDED
CVC,"[""ذ"", ""s"", ""ص"", ""s""]",BASE_NOT_CV,SUSPENDED
CVC,"[""ذ"", ""s"", ""ض"", ""s""]",BASE_NOT_CV,SUSPENDED
CVC,"[""ذ"", ""s"", ""ط"", ""s""]",BASE_NOT_CV,SUSPENDED
CVC,"[""ذ"", ""s"", ""ظ"", ""s""]",BASE_NOT_CV,SUSPENDED
CVC,"[""ذ"", ""s"", ""ع"", ""s""]",BASE_NOT_CV,SUSPENDED
CVC,"[""ذ"", ""s"", ""غ"", ""s""]",BASE_NOT_CV,SUSPENDED
CVC,"[""ذ"", ""s"", ""ف"", ""s""]",BASE_NOT_CV,SUSPENDED
CVC,"[""ذ"", ""s"", ""ق"", ""s""]",BASE_NOT_CV,SUSPENDED
CVC,"[""ذ"", ""s"", ""ك"", ""s""]",BASE_NOT_CV,SUSPENDED
CVC,"[""ذ"", ""s"", ""ل"", ""s""]",BASE_NOT_CV,SUSPENDED
CVC,"[""ذ"", ""s"", ""م"", ""s""]",BASE_NOT_CV,SUSPENDED
CVC,"[""ذ"", ""s"", ""ن"", ""s""]",BASE_NOT_CV,SUSPENDED
CVC,"[""ذ"", ""s"", ""ه"", ""s""]",BASE_NOT_CV,SUSPENDED
CVC,"[""ذ"", ""s"", ""و"", ""s""]",BASE_NOT_CV,SUSPENDED
CVC,"[""ذ"", ""s"", ""ي"", ""s""]",BASE_NOT_CV,SUSPENDED
CVC,"[""ذ"", ""s"", ""ء"", ""s""]",BASE_NOT_CV,SUSPENDED
CVC,"[""ر"", ""a"", ""ا"", ""s""]",MODEL_ADMISSIBLE,SUSPENDED
CVC,"[""ر"", ""a"", ""ب"", ""s""]",MODEL_ADMISSIBLE,SUSPENDED
CVC,"[""ر"", ""a"", ""ت"", ""s""]",MODEL_ADMISSIBLE,SUSPENDED
CVC,"[""ر"", ""a"", ""ث"", ""s""]",MODEL_ADMISSIBLE,SUSPENDED
CVC,"[""ر"", ""a"", ""ج"", ""s""]",MODEL_ADMISSIBLE,SUSPENDED
CVC,"[""ر"", ""a"", ""ح"", ""s""]",MODEL_ADMISSIBLE,SUSPENDED
CVC,"[""ر"", ""a"", ""خ"", ""s""]",MODEL_ADMISSIBLE,SUSPENDED
CVC,"[""ر"", ""a"", ""د"", ""s""]",MODEL_ADMISSIBLE,SUSPENDED
CVC,"[""ر"", ""a"", ""ذ"", ""s""]",MODEL_ADMISSIBLE,SUSPENDED
CVC,"[""ر"", ""a"", ""ر"", ""s""]",MODEL_ADMISSIBLE,SUSPENDED
CVC,"[""ر"", ""a"", ""ز"", ""s""]",MODEL_ADMISSIBLE,SUSPENDED
CVC,"[""ر"", ""a"", ""س"", ""s""]",MODEL_ADMISSIBLE,SUSPENDED
CVC,"[""ر"", ""a"", ""ش"", ""s""]",MODEL_ADMISSIBLE,SUSPENDED
CVC,"[""ر"", ""a"", ""ص"", ""s""]",MODEL_ADMISSIBLE,SUSPENDED
CVC,"[""ر"", ""a"", ""ض"", ""s""]",MODEL_ADMISSIBLE,SUSPENDED
CVC,"[""ر"", ""a"", ""ط"", ""s""]",MODEL_ADMISSIBLE,SUSPENDED
CVC,"[""ر"", ""a"", ""ظ"", ""s""]",MODEL_ADMISSIBLE,SUSPENDED
CVC,"[""ر"", ""a"", ""ع"", ""s""]",MODEL_ADMISSIBLE,SUSPENDED
CVC,"[""ر"", ""a"", ""غ"", ""s""]",MODEL_ADMISSIBLE,SUSPENDED
CVC,"[""ر"", ""a"", ""ف"", ""s""]",MODEL_ADMISSIBLE,SUSPENDED
CVC,"[""ر"", ""a"", ""ق"", ""s""]",MODEL_ADMISSIBLE,SUSPENDED
CVC,"[""ر"", ""a"", ""ك"", ""s""]",MODEL_ADMISSIBLE,SUSPENDED
CVC,"[""ر"", ""a"", ""ل"", ""s""]",MODEL_ADMISSIBLE,SUSPENDED
CVC,"[""ر"", ""a"", ""م"", ""s""]",MODEL_ADMISSIBLE,SUSPENDED
CVC,"[""ر"", ""a"", ""ن"", ""s""]",MODEL_ADMISSIBLE,SUSPENDED
CVC,"[""ر"", ""a"", ""ه"", ""s""]",MODEL_ADMISSIBLE,SUSPENDED
CVC,"[""ر"", ""a"", ""و"", ""s""]",MODEL_ADMISSIBLE,SUSPENDED
CVC,"[""ر"", ""a"", ""ي"", ""s""]",MODEL_ADMISSIBLE,SUSPENDED
CVC,"[""ر"", ""a"", ""ء"", ""s""]",MODEL_ADMISSIBLE,SUSPENDED
CVC,"[""ر"", ""u"", ""ا"", ""s""]",MODEL_ADMISSIBLE,SUSPENDED
CVC,"[""ر"", ""u"", ""ب"", ""s""]",MODEL_ADMISSIBLE,SUSPENDED
CVC,"[""ر"", ""u"", ""ت"", ""s""]",MODEL_ADMISSIBLE,SUSPENDED
CVC,"[""ر"", ""u"", ""ث"", ""s""]",MODEL_ADMISSIBLE,SUSPENDED
CVC,"[""ر"", ""u"", ""ج"", ""s""]",MODEL_ADMISSIBLE,SUSPENDED
CVC,"[""ر"", ""u"", ""ح"", ""s""]",MODEL_ADMISSIBLE,SUSPENDED
CVC,"[""ر"", ""u"", ""خ"", ""s""]",MODEL_ADMISSIBLE,SUSPENDED
CVC,"[""ر"", ""u"", ""د"", ""s""]",MODEL_ADMISSIBLE,SUSPENDED
CVC,"[""ر"", ""u"", ""ذ"", ""s""]",MODEL_ADMISSIBLE,SUSPENDED
CVC,"[""ر"", ""u"", ""ر"", ""s""]",MODEL_ADMISSIBLE,SUSPENDED
CVC,"[""ر"", ""u"", ""ز"", ""s""]",MODEL_ADMISSIBLE,SUSPENDED
CVC,"[""ر"", ""u"", ""س"", ""s""]",MODEL_ADMISSIBLE,SUSPENDED
CVC,"[""ر"", ""u"", ""ش"", ""s""]",MODEL_ADMISSIBLE,SUSPENDED
CVC,"[""ر"", ""u"", ""ص"", ""s""]",MODEL_ADMISSIBLE,SUSPENDED
CVC,"[""ر"", ""u"", ""ض"", ""s""]",MODEL_ADMISSIBLE,SUSPENDED
CVC,"[""ر"", ""u"", ""ط"", ""s""]",MODEL_ADMISSIBLE,SUSPENDED
CVC,"[""ر"", ""u"", ""ظ"", ""s""]",MODEL_ADMISSIBLE,SUSPENDED
CVC,"[""ر"", ""u"", ""ع"", ""s""]",MODEL_ADMISSIBLE,SUSPENDED
CVC,"[""ر"", ""u"", ""غ"", ""s""]",MODEL_ADMISSIBLE,SUSPENDED
CVC,"[""ر"", ""u"", ""ف"", ""s""]",MODEL_ADMISSIBLE,SUSPENDED
CVC,"[""ر"", ""u"", ""ق"", ""s""]",MODEL_ADMISSIBLE,SUSPENDED
CVC,"[""ر"", ""u"", ""ك"", ""s""]",MODEL_ADMISSIBLE,SUSPENDED
CVC,"[""ر"", ""u"", ""ل"", ""s""]",MODEL_ADMISSIBLE,SUSPENDED
CVC,"[""ر"", ""u"", ""م"", ""s""]",MODEL_ADMISSIBLE,SUSPENDED
CVC,"[""ر"", ""u"", ""ن"", ""s""]",MODEL_ADMISSIBLE,SUSPENDED
CVC,"[""ر"", ""u"", ""ه"", ""s""]",MODEL_ADMISSIBLE,SUSPENDED
CVC,"[""ر"", ""u"", ""و"", ""s""]",MODEL_ADMISSIBLE,SUSPENDED
CVC,"[""ر"", ""u"", ""ي"", ""s""]",MODEL_ADMISSIBLE,SUSPENDED
CVC,"[""ر"", ""u"", ""ء"", ""s""]",MODEL_ADMISSIBLE,SUSPENDED
CVC,"[""ر"", ""i"", ""ا"", ""s""]",MODEL_ADMISSIBLE,SUSPENDED
CVC,"[""ر"", ""i"", ""ب"", ""s""]",MODEL_ADMISSIBLE,SUSPENDED
CVC,"[""ر"", ""i"", ""ت"", ""s""]",MODEL_ADMISSIBLE,SUSPENDED
CVC,"[""ر"", ""i"", ""ث"", ""s""]",MODEL_ADMISSIBLE,SUSPENDED
CVC,"[""ر"", ""i"", ""ج"", ""s""]",MODEL_ADMISSIBLE,SUSPENDED
CVC,"[""ر"", ""i"", ""ح"", ""s""]",MODEL_ADMISSIBLE,SUSPENDED
CVC,"[""ر"", ""i"", ""خ"", ""s""]",MODEL_ADMISSIBLE,SUSPENDED
CVC,"[""ر"", ""i"", ""د"", ""s""]",MODEL_ADMISSIBLE,SUSPENDED
CVC,"[""ر"", ""i"", ""ذ"", ""s""]",MODEL_ADMISSIBLE,SUSPENDED
CVC,"[""ر"", ""i"", ""ر"", ""s""]",MODEL_ADMISSIBLE,SUSPENDED
CVC,"[""ر"", ""i"", ""ز"", ""s""]",MODEL_ADMISSIBLE,SUSPENDED
CVC,"[""ر"", ""i"", ""س"", ""s""]",MODEL_ADMISSIBLE,SUSPENDED
CVC,"[""ر"", ""i"", ""ش"", ""s""]",MODEL_ADMISSIBLE,SUSPENDED
CVC,"[""ر"", ""i"", ""ص"", ""s""]",MODEL_ADMISSIBLE,SUSPENDED
CVC,"[""ر"", ""i"", ""ض"", ""s""]",MODEL_ADMISSIBLE,SUSPENDED
CVC,"[""ر"", ""i"", ""ط"", ""s""]",MODEL_ADMISSIBLE,SUSPENDED
CVC,"[""ر"", ""i"", ""ظ"", ""s""]",MODEL_ADMISSIBLE,SUSPENDED
CVC,"[""ر"", ""i"", ""ع"", ""s""]",MODEL_ADMISSIBLE,SUSPENDED
CVC,"[""ر"", ""i"", ""غ"", ""s""]",MODEL_ADMISSIBLE,SUSPENDED
CVC,"[""ر"", ""i"", ""ف"", ""s""]",MODEL_ADMISSIBLE,SUSPENDED
CVC,"[""ر"", ""i"", ""ق"", ""s""]",MODEL_ADMISSIBLE,SUSPENDED
CVC,"[""ر"", ""i"", ""ك"", ""s""]",MODEL_ADMISSIBLE,SUSPENDED
CVC,"[""ر"", ""i"", ""ل"", ""s""]",MODEL_ADMISSIBLE,SUSPENDED
CVC,"[""ر"", ""i"", ""م"", ""s""]",MODEL_ADMISSIBLE,SUSPENDED
CVC,"[""ر"", ""i"", ""ن"", ""s""]",MODEL_ADMISSIBLE,SUSPENDED
CVC,"[""ر"", ""i"", ""ه"", ""s""]",MODEL_ADMISSIBLE,SUSPENDED
CVC,"[""ر"", ""i"", ""و"", ""s""]",MODEL_ADMISSIBLE,SUSPENDED
CVC,"[""ر"", ""i"", ""ي"", ""s""]",MODEL_ADMISSIBLE,SUSPENDED
CVC,"[""ر"", ""i"", ""ء"", ""s""]",MODEL_ADMISSIBLE,SUSPENDED
CVC,"[""ر"", ""s"", ""ا"", ""s""]",BASE_NOT_CV,SUSPENDED
CVC,"[""ر"", ""s"", ""ب"", ""s""]",BASE_NOT_CV,SUSPENDED
CVC,"[""ر"", ""s"", ""ت"", ""s""]",BASE_NOT_CV,SUSPENDED
CVC,"[""ر"", ""s"", ""ث"", ""s""]",BASE_NOT_CV,SUSPENDED
CVC,"[""ر"", ""s"", ""ج"", ""s""]",BASE_NOT_CV,SUSPENDED
CVC,"[""ر"", ""s"", ""ح"", ""s""]",BASE_NOT_CV,SUSPENDED
CVC,"[""ر"", ""s"", ""خ"", ""s""]",BASE_NOT_CV,SUSPENDED
CVC,"[""ر"", ""s"", ""د"", ""s""]",BASE_NOT_CV,SUSPENDED
CVC,"[""ر"", ""s"", ""ذ"", ""s""]",BASE_NOT_CV,SUSPENDED
CVC,"[""ر"", ""s"", ""ر"", ""s""]",BASE_NOT_CV,SUSPENDED
CVC,"[""ر"", ""s"", ""ز"", ""s""]",BASE_NOT_CV,SUSPENDED
CVC,"[""ر"", ""s"", ""س"", ""s""]",BASE_NOT_CV,SUSPENDED
CVC,"[""ر"", ""s"", ""ش"", ""s""]",BASE_NOT_CV,SUSPENDED
CVC,"[""ر"", ""s"", ""ص"", ""s""]",BASE_NOT_CV,SUSPENDED
CVC,"[""ر"", ""s"", ""ض"", ""s""]",BASE_NOT_CV,SUSPENDED
CVC,"[""ر"", ""s"", ""ط"", ""s""]",BASE_NOT_CV,SUSPENDED
CVC,"[""ر"", ""s"", ""ظ"", ""s""]",BASE_NOT_CV,SUSPENDED
CVC,"[""ر"", ""s"", ""ع"", ""s""]",BASE_NOT_CV,SUSPENDED
CVC,"[""ر"", ""s"", ""غ"", ""s""]",BASE_NOT_CV,SUSPENDED
CVC,"[""ر"", ""s"", ""ف"", ""s""]",BASE_NOT_CV,SUSPENDED
CVC,"[""ر"", ""s"", ""ق"", ""s""]",BASE_NOT_CV,SUSPENDED
CVC,"[""ر"", ""s"", ""ك"", ""s""]",BASE_NOT_CV,SUSPENDED
CVC,"[""ر"", ""s"", ""ل"", ""s""]",BASE_NOT_CV,SUSPENDED
CVC,"[""ر"", ""s"", ""م"", ""s""]",BASE_NOT_CV,SUSPENDED
CVC,"[""ر"", ""s"", ""ن"", ""s""]",BASE_NOT_CV,SUSPENDED
CVC,"[""ر"", ""s"", ""ه"", ""s""]",BASE_NOT_CV,SUSPENDED
CVC,"[""ر"", ""s"", ""و"", ""s""]",BASE_NOT_CV,SUSPENDED
CVC,"[""ر"", ""s"", ""ي"", ""s""]",BASE_NOT_CV,SUSPENDED
CVC,"[""ر"", ""s"", ""ء"", ""s""]",BASE_NOT_CV,SUSPENDED
CVC,"[""ز"", ""a"", ""ا"", ""s""]",MODEL_ADMISSIBLE,SUSPENDED
CVC,"[""ز"", ""a"", ""ب"", ""s""]",MODEL_ADMISSIBLE,SUSPENDED
CVC,"[""ز"", ""a"", ""ت"", ""s""]",MODEL_ADMISSIBLE,SUSPENDED
CVC,"[""ز"", ""a"", ""ث"", ""s""]",MODEL_ADMISSIBLE,SUSPENDED
CVC,"[""ز"", ""a"", ""ج"", ""s""]",MODEL_ADMISSIBLE,SUSPENDED
CVC,"[""ز"", ""a"", ""ح"", ""s""]",MODEL_ADMISSIBLE,SUSPENDED
CVC,"[""ز"", ""a"", ""خ"", ""s""]",MODEL_ADMISSIBLE,SUSPENDED
CVC,"[""ز"", ""a"", ""د"", ""s""]",MODEL_ADMISSIBLE,SUSPENDED
CVC,"[""ز"", ""a"", ""ذ"", ""s""]",MODEL_ADMISSIBLE,SUSPENDED
CVC,"[""ز"", ""a"", ""ر"", ""s""]",MODEL_ADMISSIBLE,SUSPENDED
CVC,"[""ز"", ""a"", ""ز"", ""s""]",MODEL_ADMISSIBLE,SUSPENDED
CVC,"[""ز"", ""a"", ""س"", ""s""]",MODEL_ADMISSIBLE,SUSPENDED
CVC,"[""ز"", ""a"", ""ش"", ""s""]",MODEL_ADMISSIBLE,SUSPENDED
CVC,"[""ز"", ""a"", ""ص"", ""s""]",MODEL_ADMISSIBLE,SUSPENDED
CVC,"[""ز"", ""a"", ""ض"", ""s""]",MODEL_ADMISSIBLE,SUSPENDED
CVC,"[""ز"", ""a"", ""ط"", ""s""]",MODEL_ADMISSIBLE,SUSPENDED
CVC,"[""ز"", ""a"", ""ظ"", ""s""]",MODEL_ADMISSIBLE,SUSPENDED
CVC,"[""ز"", ""a"", ""ع"", ""s""]",MODEL_ADMISSIBLE,SUSPENDED
CVC,"[""ز"", ""a"", ""غ"", ""s""]",MODEL_ADMISSIBLE,SUSPENDED
CVC,"[""ز"", ""a"", ""ف"", ""s""]",MODEL_ADMISSIBLE,SUSPENDED
CVC,"[""ز"", ""a"", ""ق"", ""s""]",MODEL_ADMISSIBLE,SUSPENDED
CVC,"[""ز"", ""a"", ""ك"", ""s""]",MODEL_ADMISSIBLE,SUSPENDED
CVC,"[""ز"", ""a"", ""ل"", ""s""]",MODEL_ADMISSIBLE,SUSPENDED
CVC,"[""ز"", ""a"", ""م"", ""s""]",MODEL_ADMISSIBLE,SUSPENDED
CVC,"[""ز"", ""a"", ""ن"", ""s""]",MODEL_ADMISSIBLE,SUSPENDED
CVC,"[""ز"", ""a"", ""ه"", ""s""]",MODEL_ADMISSIBLE,SUSPENDED
CVC,"[""ز"", ""a"", ""و"", ""s""]",MODEL_ADMISSIBLE,SUSPENDED
CVC,"[""ز"", ""a"", ""ي"", ""s""]",MODEL_ADMISSIBLE,SUSPENDED
CVC,"[""ز"", ""a"", ""ء"", ""s""]",MODEL_ADMISSIBLE,SUSPENDED
CVC,"[""ز"", ""u"", ""ا"", ""s""]",MODEL_ADMISSIBLE,SUSPENDED
CVC,"[""ز"", ""u"", ""ب"", ""s""]",MODEL_ADMISSIBLE,SUSPENDED
CVC,"[""ز"", ""u"", ""ت"", ""s""]",MODEL_ADMISSIBLE,SUSPENDED
CVC,"[""ز"", ""u"", ""ث"", ""s""]",MODEL_ADMISSIBLE,SUSPENDED
CVC,"[""ز"", ""u"", ""ج"", ""s""]",MODEL_ADMISSIBLE,SUSPENDED
CVC,"[""ز"", ""u"", ""ح"", ""s""]",MODEL_ADMISSIBLE,SUSPENDED
CVC,"[""ز"", ""u"", ""خ"", ""s""]",MODEL_ADMISSIBLE,SUSPENDED
CVC,"[""ز"", ""u"", ""د"", ""s""]",MODEL_ADMISSIBLE,SUSPENDED
CVC,"[""ز"", ""u"", ""ذ"", ""s""]",MODEL_ADMISSIBLE,SUSPENDED
CVC,"[""ز"", ""u"", ""ر"", ""s""]",MODEL_ADMISSIBLE,SUSPENDED
CVC,"[""ز"", ""u"", ""ز"", ""s""]",MODEL_ADMISSIBLE,SUSPENDED
CVC,"[""ز"", ""u"", ""س"", ""s""]",MODEL_ADMISSIBLE,SUSPENDED
CVC,"[""ز"", ""u"", ""ش"", ""s""]",MODEL_ADMISSIBLE,SUSPENDED
CVC,"[""ز"", ""u"", ""ص"", ""s""]",MODEL_ADMISSIBLE,SUSPENDED
CVC,"[""ز"", ""u"", ""ض"", ""s""]",MODEL_ADMISSIBLE,SUSPENDED
CVC,"[""ز"", ""u"", ""ط"", ""s""]",MODEL_ADMISSIBLE,SUSPENDED
CVC,"[""ز"", ""u"", ""ظ"", ""s""]",MODEL_ADMISSIBLE,SUSPENDED
CVC,"[""ز"", ""u"", ""ع"", ""s""]",MODEL_ADMISSIBLE,SUSPENDED
CVC,"[""ز"", ""u"", ""غ"", ""s""]",MODEL_ADMISSIBLE,SUSPENDED
CVC,"[""ز"", ""u"", ""ف"", ""s""]",MODEL_ADMISSIBLE,SUSPENDED
CVC,"[""ز"", ""u"", ""ق"", ""s""]",MODEL_ADMISSIBLE,SUSPENDED
CVC,"[""ز"", ""u"", ""ك"", ""s""]",MODEL_ADMISSIBLE,SUSPENDED
CVC,"[""ز"", ""u"", ""ل"", ""s""]",MODEL_ADMISSIBLE,SUSPENDED
CVC,"[""ز"", ""u"", ""م"", ""s""]",MODEL_ADMISSIBLE,SUSPENDED
CVC,"[""ز"", ""u"", ""ن"", ""s""]",MODEL_ADMISSIBLE,SUSPENDED
CVC,"[""ز"", ""u"", ""ه"", ""s""]",MODEL_ADMISSIBLE,SUSPENDED
CVC,"[""ز"", ""u"", ""و"", ""s""]",MODEL_ADMISSIBLE,SUSPENDED
CVC,"[""ز"", ""u"", ""ي"", ""s""]",MODEL_ADMISSIBLE,SUSPENDED
CVC,"[""ز"", ""u"", ""ء"", ""s""]",MODEL_ADMISSIBLE,SUSPENDED
CVC,"[""ز"", ""i"", ""ا"", ""s""]",MODEL_ADMISSIBLE,SUSPENDED
CVC,"[""ز"", ""i"", ""ب"", ""s""]",MODEL_ADMISSIBLE,SUSPENDED
CVC,"[""ز"", ""i"", ""ت"", ""s""]",MODEL_ADMISSIBLE,SUSPENDED
CVC,"[""ز"", ""i"", ""ث"", ""s""]",MODEL_ADMISSIBLE,SUSPENDED
CVC,"[""ز"", ""i"", ""ج"", ""s""]",MODEL_ADMISSIBLE,SUSPENDED
CVC,"[""ز"", ""i"", ""ح"", ""s""]",MODEL_ADMISSIBLE,SUSPENDED
CVC,"[""ز"", ""i"", ""خ"", ""s""]",MODEL_ADMISSIBLE,SUSPENDED
CVC,"[""ز"", ""i"", ""د"", ""s""]",MODEL_ADMISSIBLE,SUSPENDED
CVC,"[""ز"", ""i"", ""ذ"", ""s""]",MODEL_ADMISSIBLE,SUSPENDED
CVC,"[""ز"", ""i"", ""ر"", ""s""]",MODEL_ADMISSIBLE,SUSPENDED
CVC,"[""ز"", ""i"", ""ز"", ""s""]",MODEL_ADMISSIBLE,SUSPENDED
CVC,"[""ز"", ""i"", ""س"", ""s""]",MODEL_ADMISSIBLE,SUSPENDED
CVC,"[""ز"", ""i"", ""ش"", ""s""]",MODEL_ADMISSIBLE,SUSPENDED
CVC,"[""ز"", ""i"", ""ص"", ""s""]",MODEL_ADMISSIBLE,SUSPENDED
CVC,"[""ز"", ""i"", ""ض"", ""s""]",MODEL_ADMISSIBLE,SUSPENDED
CVC,"[""ز"", ""i"", ""ط"", ""s""]",MODEL_ADMISSIBLE,SUSPENDED
CVC,"[""ز"", ""i"", ""ظ"", ""s""]",MODEL_ADMISSIBLE,SUSPENDED
CVC,"[""ز"", ""i"", ""ع"", ""s""]",MODEL_ADMISSIBLE,SUSPENDED
CVC,"[""ز"", ""i"", ""غ"", ""s""]",MODEL_ADMISSIBLE,SUSPENDED
CVC,"[""ز"", ""i"", ""ف"", ""s""]",MODEL_ADMISSIBLE,SUSPENDED
CVC,"[""ز"", ""i"", ""ق"", ""s""]",MODEL_ADMISSIBLE,SUSPENDED
CVC,"[""ز"", ""i"", ""ك"", ""s""]",MODEL_ADMISSIBLE,SUSPENDED
CVC,"[""ز"", ""i"", ""ل"", ""s""]",MODEL_ADMISSIBLE,SUSPENDED
CVC,"[""ز"", ""i"", ""م"", ""s""]",MODEL_ADMISSIBLE,SUSPENDED
CVC,"[""ز"", ""i"", ""ن"", ""s""]",MODEL_ADMISSIBLE,SUSPENDED
CVC,"[""ز"", ""i"", ""ه"", ""s""]",MODEL_ADMISSIBLE,SUSPENDED
CVC,"[""ز"", ""i"", ""و"", ""s""]",MODEL_ADMISSIBLE,SUSPENDED
CVC,"[""ز"", ""i"", ""ي"", ""s""]",MODEL_ADMISSIBLE,SUSPENDED
CVC,"[""ز"", ""i"", ""ء"", ""s""]",MODEL_ADMISSIBLE,SUSPENDED
CVC,"[""ز"", ""s"", ""ا"", ""s""]",BASE_NOT_CV,SUSPENDED
CVC,"[""ز"", ""s"", ""ب"", ""s""]",BASE_NOT_CV,SUSPENDED
CVC,"[""ز"", ""s"", ""ت"", ""s""]",BASE_NOT_CV,SUSPENDED
CVC,"[""ز"", ""s"", ""ث"", ""s""]",BASE_NOT_CV,SUSPENDED
CVC,"[""ز"", ""s"", ""ج"", ""s""]",BASE_NOT_CV,SUSPENDED
CVC,"[""ز"", ""s"", ""ح"", ""s""]",BASE_NOT_CV,SUSPENDED
CVC,"[""ز"", ""s"", ""خ"", ""s""]",BASE_NOT_CV,SUSPENDED
CVC,"[""ز"", ""s"", ""د"", ""s""]",BASE_NOT_CV,SUSPENDED
CVC,"[""ز"", ""s"", ""ذ"", ""s""]",BASE_NOT_CV,SUSPENDED
CVC,"[""ز"", ""s"", ""ر"", ""s""]",BASE_NOT_CV,SUSPENDED
CVC,"[""ز"", ""s"", ""ز"", ""s""]",BASE_NOT_CV,SUSPENDED
CVC,"[""ز"", ""s"", ""س"", ""s""]",BASE_NOT_CV,SUSPENDED
CVC,"[""ز"", ""s"", ""ش"", ""s""]",BASE_NOT_CV,SUSPENDED
CVC,"[""ز"", ""s"", ""ص"", ""s""]",BASE_NOT_CV,SUSPENDED
CVC,"[""ز"", ""s"", ""ض"", ""s""]",BASE_NOT_CV,SUSPENDED
CVC,"[""ز"", ""s"", ""ط"", ""s""]",BASE_NOT_CV,SUSPENDED
CVC,"[""ز"", ""s"", ""ظ"", ""s""]",BASE_NOT_CV,SUSPENDED
CVC,"[""ز"", ""s"", ""ع"", ""s""]",BASE_NOT_CV,SUSPENDED
CVC,"[""ز"", ""s"", ""غ"", ""s""]",BASE_NOT_CV,SUSPENDED
CVC,"[""ز"", ""s"", ""ف"", ""s""]",BASE_NOT_CV,SUSPENDED
CVC,"[""ز"", ""s"", ""ق"", ""s""]",BASE_NOT_CV,SUSPENDED
CVC,"[""ز"", ""s"", ""ك"", ""s""]",BASE_NOT_CV,SUSPENDED
CVC,"[""ز"", ""s"", ""ل"", ""s""]",BASE_NOT_CV,SUSPENDED
CVC,"[""ز"", ""s"", ""م"", ""s""]",BASE_NOT_CV,SUSPENDED
CVC,"[""ز"", ""s"", ""ن"", ""s""]",BASE_NOT_CV,SUSPENDED
CVC,"[""ز"", ""s"", ""ه"", ""s""]",BASE_NOT_CV,SUSPENDED
CVC,"[""ز"", ""s"", ""و"", ""s""]",BASE_NOT_CV,SUSPENDED
CVC,"[""ز"", ""s"", ""ي"", ""s""]",BASE_NOT_CV,SUSPENDED
CVC,"[""ز"", ""s"", ""ء"", ""s""]",BASE_NOT_CV,SUSPENDED
CVC,"[""س"", ""a"", ""ا"", ""s""]",MODEL_ADMISSIBLE,SUSPENDED
CVC,"[""س"", ""a"", ""ب"", ""s""]",MODEL_ADMISSIBLE,SUSPENDED
CVC,"[""س"", ""a"", ""ت"", ""s""]",MODEL_ADMISSIBLE,SUSPENDED
CVC,"[""س"", ""a"", ""ث"", ""s""]",MODEL_ADMISSIBLE,SUSPENDED
CVC,"[""س"", ""a"", ""ج"", ""s""]",MODEL_ADMISSIBLE,SUSPENDED
CVC,"[""س"", ""a"", ""ح"", ""s""]",MODEL_ADMISSIBLE,SUSPENDED
CVC,"[""س"", ""a"", ""خ"", ""s""]",MODEL_ADMISSIBLE,SUSPENDED
CVC,"[""س"", ""a"", ""د"", ""s""]",MODEL_ADMISSIBLE,SUSPENDED
CVC,"[""س"", ""a"", ""ذ"", ""s""]",MODEL_ADMISSIBLE,SUSPENDED
CVC,"[""س"", ""a"", ""ر"", ""s""]",MODEL_ADMISSIBLE,SUSPENDED
CVC,"[""س"", ""a"", ""ز"", ""s""]",MODEL_ADMISSIBLE,SUSPENDED
CVC,"[""س"", ""a"", ""س"", ""s""]",MODEL_ADMISSIBLE,SUSPENDED
CVC,"[""س"", ""a"", ""ش"", ""s""]",MODEL_ADMISSIBLE,SUSPENDED
CVC,"[""س"", ""a"", ""ص"", ""s""]",MODEL_ADMISSIBLE,SUSPENDED
CVC,"[""س"", ""a"", ""ض"", ""s""]",MODEL_ADMISSIBLE,SUSPENDED
CVC,"[""س"", ""a"", ""ط"", ""s""]",MODEL_ADMISSIBLE,SUSPENDED
CVC,"[""س"", ""a"", ""ظ"", ""s""]",MODEL_ADMISSIBLE,SUSPENDED
CVC,"[""س"", ""a"", ""ع"", ""s""]",MODEL_ADMISSIBLE,SUSPENDED
CVC,"[""س"", ""a"", ""غ"", ""s""]",MODEL_ADMISSIBLE,SUSPENDED
CVC,"[""س"", ""a"", ""ف"", ""s""]",MODEL_ADMISSIBLE,SUSPENDED
CVC,"[""س"", ""a"", ""ق"", ""s""]",MODEL_ADMISSIBLE,SUSPENDED
CVC,"[""س"", ""a"", ""ك"", ""s""]",MODEL_ADMISSIBLE,SUSPENDED
CVC,"[""س"", ""a"", ""ل"", ""s""]",MODEL_ADMISSIBLE,SUSPENDED
CVC,"[""س"", ""a"", ""م"", ""s""]",MODEL_ADMISSIBLE,SUSPENDED
CVC,"[""س"", ""a"", ""ن"", ""s""]",MODEL_ADMISSIBLE,SUSPENDED
CVC,"[""س"", ""a"", ""ه"", ""s""]",MODEL_ADMISSIBLE,SUSPENDED
CVC,"[""س"", ""a"", ""و"", ""s""]",MODEL_ADMISSIBLE,SUSPENDED
CVC,"[""س"", ""a"", ""ي"", ""s""]",MODEL_ADMISSIBLE,SUSPENDED
CVC,"[""س"", ""a"", ""ء"", ""s""]",MODEL_ADMISSIBLE,SUSPENDED
CVC,"[""س"", ""u"", ""ا"", ""s""]",MODEL_ADMISSIBLE,SUSPENDED
CVC,"[""س"", ""u"", ""ب"", ""s""]",MODEL_ADMISSIBLE,SUSPENDED
CVC,"[""س"", ""u"", ""ت"", ""s""]",MODEL_ADMISSIBLE,SUSPENDED
CVC,"[""س"", ""u"", ""ث"", ""s""]",MODEL_ADMISSIBLE,SUSPENDED
CVC,"[""س"", ""u"", ""ج"", ""s""]",MODEL_ADMISSIBLE,SUSPENDED
CVC,"[""س"", ""u"", ""ح"", ""s""]",MODEL_ADMISSIBLE,SUSPENDED
CVC,"[""س"", ""u"", ""خ"", ""s""]",MODEL_ADMISSIBLE,SUSPENDED
CVC,"[""س"", ""u"", ""د"", ""s""]",MODEL_ADMISSIBLE,SUSPENDED
CVC,"[""س"", ""u"", ""ذ"", ""s""]",MODEL_ADMISSIBLE,SUSPENDED
CVC,"[""س"", ""u"", ""ر"", ""s""]",MODEL_ADMISSIBLE,SUSPENDED
CVC,"[""س"", ""u"", ""ز"", ""s""]",MODEL_ADMISSIBLE,SUSPENDED
CVC,"[""س"", ""u"", ""س"", ""s""]",MODEL_ADMISSIBLE,SUSPENDED
CVC,"[""س"", ""u"", ""ش"", ""s""]",MODEL_ADMISSIBLE,SUSPENDED
CVC,"[""س"", ""u"", ""ص"", ""s""]",MODEL_ADMISSIBLE,SUSPENDED
CVC,"[""س"", ""u"", ""ض"", ""s""]",MODEL_ADMISSIBLE,SUSPENDED
CVC,"[""س"", ""u"", ""ط"", ""s""]",MODEL_ADMISSIBLE,SUSPENDED
CVC,"[""س"", ""u"", ""ظ"", ""s""]",MODEL_ADMISSIBLE,SUSPENDED
CVC,"[""س"", ""u"", ""ع"", ""s""]",MODEL_ADMISSIBLE,SUSPENDED
CVC,"[""س"", ""u"", ""غ"", ""s""]",MODEL_ADMISSIBLE,SUSPENDED
CVC,"[""س"", ""u"", ""ف"", ""s""]",MODEL_ADMISSIBLE,SUSPENDED
CVC,"[""س"", ""u"", ""ق"", ""s""]",MODEL_ADMISSIBLE,SUSPENDED
CVC,"[""س"", ""u"", ""ك"", ""s""]",MODEL_ADMISSIBLE,SUSPENDED
CVC,"[""س"", ""u"", ""ل"", ""s""]",MODEL_ADMISSIBLE,SUSPENDED
CVC,"[""س"", ""u"", ""م"", ""s""]",MODEL_ADMISSIBLE,SUSPENDED
CVC,"[""س"", ""u"", ""ن"", ""s""]",MODEL_ADMISSIBLE,SUSPENDED
CVC,"[""س"", ""u"", ""ه"", ""s""]",MODEL_ADMISSIBLE,SUSPENDED
CVC,"[""س"", ""u"", ""و"", ""s""]",MODEL_ADMISSIBLE,SUSPENDED
CVC,"[""س"", ""u"", ""ي"", ""s""]",MODEL_ADMISSIBLE,SUSPENDED
CVC,"[""س"", ""u"", ""ء"", ""s""]",MODEL_ADMISSIBLE,SUSPENDED
CVC,"[""س"", ""i"", ""ا"", ""s""]",MODEL_ADMISSIBLE,SUSPENDED
CVC,"[""س"", ""i"", ""ب"", ""s""]",MODEL_ADMISSIBLE,SUSPENDED
CVC,"[""س"", ""i"", ""ت"", ""s""]",MODEL_ADMISSIBLE,SUSPENDED
CVC,"[""س"", ""i"", ""ث"", ""s""]",MODEL_ADMISSIBLE,SUSPENDED
CVC,"[""س"", ""i"", ""ج"", ""s""]",MODEL_ADMISSIBLE,SUSPENDED
CVC,"[""س"", ""i"", ""ح"", ""s""]",MODEL_ADMISSIBLE,SUSPENDED
CVC,"[""س"", ""i"", ""خ"", ""s""]",MODEL_ADMISSIBLE,SUSPENDED
CVC,"[""س"", ""i"", ""د"", ""s""]",MODEL_ADMISSIBLE,SUSPENDED
CVC,"[""س"", ""i"", ""ذ"", ""s""]",MODEL_ADMISSIBLE,SUSPENDED
CVC,"[""س"", ""i"", ""ر"", ""s""]",MODEL_ADMISSIBLE,SUSPENDED
CVC,"[""س"", ""i"", ""ز"", ""s""]",MODEL_ADMISSIBLE,SUSPENDED
CVC,"[""س"", ""i"", ""س"", ""s""]",MODEL_ADMISSIBLE,SUSPENDED
CVC,"[""س"", ""i"", ""ش"", ""s""]",MODEL_ADMISSIBLE,SUSPENDED
CVC,"[""س"", ""i"", ""ص"", ""s""]",MODEL_ADMISSIBLE,SUSPENDED
CVC,"[""س"", ""i"", ""ض"", ""s""]",MODEL_ADMISSIBLE,SUSPENDED
CVC,"[""س"", ""i"", ""ط"", ""s""]",MODEL_ADMISSIBLE,SUSPENDED
CVC,"[""س"", ""i"", ""ظ"", ""s""]",MODEL_ADMISSIBLE,SUSPENDED
CVC,"[""س"", ""i"", ""ع"", ""s""]",MODEL_ADMISSIBLE,SUSPENDED
CVC,"[""س"", ""i"", ""غ"", ""s""]",MODEL_ADMISSIBLE,SUSPENDED
CVC,"[""س"", ""i"", ""ف"", ""s""]",MODEL_ADMISSIBLE,SUSPENDED
CVC,"[""س"", ""i"", ""ق"", ""s""]",MODEL_ADMISSIBLE,SUSPENDED
CVC,"[""س"", ""i"", ""ك"", ""s""]",MODEL_ADMISSIBLE,SUSPENDED
CVC,"[""س"", ""i"", ""ل"", ""s""]",MODEL_ADMISSIBLE,SUSPENDED
CVC,"[""س"", ""i"", ""م"", ""s""]",MODEL_ADMISSIBLE,SUSPENDED
CVC,"[""س"", ""i"", ""ن"", ""s""]",MODEL_ADMISSIBLE,SUSPENDED
CVC,"[""س"", ""i"", ""ه"", ""s""]",MODEL_ADMISSIBLE,SUSPENDED
CVC,"[""س"", ""i"", ""و"", ""s""]",MODEL_ADMISSIBLE,SUSPENDED
CVC,"[""س"", ""i"", ""ي"", ""s""]",MODEL_ADMISSIBLE,SUSPENDED
CVC,"[""س"", ""i"", ""ء"", ""s""]",MODEL_ADMISSIBLE,SUSPENDED
CVC,"[""س"", ""s"", ""ا"", ""s""]",BASE_NOT_CV,SUSPENDED
CVC,"[""س"", ""s"", ""ب"", ""s""]",BASE_NOT_CV,SUSPENDED
CVC,"[""س"", ""s"", ""ت"", ""s""]",BASE_NOT_CV,SUSPENDED
CVC,"[""س"", ""s"", ""ث"", ""s""]",BASE_NOT_CV,SUSPENDED
CVC,"[""س"", ""s"", ""ج"", ""s""]",BASE_NOT_CV,SUSPENDED
CVC,"[""س"", ""s"", ""ح"", ""s""]",BASE_NOT_CV,SUSPENDED
CVC,"[""س"", ""s"", ""خ"", ""s""]",BASE_NOT_CV,SUSPENDED
CVC,"[""س"", ""s"", ""د"", ""s""]",BASE_NOT_CV,SUSPENDED
CVC,"[""س"", ""s"", ""ذ"", ""s""]",BASE_NOT_CV,SUSPENDED
CVC,"[""س"", ""s"", ""ر"", ""s""]",BASE_NOT_CV,SUSPENDED
CVC,"[""س"", ""s"", ""ز"", ""s""]",BASE_NOT_CV,SUSPENDED
CVC,"[""س"", ""s"", ""س"", ""s""]",BASE_NOT_CV,SUSPENDED
CVC,"[""س"", ""s"", ""ش"", ""s""]",BASE_NOT_CV,SUSPENDED
CVC,"[""س"", ""s"", ""ص"", ""s""]",BASE_NOT_CV,SUSPENDED
CVC,"[""س"", ""s"", ""ض"", ""s""]",BASE_NOT_CV,SUSPENDED
CVC,"[""س"", ""s"", ""ط"", ""s""]",BASE_NOT_CV,SUSPENDED
CVC,"[""س"", ""s"", ""ظ"", ""s""]",BASE_NOT_CV,SUSPENDED
CVC,"[""س"", ""s"", ""ع"", ""s""]",BASE_NOT_CV,SUSPENDED
CVC,"[""س"", ""s"", ""غ"", ""s""]",BASE_NOT_CV,SUSPENDED
CVC,"[""س"", ""s"", ""ف"", ""s""]",BASE_NOT_CV,SUSPENDED
CVC,"[""س"", ""s"", ""ق"", ""s""]",BASE_NOT_CV,SUSPENDED
CVC,"[""س"", ""s"", ""ك"", ""s""]",BASE_NOT_CV,SUSPENDED
CVC,"[""س"", ""s"", ""ل"", ""s""]",BASE_NOT_CV,SUSPENDED
CVC,"[""س"", ""s"", ""م"", ""s""]",BASE_NOT_CV,SUSPENDED
CVC,"[""س"", ""s"", ""ن"", ""s""]",BASE_NOT_CV,SUSPENDED
CVC,"[""س"", ""s"", ""ه"", ""s""]",BASE_NOT_CV,SUSPENDED
CVC,"[""س"", ""s"", ""و"", ""s""]",BASE_NOT_CV,SUSPENDED
CVC,"[""س"", ""s"", ""ي"", ""s""]",BASE_NOT_CV,SUSPENDED
CVC,"[""س"", ""s"", ""ء"", ""s""]",BASE_NOT_CV,SUSPENDED
CVC,"[""ش"", ""a"", ""ا"", ""s""]",MODEL_ADMISSIBLE,SUSPENDED
CVC,"[""ش"", ""a"", ""ب"", ""s""]",MODEL_ADMISSIBLE,SUSPENDED
CVC,"[""ش"", ""a"", ""ت"", ""s""]",MODEL_ADMISSIBLE,SUSPENDED
CVC,"[""ش"", ""a"", ""ث"", ""s""]",MODEL_ADMISSIBLE,SUSPENDED
CVC,"[""ش"", ""a"", ""ج"", ""s""]",MODEL_ADMISSIBLE,SUSPENDED
CVC,"[""ش"", ""a"", ""ح"", ""s""]",MODEL_ADMISSIBLE,SUSPENDED
CVC,"[""ش"", ""a"", ""خ"", ""s""]",MODEL_ADMISSIBLE,SUSPENDED
CVC,"[""ش"", ""a"", ""د"", ""s""]",MODEL_ADMISSIBLE,SUSPENDED
CVC,"[""ش"", ""a"", ""ذ"", ""s""]",MODEL_ADMISSIBLE,SUSPENDED
CVC,"[""ش"", ""a"", ""ر"", ""s""]",MODEL_ADMISSIBLE,SUSPENDED
CVC,"[""ش"", ""a"", ""ز"", ""s""]",MODEL_ADMISSIBLE,SUSPENDED
CVC,"[""ش"", ""a"", ""س"", ""s""]",MODEL_ADMISSIBLE,SUSPENDED
CVC,"[""ش"", ""a"", ""ش"", ""s""]",MODEL_ADMISSIBLE,SUSPENDED
CVC,"[""ش"", ""a"", ""ص"", ""s""]",MODEL_ADMISSIBLE,SUSPENDED
CVC,"[""ش"", ""a"", ""ض"", ""s""]",MODEL_ADMISSIBLE,SUSPENDED
CVC,"[""ش"", ""a"", ""ط"", ""s""]",MODEL_ADMISSIBLE,SUSPENDED
CVC,"[""ش"", ""a"", ""ظ"", ""s""]",MODEL_ADMISSIBLE,SUSPENDED
CVC,"[""ش"", ""a"", ""ع"", ""s""]",MODEL_ADMISSIBLE,SUSPENDED
CVC,"[""ش"", ""a"", ""غ"", ""s""]",MODEL_ADMISSIBLE,SUSPENDED
CVC,"[""ش"", ""a"", ""ف"", ""s""]",MODEL_ADMISSIBLE,SUSPENDED
CVC,"[""ش"", ""a"", ""ق"", ""s""]",MODEL_ADMISSIBLE,SUSPENDED
CVC,"[""ش"", ""a"", ""ك"", ""s""]",MODEL_ADMISSIBLE,SUSPENDED
CVC,"[""ش"", ""a"", ""ل"", ""s""]",MODEL_ADMISSIBLE,SUSPENDED
CVC,"[""ش"", ""a"", ""م"", ""s""]",MODEL_ADMISSIBLE,SUSPENDED
CVC,"[""ش"", ""a"", ""ن"", ""s""]",MODEL_ADMISSIBLE,SUSPENDED
CVC,"[""ش"", ""a"", ""ه"", ""s""]",MODEL_ADMISSIBLE,SUSPENDED
CVC,"[""ش"", ""a"", ""و"", ""s""]",MODEL_ADMISSIBLE,SUSPENDED
CVC,"[""ش"", ""a"", ""ي"", ""s""]",MODEL_ADMISSIBLE,SUSPENDED
CVC,"[""ش"", ""a"", ""ء"", ""s""]",MODEL_ADMISSIBLE,SUSPENDED
CVC,"[""ش"", ""u"", ""ا"", ""s""]",MODEL_ADMISSIBLE,SUSPENDED
CVC,"[""ش"", ""u"", ""ب"", ""s""]",MODEL_ADMISSIBLE,SUSPENDED
CVC,"[""ش"", ""u"", ""ت"", ""s""]",MODEL_ADMISSIBLE,SUSPENDED
CVC,"[""ش"", ""u"", ""ث"", ""s""]",MODEL_ADMISSIBLE,SUSPENDED
CVC,"[""ش"", ""u"", ""ج"", ""s""]",MODEL_ADMISSIBLE,SUSPENDED
CVC,"[""ش"", ""u"", ""ح"", ""s""]",MODEL_ADMISSIBLE,SUSPENDED
CVC,"[""ش"", ""u"", ""خ"", ""s""]",MODEL_ADMISSIBLE,SUSPENDED
CVC,"[""ش"", ""u"", ""د"", ""s""]",MODEL_ADMISSIBLE,SUSPENDED
CVC,"[""ش"", ""u"", ""ذ"", ""s""]",MODEL_ADMISSIBLE,SUSPENDED
CVC,"[""ش"", ""u"", ""ر"", ""s""]",MODEL_ADMISSIBLE,SUSPENDED
CVC,"[""ش"", ""u"", ""ز"", ""s""]",MODEL_ADMISSIBLE,SUSPENDED
CVC,"[""ش"", ""u"", ""س"", ""s""]",MODEL_ADMISSIBLE,SUSPENDED
CVC,"[""ش"", ""u"", ""ش"", ""s""]",MODEL_ADMISSIBLE,SUSPENDED
CVC,"[""ش"", ""u"", ""ص"", ""s""]",MODEL_ADMISSIBLE,SUSPENDED
CVC,"[""ش"", ""u"", ""ض"", ""s""]",MODEL_ADMISSIBLE,SUSPENDED
CVC,"[""ش"", ""u"", ""ط"", ""s""]",MODEL_ADMISSIBLE,SUSPENDED
CVC,"[""ش"", ""u"", ""ظ"", ""s""]",MODEL_ADMISSIBLE,SUSPENDED
CVC,"[""ش"", ""u"", ""ع"", ""s""]",MODEL_ADMISSIBLE,SUSPENDED
CVC,"[""ش"", ""u"", ""غ"", ""s""]",MODEL_ADMISSIBLE,SUSPENDED
CVC,"[""ش"", ""u"", ""ف"", ""s""]",MODEL_ADMISSIBLE,SUSPENDED
CVC,"[""ش"", ""u"", ""ق"", ""s""]",MODEL_ADMISSIBLE,SUSPENDED
CVC,"[""ش"", ""u"", ""ك"", ""s""]",MODEL_ADMISSIBLE,SUSPENDED
CVC,"[""ش"", ""u"", ""ل"", ""s""]",MODEL_ADMISSIBLE,SUSPENDED
CVC,"[""ش"", ""u"", ""م"", ""s""]",MODEL_ADMISSIBLE,SUSPENDED
CVC,"[""ش"", ""u"", ""ن"", ""s""]",MODEL_ADMISSIBLE,SUSPENDED
CVC,"[""ش"", ""u"", ""ه"", ""s""]",MODEL_ADMISSIBLE,SUSPENDED
CVC,"[""ش"", ""u"", ""و"", ""s""]",MODEL_ADMISSIBLE,SUSPENDED
CVC,"[""ش"", ""u"", ""ي"", ""s""]",MODEL_ADMISSIBLE,SUSPENDED
CVC,"[""ش"", ""u"", ""ء"", ""s""]",MODEL_ADMISSIBLE,SUSPENDED
CVC,"[""ش"", ""i"", ""ا"", ""s""]",MODEL_ADMISSIBLE,SUSPENDED
CVC,"[""ش"", ""i"", ""ب"", ""s""]",MODEL_ADMISSIBLE,SUSPENDED
CVC,"[""ش"", ""i"", ""ت"", ""s""]",MODEL_ADMISSIBLE,SUSPENDED
CVC,"[""ش"", ""i"", ""ث"", ""s""]",MODEL_ADMISSIBLE,SUSPENDED
CVC,"[""ش"", ""i"", ""ج"", ""s""]",MODEL_ADMISSIBLE,SUSPENDED
CVC,"[""ش"", ""i"", ""ح"", ""s""]",MODEL_ADMISSIBLE,SUSPENDED
CVC,"[""ش"", ""i"", ""خ"", ""s""]",MODEL_ADMISSIBLE,SUSPENDED
CVC,"[""ش"", ""i"", ""د"", ""s""]",MODEL_ADMISSIBLE,SUSPENDED
CVC,"[""ش"", ""i"", ""ذ"", ""s""]",MODEL_ADMISSIBLE,SUSPENDED
CVC,"[""ش"", ""i"", ""ر"", ""s""]",MODEL_ADMISSIBLE,SUSPENDED
CVC,"[""ش"", ""i"", ""ز"", ""s""]",MODEL_ADMISSIBLE,SUSPENDED
CVC,"[""ش"", ""i"", ""س"", ""s""]",MODEL_ADMISSIBLE,SUSPENDED
CVC,"[""ش"", ""i"", ""ش"", ""s""]",MODEL_ADMISSIBLE,SUSPENDED
CVC,"[""ش"", ""i"", ""ص"", ""s""]",MODEL_ADMISSIBLE,SUSPENDED
CVC,"[""ش"", ""i"", ""ض"", ""s""]",MODEL_ADMISSIBLE,SUSPENDED
CVC,"[""ش"", ""i"", ""ط"", ""s""]",MODEL_ADMISSIBLE,SUSPENDED
CVC,"[""ش"", ""i"", ""ظ"", ""s""]",MODEL_ADMISSIBLE,SUSPENDED
CVC,"[""ش"", ""i"", ""ع"", ""s""]",MODEL_ADMISSIBLE,SUSPENDED
CVC,"[""ش"", ""i"", ""غ"", ""s""]",MODEL_ADMISSIBLE,SUSPENDED
CVC,"[""ش"", ""i"", ""ف"", ""s""]",MODEL_ADMISSIBLE,SUSPENDED
CVC,"[""ش"", ""i"", ""ق"", ""s""]",MODEL_ADMISSIBLE,SUSPENDED
CVC,"[""ش"", ""i"", ""ك"", ""s""]",MODEL_ADMISSIBLE,SUSPENDED
CVC,"[""ش"", ""i"", ""ل"", ""s""]",MODEL_ADMISSIBLE,SUSPENDED
CVC,"[""ش"", ""i"", ""م"", ""s""]",MODEL_ADMISSIBLE,SUSPENDED
CVC,"[""ش"", ""i"", ""ن"", ""s""]",MODEL_ADMISSIBLE,SUSPENDED
CVC,"[""ش"", ""i"", ""ه"", ""s""]",MODEL_ADMISSIBLE,SUSPENDED
CVC,"[""ش"", ""i"", ""و"", ""s""]",MODEL_ADMISSIBLE,SUSPENDED
CVC,"[""ش"", ""i"", ""ي"", ""s""]",MODEL_ADMISSIBLE,SUSPENDED
CVC,"[""ش"", ""i"", ""ء"", ""s""]",MODEL_ADMISSIBLE,SUSPENDED
CVC,"[""ش"", ""s"", ""ا"", ""s""]",BASE_NOT_CV,SUSPENDED
CVC,"[""ش"", ""s"", ""ب"", ""s""]",BASE_NOT_CV,SUSPENDED
CVC,"[""ش"", ""s"", ""ت"", ""s""]",BASE_NOT_CV,SUSPENDED
CVC,"[""ش"", ""s"", ""ث"", ""s""]",BASE_NOT_CV,SUSPENDED
CVC,"[""ش"", ""s"", ""ج"", ""s""]",BASE_NOT_CV,SUSPENDED
CVC,"[""ش"", ""s"", ""ح"", ""s""]",BASE_NOT_CV,SUSPENDED
CVC,"[""ش"", ""s"", ""خ"", ""s""]",BASE_NOT_CV,SUSPENDED
CVC,"[""ش"", ""s"", ""د"", ""s""]",BASE_NOT_CV,SUSPENDED
CVC,"[""ش"", ""s"", ""ذ"", ""s""]",BASE_NOT_CV,SUSPENDED
CVC,"[""ش"", ""s"", ""ر"", ""s""]",BASE_NOT_CV,SUSPENDED
CVC,"[""ش"", ""s"", ""ز"", ""s""]",BASE_NOT_CV,SUSPENDED
CVC,"[""ش"", ""s"", ""س"", ""s""]",BASE_NOT_CV,SUSPENDED
CVC,"[""ش"", ""s"", ""ش"", ""s""]",BASE_NOT_CV,SUSPENDED
CVC,"[""ش"", ""s"", ""ص"", ""s""]",BASE_NOT_CV,SUSPENDED
CVC,"[""ش"", ""s"", ""ض"", ""s""]",BASE_NOT_CV,SUSPENDED
CVC,"[""ش"", ""s"", ""ط"", ""s""]",BASE_NOT_CV,SUSPENDED
CVC,"[""ش"", ""s"", ""ظ"", ""s""]",BASE_NOT_CV,SUSPENDED
CVC,"[""ش"", ""s"", ""ع"", ""s""]",BASE_NOT_CV,SUSPENDED
CVC,"[""ش"", ""s"", ""غ"", ""s""]",BASE_NOT_CV,SUSPENDED
CVC,"[""ش"", ""s"", ""ف"", ""s""]",BASE_NOT_CV,SUSPENDED
CVC,"[""ش"", ""s"", ""ق"", ""s""]",BASE_NOT_CV,SUSPENDED
CVC,"[""ش"", ""s"", ""ك"", ""s""]",BASE_NOT_CV,SUSPENDED
CVC,"[""ش"", ""s"", ""ل"", ""s""]",BASE_NOT_CV,SUSPENDED
CVC,"[""ش"", ""s"", ""م"", ""s""]",BASE_NOT_CV,SUSPENDED
CVC,"[""ش"", ""s"", ""ن"", ""s""]",BASE_NOT_CV,SUSPENDED
CVC,"[""ش"", ""s"", ""ه"", ""s""]",BASE_NOT_CV,SUSPENDED
CVC,"[""ش"", ""s"", ""و"", ""s""]",BASE_NOT_CV,SUSPENDED
CVC,"[""ش"", ""s"", ""ي"", ""s""]",BASE_NOT_CV,SUSPENDED
CVC,"[""ش"", ""s"", ""ء"", ""s""]",BASE_NOT_CV,SUSPENDED
CVC,"[""ص"", ""a"", ""ا"", ""s""]",MODEL_ADMISSIBLE,SUSPENDED
CVC,"[""ص"", ""a"", ""ب"", ""s""]",MODEL_ADMISSIBLE,SUSPENDED
CVC,"[""ص"", ""a"", ""ت"", ""s""]",MODEL_ADMISSIBLE,SUSPENDED
CVC,"[""ص"", ""a"", ""ث"", ""s""]",MODEL_ADMISSIBLE,SUSPENDED
CVC,"[""ص"", ""a"", ""ج"", ""s""]",MODEL_ADMISSIBLE,SUSPENDED
CVC,"[""ص"", ""a"", ""ح"", ""s""]",MODEL_ADMISSIBLE,SUSPENDED
CVC,"[""ص"", ""a"", ""خ"", ""s""]",MODEL_ADMISSIBLE,SUSPENDED
CVC,"[""ص"", ""a"", ""د"", ""s""]",MODEL_ADMISSIBLE,SUSPENDED
CVC,"[""ص"", ""a"", ""ذ"", ""s""]",MODEL_ADMISSIBLE,SUSPENDED
CVC,"[""ص"", ""a"", ""ر"", ""s""]",MODEL_ADMISSIBLE,SUSPENDED
CVC,"[""ص"", ""a"", ""ز"", ""s""]",MODEL_ADMISSIBLE,SUSPENDED
CVC,"[""ص"", ""a"", ""س"", ""s""]",MODEL_ADMISSIBLE,SUSPENDED
CVC,"[""ص"", ""a"", ""ش"", ""s""]",MODEL_ADMISSIBLE,SUSPENDED
CVC,"[""ص"", ""a"", ""ص"", ""s""]",MODEL_ADMISSIBLE,SUSPENDED
CVC,"[""ص"", ""a"", ""ض"", ""s""]",MODEL_ADMISSIBLE,SUSPENDED
CVC,"[""ص"", ""a"", ""ط"", ""s""]",MODEL_ADMISSIBLE,SUSPENDED
CVC,"[""ص"", ""a"", ""ظ"", ""s""]",MODEL_ADMISSIBLE,SUSPENDED
CVC,"[""ص"", ""a"", ""ع"", ""s""]",MODEL_ADMISSIBLE,SUSPENDED
CVC,"[""ص"", ""a"", ""غ"", ""s""]",MODEL_ADMISSIBLE,SUSPENDED
CVC,"[""ص"", ""a"", ""ف"", ""s""]",MODEL_ADMISSIBLE,SUSPENDED
CVC,"[""ص"", ""a"", ""ق"", ""s""]",MODEL_ADMISSIBLE,SUSPENDED
CVC,"[""ص"", ""a"", ""ك"", ""s""]",MODEL_ADMISSIBLE,SUSPENDED
CVC,"[""ص"", ""a"", ""ل"", ""s""]",MODEL_ADMISSIBLE,SUSPENDED
CVC,"[""ص"", ""a"", ""م"", ""s""]",MODEL_ADMISSIBLE,SUSPENDED
CVC,"[""ص"", ""a"", ""ن"", ""s""]",MODEL_ADMISSIBLE,SUSPENDED
CVC,"[""ص"", ""a"", ""ه"", ""s""]",MODEL_ADMISSIBLE,SUSPENDED
CVC,"[""ص"", ""a"", ""و"", ""s""]",MODEL_ADMISSIBLE,SUSPENDED
CVC,"[""ص"", ""a"", ""ي"", ""s""]",MODEL_ADMISSIBLE,SUSPENDED
CVC,"[""ص"", ""a"", ""ء"", ""s""]",MODEL_ADMISSIBLE,SUSPENDED
CVC,"[""ص"", ""u"", ""ا"", ""s""]",MODEL_ADMISSIBLE,SUSPENDED
CVC,"[""ص"", ""u"", ""ب"", ""s""]",MODEL_ADMISSIBLE,SUSPENDED
CVC,"[""ص"", ""u"", ""ت"", ""s""]",MODEL_ADMISSIBLE,SUSPENDED
CVC,"[""ص"", ""u"", ""ث"", ""s""]",MODEL_ADMISSIBLE,SUSPENDED
CVC,"[""ص"", ""u"", ""ج"", ""s""]",MODEL_ADMISSIBLE,SUSPENDED
CVC,"[""ص"", ""u"", ""ح"", ""s""]",MODEL_ADMISSIBLE,SUSPENDED
CVC,"[""ص"", ""u"", ""خ"", ""s""]",MODEL_ADMISSIBLE,SUSPENDED
CVC,"[""ص"", ""u"", ""د"", ""s""]",MODEL_ADMISSIBLE,SUSPENDED
CVC,"[""ص"", ""u"", ""ذ"", ""s""]",MODEL_ADMISSIBLE,SUSPENDED
CVC,"[""ص"", ""u"", ""ر"", ""s""]",MODEL_ADMISSIBLE,SUSPENDED
CVC,"[""ص"", ""u"", ""ز"", ""s""]",MODEL_ADMISSIBLE,SUSPENDED
CVC,"[""ص"", ""u"", ""س"", ""s""]",MODEL_ADMISSIBLE,SUSPENDED
CVC,"[""ص"", ""u"", ""ش"", ""s""]",MODEL_ADMISSIBLE,SUSPENDED
CVC,"[""ص"", ""u"", ""ص"", ""s""]",MODEL_ADMISSIBLE,SUSPENDED
CVC,"[""ص"", ""u"", ""ض"", ""s""]",MODEL_ADMISSIBLE,SUSPENDED
CVC,"[""ص"", ""u"", ""ط"", ""s""]",MODEL_ADMISSIBLE,SUSPENDED
CVC,"[""ص"", ""u"", ""ظ"", ""s""]",MODEL_ADMISSIBLE,SUSPENDED
CVC,"[""ص"", ""u"", ""ع"", ""s""]",MODEL_ADMISSIBLE,SUSPENDED
CVC,"[""ص"", ""u"", ""غ"", ""s""]",MODEL_ADMISSIBLE,SUSPENDED
CVC,"[""ص"", ""u"", ""ف"", ""s""]",MODEL_ADMISSIBLE,SUSPENDED
CVC,"[""ص"", ""u"", ""ق"", ""s""]",MODEL_ADMISSIBLE,SUSPENDED
CVC,"[""ص"", ""u"", ""ك"", ""s""]",MODEL_ADMISSIBLE,SUSPENDED
CVC,"[""ص"", ""u"", ""ل"", ""s""]",MODEL_ADMISSIBLE,SUSPENDED
CVC,"[""ص"", ""u"", ""م"", ""s""]",MODEL_ADMISSIBLE,SUSPENDED
CVC,"[""ص"", ""u"", ""ن"", ""s""]",MODEL_ADMISSIBLE,SUSPENDED
CVC,"[""ص"", ""u"", ""ه"", ""s""]",MODEL_ADMISSIBLE,SUSPENDED
CVC,"[""ص"", ""u"", ""و"", ""s""]",MODEL_ADMISSIBLE,SUSPENDED
CVC,"[""ص"", ""u"", ""ي"", ""s""]",MODEL_ADMISSIBLE,SUSPENDED
CVC,"[""ص"", ""u"", ""ء"", ""s""]",MODEL_ADMISSIBLE,SUSPENDED
CVC,"[""ص"", ""i"", ""ا"", ""s""]",MODEL_ADMISSIBLE,SUSPENDED
CVC,"[""ص"", ""i"", ""ب"", ""s""]",MODEL_ADMISSIBLE,SUSPENDED
CVC,"[""ص"", ""i"", ""ت"", ""s""]",MODEL_ADMISSIBLE,SUSPENDED
CVC,"[""ص"", ""i"", ""ث"", ""s""]",MODEL_ADMISSIBLE,SUSPENDED
CVC,"[""ص"", ""i"", ""ج"", ""s""]",MODEL_ADMISSIBLE,SUSPENDED
CVC,"[""ص"", ""i"", ""ح"", ""s""]",MODEL_ADMISSIBLE,SUSPENDED
CVC,"[""ص"", ""i"", ""خ"", ""s""]",MODEL_ADMISSIBLE,SUSPENDED
CVC,"[""ص"", ""i"", ""د"", ""s""]",MODEL_ADMISSIBLE,SUSPENDED
CVC,"[""ص"", ""i"", ""ذ"", ""s""]",MODEL_ADMISSIBLE,SUSPENDED
CVC,"[""ص"", ""i"", ""ر"", ""s""]",MODEL_ADMISSIBLE,SUSPENDED
CVC,"[""ص"", ""i"", ""ز"", ""s""]",MODEL_ADMISSIBLE,SUSPENDED
CVC,"[""ص"", ""i"", ""س"", ""s""]",MODEL_ADMISSIBLE,SUSPENDED
CVC,"[""ص"", ""i"", ""ش"", ""s""]",MODEL_ADMISSIBLE,SUSPENDED
CVC,"[""ص"", ""i"", ""ص"", ""s""]",MODEL_ADMISSIBLE,SUSPENDED
CVC,"[""ص"", ""i"", ""ض"", ""s""]",MODEL_ADMISSIBLE,SUSPENDED
CVC,"[""ص"", ""i"", ""ط"", ""s""]",MODEL_ADMISSIBLE,SUSPENDED
CVC,"[""ص"", ""i"", ""ظ"", ""s""]",MODEL_ADMISSIBLE,SUSPENDED
CVC,"[""ص"", ""i"", ""ع"", ""s""]",MODEL_ADMISSIBLE,SUSPENDED
CVC,"[""ص"", ""i"", ""غ"", ""s""]",MODEL_ADMISSIBLE,SUSPENDED
CVC,"[""ص"", ""i"", ""ف"", ""s""]",MODEL_ADMISSIBLE,SUSPENDED
CVC,"[""ص"", ""i"", ""ق"", ""s""]",MODEL_ADMISSIBLE,SUSPENDED
CVC,"[""ص"", ""i"", ""ك"", ""s""]",MODEL_ADMISSIBLE,SUSPENDED
CVC,"[""ص"", ""i"", ""ل"", ""s""]",MODEL_ADMISSIBLE,SUSPENDED
CVC,"[""ص"", ""i"", ""م"", ""s""]",MODEL_ADMISSIBLE,SUSPENDED
CVC,"[""ص"", ""i"", ""ن"", ""s""]",MODEL_ADMISSIBLE,SUSPENDED
CVC,"[""ص"", ""i"", ""ه"", ""s""]",MODEL_ADMISSIBLE,SUSPENDED
CVC,"[""ص"", ""i"", ""و"", ""s""]",MODEL_ADMISSIBLE,SUSPENDED
CVC,"[""ص"", ""i"", ""ي"", ""s""]",MODEL_ADMISSIBLE,SUSPENDED
CVC,"[""ص"", ""i"", ""ء"", ""s""]",MODEL_ADMISSIBLE,SUSPENDED
CVC,"[""ص"", ""s"", ""ا"", ""s""]",BASE_NOT_CV,SUSPENDED
CVC,"[""ص"", ""s"", ""ب"", ""s""]",BASE_NOT_CV,SUSPENDED
CVC,"[""ص"", ""s"", ""ت"", ""s""]",BASE_NOT_CV,SUSPENDED
CVC,"[""ص"", ""s"", ""ث"", ""s""]",BASE_NOT_CV,SUSPENDED
CVC,"[""ص"", ""s"", ""ج"", ""s""]",BASE_NOT_CV,SUSPENDED
CVC,"[""ص"", ""s"", ""ح"", ""s""]",BASE_NOT_CV,SUSPENDED
CVC,"[""ص"", ""s"", ""خ"", ""s""]",BASE_NOT_CV,SUSPENDED
CVC,"[""ص"", ""s"", ""د"", ""s""]",BASE_NOT_CV,SUSPENDED
CVC,"[""ص"", ""s"", ""ذ"", ""s""]",BASE_NOT_CV,SUSPENDED
CVC,"[""ص"", ""s"", ""ر"", ""s""]",BASE_NOT_CV,SUSPENDED
CVC,"[""ص"", ""s"", ""ز"", ""s""]",BASE_NOT_CV,SUSPENDED
CVC,"[""ص"", ""s"", ""س"", ""s""]",BASE_NOT_CV,SUSPENDED
CVC,"[""ص"", ""s"", ""ش"", ""s""]",BASE_NOT_CV,SUSPENDED
CVC,"[""ص"", ""s"", ""ص"", ""s""]",BASE_NOT_CV,SUSPENDED
CVC,"[""ص"", ""s"", ""ض"", ""s""]",BASE_NOT_CV,SUSPENDED
CVC,"[""ص"", ""s"", ""ط"", ""s""]",BASE_NOT_CV,SUSPENDED
CVC,"[""ص"", ""s"", ""ظ"", ""s""]",BASE_NOT_CV,SUSPENDED
CVC,"[""ص"", ""s"", ""ع"", ""s""]",BASE_NOT_CV,SUSPENDED
CVC,"[""ص"", ""s"", ""غ"", ""s""]",BASE_NOT_CV,SUSPENDED
CVC,"[""ص"", ""s"", ""ف"", ""s""]",BASE_NOT_CV,SUSPENDED
CVC,"[""ص"", ""s"", ""ق"", ""s""]",BASE_NOT_CV,SUSPENDED
CVC,"[""ص"", ""s"", ""ك"", ""s""]",BASE_NOT_CV,SUSPENDED
CVC,"[""ص"", ""s"", ""ل"", ""s""]",BASE_NOT_CV,SUSPENDED
CVC,"[""ص"", ""s"", ""م"", ""s""]",BASE_NOT_CV,SUSPENDED
CVC,"[""ص"", ""s"", ""ن"", ""s""]",BASE_NOT_CV,SUSPENDED
CVC,"[""ص"", ""s"", ""ه"", ""s""]",BASE_NOT_CV,SUSPENDED
CVC,"[""ص"", ""s"", ""و"", ""s""]",BASE_NOT_CV,SUSPENDED
CVC,"[""ص"", ""s"", ""ي"", ""s""]",BASE_NOT_CV,SUSPENDED
CVC,"[""ص"", ""s"", ""ء"", ""s""]",BASE_NOT_CV,SUSPENDED
CVC,"[""ض"", ""a"", ""ا"", ""s""]",MODEL_ADMISSIBLE,SUSPENDED
CVC,"[""ض"", ""a"", ""ب"", ""s""]",MODEL_ADMISSIBLE,SUSPENDED
CVC,"[""ض"", ""a"", ""ت"", ""s""]",MODEL_ADMISSIBLE,SUSPENDED
CVC,"[""ض"", ""a"", ""ث"", ""s""]",MODEL_ADMISSIBLE,SUSPENDED
CVC,"[""ض"", ""a"", ""ج"", ""s""]",MODEL_ADMISSIBLE,SUSPENDED
CVC,"[""ض"", ""a"", ""ح"", ""s""]",MODEL_ADMISSIBLE,SUSPENDED
CVC,"[""ض"", ""a"", ""خ"", ""s""]",MODEL_ADMISSIBLE,SUSPENDED
CVC,"[""ض"", ""a"", ""د"", ""s""]",MODEL_ADMISSIBLE,SUSPENDED
CVC,"[""ض"", ""a"", ""ذ"", ""s""]",MODEL_ADMISSIBLE,SUSPENDED
CVC,"[""ض"", ""a"", ""ر"", ""s""]",MODEL_ADMISSIBLE,SUSPENDED
CVC,"[""ض"", ""a"", ""ز"", ""s""]",MODEL_ADMISSIBLE,SUSPENDED
CVC,"[""ض"", ""a"", ""س"", ""s""]",MODEL_ADMISSIBLE,SUSPENDED
CVC,"[""ض"", ""a"", ""ش"", ""s""]",MODEL_ADMISSIBLE,SUSPENDED
CVC,"[""ض"", ""a"", ""ص"", ""s""]",MODEL_ADMISSIBLE,SUSPENDED
CVC,"[""ض"", ""a"", ""ض"", ""s""]",MODEL_ADMISSIBLE,SUSPENDED
CVC,"[""ض"", ""a"", ""ط"", ""s""]",MODEL_ADMISSIBLE,SUSPENDED
CVC,"[""ض"", ""a"", ""ظ"", ""s""]",MODEL_ADMISSIBLE,SUSPENDED
CVC,"[""ض"", ""a"", ""ع"", ""s""]",MODEL_ADMISSIBLE,SUSPENDED
CVC,"[""ض"", ""a"", ""غ"", ""s""]",MODEL_ADMISSIBLE,SUSPENDED
CVC,"[""ض"", ""a"", ""ف"", ""s""]",MODEL_ADMISSIBLE,SUSPENDED
CVC,"[""ض"", ""a"", ""ق"", ""s""]",MODEL_ADMISSIBLE,SUSPENDED
CVC,"[""ض"", ""a"", ""ك"", ""s""]",MODEL_ADMISSIBLE,SUSPENDED
CVC,"[""ض"", ""a"", ""ل"", ""s""]",MODEL_ADMISSIBLE,SUSPENDED
CVC,"[""ض"", ""a"", ""م"", ""s""]",MODEL_ADMISSIBLE,SUSPENDED
CVC,"[""ض"", ""a"", ""ن"", ""s""]",MODEL_ADMISSIBLE,SUSPENDED
CVC,"[""ض"", ""a"", ""ه"", ""s""]",MODEL_ADMISSIBLE,SUSPENDED
CVC,"[""ض"", ""a"", ""و"", ""s""]",MODEL_ADMISSIBLE,SUSPENDED
CVC,"[""ض"", ""a"", ""ي"", ""s""]",MODEL_ADMISSIBLE,SUSPENDED
CVC,"[""ض"", ""a"", ""ء"", ""s""]",MODEL_ADMISSIBLE,SUSPENDED
CVC,"[""ض"", ""u"", ""ا"", ""s""]",MODEL_ADMISSIBLE,SUSPENDED
CVC,"[""ض"", ""u"", ""ب"", ""s""]",MODEL_ADMISSIBLE,SUSPENDED
CVC,"[""ض"", ""u"", ""ت"", ""s""]",MODEL_ADMISSIBLE,SUSPENDED
CVC,"[""ض"", ""u"", ""ث"", ""s""]",MODEL_ADMISSIBLE,SUSPENDED
CVC,"[""ض"", ""u"", ""ج"", ""s""]",MODEL_ADMISSIBLE,SUSPENDED
CVC,"[""ض"", ""u"", ""ح"", ""s""]",MODEL_ADMISSIBLE,SUSPENDED
CVC,"[""ض"", ""u"", ""خ"", ""s""]",MODEL_ADMISSIBLE,SUSPENDED
CVC,"[""ض"", ""u"", ""د"", ""s""]",MODEL_ADMISSIBLE,SUSPENDED
CVC,"[""ض"", ""u"", ""ذ"", ""s""]",MODEL_ADMISSIBLE,SUSPENDED
CVC,"[""ض"", ""u"", ""ر"", ""s""]",MODEL_ADMISSIBLE,SUSPENDED
CVC,"[""ض"", ""u"", ""ز"", ""s""]",MODEL_ADMISSIBLE,SUSPENDED
CVC,"[""ض"", ""u"", ""س"", ""s""]",MODEL_ADMISSIBLE,SUSPENDED
CVC,"[""ض"", ""u"", ""ش"", ""s""]",MODEL_ADMISSIBLE,SUSPENDED
CVC,"[""ض"", ""u"", ""ص"", ""s""]",MODEL_ADMISSIBLE,SUSPENDED
CVC,"[""ض"", ""u"", ""ض"", ""s""]",MODEL_ADMISSIBLE,SUSPENDED
CVC,"[""ض"", ""u"", ""ط"", ""s""]",MODEL_ADMISSIBLE,SUSPENDED
CVC,"[""ض"", ""u"", ""ظ"", ""s""]",MODEL_ADMISSIBLE,SUSPENDED
CVC,"[""ض"", ""u"", ""ع"", ""s""]",MODEL_ADMISSIBLE,SUSPENDED
CVC,"[""ض"", ""u"", ""غ"", ""s""]",MODEL_ADMISSIBLE,SUSPENDED
CVC,"[""ض"", ""u"", ""ف"", ""s""]",MODEL_ADMISSIBLE,SUSPENDED
CVC,"[""ض"", ""u"", ""ق"", ""s""]",MODEL_ADMISSIBLE,SUSPENDED
CVC,"[""ض"", ""u"", ""ك"", ""s""]",MODEL_ADMISSIBLE,SUSPENDED
CVC,"[""ض"", ""u"", ""ل"", ""s""]",MODEL_ADMISSIBLE,SUSPENDED
CVC,"[""ض"", ""u"", ""م"", ""s""]",MODEL_ADMISSIBLE,SUSPENDED
CVC,"[""ض"", ""u"", ""ن"", ""s""]",MODEL_ADMISSIBLE,SUSPENDED
CVC,"[""ض"", ""u"", ""ه"", ""s""]",MODEL_ADMISSIBLE,SUSPENDED
CVC,"[""ض"", ""u"", ""و"", ""s""]",MODEL_ADMISSIBLE,SUSPENDED
CVC,"[""ض"", ""u"", ""ي"", ""s""]",MODEL_ADMISSIBLE,SUSPENDED
CVC,"[""ض"", ""u"", ""ء"", ""s""]",MODEL_ADMISSIBLE,SUSPENDED
CVC,"[""ض"", ""i"", ""ا"", ""s""]",MODEL_ADMISSIBLE,SUSPENDED
CVC,"[""ض"", ""i"", ""ب"", ""s""]",MODEL_ADMISSIBLE,SUSPENDED
CVC,"[""ض"", ""i"", ""ت"", ""s""]",MODEL_ADMISSIBLE,SUSPENDED
CVC,"[""ض"", ""i"", ""ث"", ""s""]",MODEL_ADMISSIBLE,SUSPENDED
CVC,"[""ض"", ""i"", ""ج"", ""s""]",MODEL_ADMISSIBLE,SUSPENDED
CVC,"[""ض"", ""i"", ""ح"", ""s""]",MODEL_ADMISSIBLE,SUSPENDED
CVC,"[""ض"", ""i"", ""خ"", ""s""]",MODEL_ADMISSIBLE,SUSPENDED
CVC,"[""ض"", ""i"", ""د"", ""s""]",MODEL_ADMISSIBLE,SUSPENDED
CVC,"[""ض"", ""i"", ""ذ"", ""s""]",MODEL_ADMISSIBLE,SUSPENDED
CVC,"[""ض"", ""i"", ""ر"", ""s""]",MODEL_ADMISSIBLE,SUSPENDED
CVC,"[""ض"", ""i"", ""ز"", ""s""]",MODEL_ADMISSIBLE,SUSPENDED
CVC,"[""ض"", ""i"", ""س"", ""s""]",MODEL_ADMISSIBLE,SUSPENDED
CVC,"[""ض"", ""i"", ""ش"", ""s""]",MODEL_ADMISSIBLE,SUSPENDED
CVC,"[""ض"", ""i"", ""ص"", ""s""]",MODEL_ADMISSIBLE,SUSPENDED
CVC,"[""ض"", ""i"", ""ض"", ""s""]",MODEL_ADMISSIBLE,SUSPENDED
CVC,"[""ض"", ""i"", ""ط"", ""s""]",MODEL_ADMISSIBLE,SUSPENDED
CVC,"[""ض"", ""i"", ""ظ"", ""s""]",MODEL_ADMISSIBLE,SUSPENDED
CVC,"[""ض"", ""i"", ""ع"", ""s""]",MODEL_ADMISSIBLE,SUSPENDED
CVC,"[""ض"", ""i"", ""غ"", ""s""]",MODEL_ADMISSIBLE,SUSPENDED
CVC,"[""ض"", ""i"", ""ف"", ""s""]",MODEL_ADMISSIBLE,SUSPENDED
CVC,"[""ض"", ""i"", ""ق"", ""s""]",MODEL_ADMISSIBLE,SUSPENDED
CVC,"[""ض"", ""i"", ""ك"", ""s""]",MODEL_ADMISSIBLE,SUSPENDED
CVC,"[""ض"", ""i"", ""ل"", ""s""]",MODEL_ADMISSIBLE,SUSPENDED
CVC,"[""ض"", ""i"", ""م"", ""s""]",MODEL_ADMISSIBLE,SUSPENDED
CVC,"[""ض"", ""i"", ""ن"", ""s""]",MODEL_ADMISSIBLE,SUSPENDED
CVC,"[""ض"", ""i"", ""ه"", ""s""]",MODEL_ADMISSIBLE,SUSPENDED
CVC,"[""ض"", ""i"", ""و"", ""s""]",MODEL_ADMISSIBLE,SUSPENDED
CVC,"[""ض"", ""i"", ""ي"", ""s""]",MODEL_ADMISSIBLE,SUSPENDED
CVC,"[""ض"", ""i"", ""ء"", ""s""]",MODEL_ADMISSIBLE,SUSPENDED
CVC,"[""ض"", ""s"", ""ا"", ""s""]",BASE_NOT_CV,SUSPENDED
CVC,"[""ض"", ""s"", ""ب"", ""s""]",BASE_NOT_CV,SUSPENDED
CVC,"[""ض"", ""s"", ""ت"", ""s""]",BASE_NOT_CV,SUSPENDED
CVC,"[""ض"", ""s"", ""ث"", ""s""]",BASE_NOT_CV,SUSPENDED
CVC,"[""ض"", ""s"", ""ج"", ""s""]",BASE_NOT_CV,SUSPENDED
CVC,"[""ض"", ""s"", ""ح"", ""s""]",BASE_NOT_CV,SUSPENDED
CVC,"[""ض"", ""s"", ""خ"", ""s""]",BASE_NOT_CV,SUSPENDED
CVC,"[""ض"", ""s"", ""د"", ""s""]",BASE_NOT_CV,SUSPENDED
CVC,"[""ض"", ""s"", ""ذ"", ""s""]",BASE_NOT_CV,SUSPENDED
CVC,"[""ض"", ""s"", ""ر"", ""s""]",BASE_NOT_CV,SUSPENDED
CVC,"[""ض"", ""s"", ""ز"", ""s""]",BASE_NOT_CV,SUSPENDED
CVC,"[""ض"", ""s"", ""س"", ""s""]",BASE_NOT_CV,SUSPENDED
CVC,"[""ض"", ""s"", ""ش"", ""s""]",BASE_NOT_CV,SUSPENDED
CVC,"[""ض"", ""s"", ""ص"", ""s""]",BASE_NOT_CV,SUSPENDED
CVC,"[""ض"", ""s"", ""ض"", ""s""]",BASE_NOT_CV,SUSPENDED
CVC,"[""ض"", ""s"", ""ط"", ""s""]",BASE_NOT_CV,SUSPENDED
CVC,"[""ض"", ""s"", ""ظ"", ""s""]",BASE_NOT_CV,SUSPENDED
CVC,"[""ض"", ""s"", ""ع"", ""s""]",BASE_NOT_CV,SUSPENDED
CVC,"[""ض"", ""s"", ""غ"", ""s""]",BASE_NOT_CV,SUSPENDED
CVC,"[""ض"", ""s"", ""ف"", ""s""]",BASE_NOT_CV,SUSPENDED
CVC,"[""ض"", ""s"", ""ق"", ""s""]",BASE_NOT_CV,SUSPENDED
CVC,"[""ض"", ""s"", ""ك"", ""s""]",BASE_NOT_CV,SUSPENDED
CVC,"[""ض"", ""s"", ""ل"", ""s""]",BASE_NOT_CV,SUSPENDED
CVC,"[""ض"", ""s"", ""م"", ""s""]",BASE_NOT_CV,SUSPENDED
CVC,"[""ض"", ""s"", ""ن"", ""s""]",BASE_NOT_CV,SUSPENDED
CVC,"[""ض"", ""s"", ""ه"", ""s""]",BASE_NOT_CV,SUSPENDED
CVC,"[""ض"", ""s"", ""و"", ""s""]",BASE_NOT_CV,SUSPENDED
CVC,"[""ض"", ""s"", ""ي"", ""s""]",BASE_NOT_CV,SUSPENDED
CVC,"[""ض"", ""s"", ""ء"", ""s""]",BASE_NOT_CV,SUSPENDED
CVC,"[""ط"", ""a"", ""ا"", ""s""]",MODEL_ADMISSIBLE,SUSPENDED
CVC,"[""ط"", ""a"", ""ب"", ""s""]",MODEL_ADMISSIBLE,SUSPENDED
CVC,"[""ط"", ""a"", ""ت"", ""s""]",MODEL_ADMISSIBLE,SUSPENDED
CVC,"[""ط"", ""a"", ""ث"", ""s""]",MODEL_ADMISSIBLE,SUSPENDED
CVC,"[""ط"", ""a"", ""ج"", ""s""]",MODEL_ADMISSIBLE,SUSPENDED
CVC,"[""ط"", ""a"", ""ح"", ""s""]",MODEL_ADMISSIBLE,SUSPENDED
CVC,"[""ط"", ""a"", ""خ"", ""s""]",MODEL_ADMISSIBLE,SUSPENDED
CVC,"[""ط"", ""a"", ""د"", ""s""]",MODEL_ADMISSIBLE,SUSPENDED
CVC,"[""ط"", ""a"", ""ذ"", ""s""]",MODEL_ADMISSIBLE,SUSPENDED
CVC,"[""ط"", ""a"", ""ر"", ""s""]",MODEL_ADMISSIBLE,SUSPENDED
CVC,"[""ط"", ""a"", ""ز"", ""s""]",MODEL_ADMISSIBLE,SUSPENDED
CVC,"[""ط"", ""a"", ""س"", ""s""]",MODEL_ADMISSIBLE,SUSPENDED
CVC,"[""ط"", ""a"", ""ش"", ""s""]",MODEL_ADMISSIBLE,SUSPENDED
CVC,"[""ط"", ""a"", ""ص"", ""s""]",MODEL_ADMISSIBLE,SUSPENDED
CVC,"[""ط"", ""a"", ""ض"", ""s""]",MODEL_ADMISSIBLE,SUSPENDED
CVC,"[""ط"", ""a"", ""ط"", ""s""]",MODEL_ADMISSIBLE,SUSPENDED
CVC,"[""ط"", ""a"", ""ظ"", ""s""]",MODEL_ADMISSIBLE,SUSPENDED
CVC,"[""ط"", ""a"", ""ع"", ""s""]",MODEL_ADMISSIBLE,SUSPENDED
CVC,"[""ط"", ""a"", ""غ"", ""s""]",MODEL_ADMISSIBLE,SUSPENDED
CVC,"[""ط"", ""a"", ""ف"", ""s""]",MODEL_ADMISSIBLE,SUSPENDED
CVC,"[""ط"", ""a"", ""ق"", ""s""]",MODEL_ADMISSIBLE,SUSPENDED
CVC,"[""ط"", ""a"", ""ك"", ""s""]",MODEL_ADMISSIBLE,SUSPENDED
CVC,"[""ط"", ""a"", ""ل"", ""s""]",MODEL_ADMISSIBLE,SUSPENDED
CVC,"[""ط"", ""a"", ""م"", ""s""]",MODEL_ADMISSIBLE,SUSPENDED
CVC,"[""ط"", ""a"", ""ن"", ""s""]",MODEL_ADMISSIBLE,SUSPENDED
CVC,"[""ط"", ""a"", ""ه"", ""s""]",MODEL_ADMISSIBLE,SUSPENDED
CVC,"[""ط"", ""a"", ""و"", ""s""]",MODEL_ADMISSIBLE,SUSPENDED
CVC,"[""ط"", ""a"", ""ي"", ""s""]",MODEL_ADMISSIBLE,SUSPENDED
CVC,"[""ط"", ""a"", ""ء"", ""s""]",MODEL_ADMISSIBLE,SUSPENDED
CVC,"[""ط"", ""u"", ""ا"", ""s""]",MODEL_ADMISSIBLE,SUSPENDED
CVC,"[""ط"", ""u"", ""ب"", ""s""]",MODEL_ADMISSIBLE,SUSPENDED
CVC,"[""ط"", ""u"", ""ت"", ""s""]",MODEL_ADMISSIBLE,SUSPENDED
CVC,"[""ط"", ""u"", ""ث"", ""s""]",MODEL_ADMISSIBLE,SUSPENDED
CVC,"[""ط"", ""u"", ""ج"", ""s""]",MODEL_ADMISSIBLE,SUSPENDED
CVC,"[""ط"", ""u"", ""ح"", ""s""]",MODEL_ADMISSIBLE,SUSPENDED
CVC,"[""ط"", ""u"", ""خ"", ""s""]",MODEL_ADMISSIBLE,SUSPENDED
CVC,"[""ط"", ""u"", ""د"", ""s""]",MODEL_ADMISSIBLE,SUSPENDED
CVC,"[""ط"", ""u"", ""ذ"", ""s""]",MODEL_ADMISSIBLE,SUSPENDED
CVC,"[""ط"", ""u"", ""ر"", ""s""]",MODEL_ADMISSIBLE,SUSPENDED
CVC,"[""ط"", ""u"", ""ز"", ""s""]",MODEL_ADMISSIBLE,SUSPENDED
CVC,"[""ط"", ""u"", ""س"", ""s""]",MODEL_ADMISSIBLE,SUSPENDED
CVC,"[""ط"", ""u"", ""ش"", ""s""]",MODEL_ADMISSIBLE,SUSPENDED
CVC,"[""ط"", ""u"", ""ص"", ""s""]",MODEL_ADMISSIBLE,SUSPENDED
CVC,"[""ط"", ""u"", ""ض"", ""s""]",MODEL_ADMISSIBLE,SUSPENDED
CVC,"[""ط"", ""u"", ""ط"", ""s""]",MODEL_ADMISSIBLE,SUSPENDED
CVC,"[""ط"", ""u"", ""ظ"", ""s""]",MODEL_ADMISSIBLE,SUSPENDED
CVC,"[""ط"", ""u"", ""ع"", ""s""]",MODEL_ADMISSIBLE,SUSPENDED
CVC,"[""ط"", ""u"", ""غ"", ""s""]",MODEL_ADMISSIBLE,SUSPENDED
CVC,"[""ط"", ""u"", ""ف"", ""s""]",MODEL_ADMISSIBLE,SUSPENDED
CVC,"[""ط"", ""u"", ""ق"", ""s""]",MODEL_ADMISSIBLE,SUSPENDED
CVC,"[""ط"", ""u"", ""ك"", ""s""]",MODEL_ADMISSIBLE,SUSPENDED
CVC,"[""ط"", ""u"", ""ل"", ""s""]",MODEL_ADMISSIBLE,SUSPENDED
CVC,"[""ط"", ""u"", ""م"", ""s""]",MODEL_ADMISSIBLE,SUSPENDED
CVC,"[""ط"", ""u"", ""ن"", ""s""]",MODEL_ADMISSIBLE,SUSPENDED
CVC,"[""ط"", ""u"", ""ه"", ""s""]",MODEL_ADMISSIBLE,SUSPENDED
CVC,"[""ط"", ""u"", ""و"", ""s""]",MODEL_ADMISSIBLE,SUSPENDED
CVC,"[""ط"", ""u"", ""ي"", ""s""]",MODEL_ADMISSIBLE,SUSPENDED
CVC,"[""ط"", ""u"", ""ء"", ""s""]",MODEL_ADMISSIBLE,SUSPENDED
CVC,"[""ط"", ""i"", ""ا"", ""s""]",MODEL_ADMISSIBLE,SUSPENDED
CVC,"[""ط"", ""i"", ""ب"", ""s""]",MODEL_ADMISSIBLE,SUSPENDED
CVC,"[""ط"", ""i"", ""ت"", ""s""]",MODEL_ADMISSIBLE,SUSPENDED
CVC,"[""ط"", ""i"", ""ث"", ""s""]",MODEL_ADMISSIBLE,SUSPENDED
CVC,"[""ط"", ""i"", ""ج"", ""s""]",MODEL_ADMISSIBLE,SUSPENDED
CVC,"[""ط"", ""i"", ""ح"", ""s""]",MODEL_ADMISSIBLE,SUSPENDED
CVC,"[""ط"", ""i"", ""خ"", ""s""]",MODEL_ADMISSIBLE,SUSPENDED
CVC,"[""ط"", ""i"", ""د"", ""s""]",MODEL_ADMISSIBLE,SUSPENDED
CVC,"[""ط"", ""i"", ""ذ"", ""s""]",MODEL_ADMISSIBLE,SUSPENDED
CVC,"[""ط"", ""i"", ""ر"", ""s""]",MODEL_ADMISSIBLE,SUSPENDED
CVC,"[""ط"", ""i"", ""ز"", ""s""]",MODEL_ADMISSIBLE,SUSPENDED
CVC,"[""ط"", ""i"", ""س"", ""s""]",MODEL_ADMISSIBLE,SUSPENDED
CVC,"[""ط"", ""i"", ""ش"", ""s""]",MODEL_ADMISSIBLE,SUSPENDED
CVC,"[""ط"", ""i"", ""ص"", ""s""]",MODEL_ADMISSIBLE,SUSPENDED
CVC,"[""ط"", ""i"", ""ض"", ""s""]",MODEL_ADMISSIBLE,SUSPENDED
CVC,"[""ط"", ""i"", ""ط"", ""s""]",MODEL_ADMISSIBLE,SUSPENDED
CVC,"[""ط"", ""i"", ""ظ"", ""s""]",MODEL_ADMISSIBLE,SUSPENDED
CVC,"[""ط"", ""i"", ""ع"", ""s""]",MODEL_ADMISSIBLE,SUSPENDED
CVC,"[""ط"", ""i"", ""غ"", ""s""]",MODEL_ADMISSIBLE,SUSPENDED
CVC,"[""ط"", ""i"", ""ف"", ""s""]",MODEL_ADMISSIBLE,SUSPENDED
CVC,"[""ط"", ""i"", ""ق"", ""s""]",MODEL_ADMISSIBLE,SUSPENDED
CVC,"[""ط"", ""i"", ""ك"", ""s""]",MODEL_ADMISSIBLE,SUSPENDED
CVC,"[""ط"", ""i"", ""ل"", ""s""]",MODEL_ADMISSIBLE,SUSPENDED
CVC,"[""ط"", ""i"", ""م"", ""s""]",MODEL_ADMISSIBLE,SUSPENDED
CVC,"[""ط"", ""i"", ""ن"", ""s""]",MODEL_ADMISSIBLE,SUSPENDED
CVC,"[""ط"", ""i"", ""ه"", ""s""]",MODEL_ADMISSIBLE,SUSPENDED
CVC,"[""ط"", ""i"", ""و"", ""s""]",MODEL_ADMISSIBLE,SUSPENDED
CVC,"[""ط"", ""i"", ""ي"", ""s""]",MODEL_ADMISSIBLE,SUSPENDED
CVC,"[""ط"", ""i"", ""ء"", ""s""]",MODEL_ADMISSIBLE,SUSPENDED
CVC,"[""ط"", ""s"", ""ا"", ""s""]",BASE_NOT_CV,SUSPENDED
CVC,"[""ط"", ""s"", ""ب"", ""s""]",BASE_NOT_CV,SUSPENDED
CVC,"[""ط"", ""s"", ""ت"", ""s""]",BASE_NOT_CV,SUSPENDED
CVC,"[""ط"", ""s"", ""ث"", ""s""]",BASE_NOT_CV,SUSPENDED
CVC,"[""ط"", ""s"", ""ج"", ""s""]",BASE_NOT_CV,SUSPENDED
CVC,"[""ط"", ""s"", ""ح"", ""s""]",BASE_NOT_CV,SUSPENDED
CVC,"[""ط"", ""s"", ""خ"", ""s""]",BASE_NOT_CV,SUSPENDED
CVC,"[""ط"", ""s"", ""د"", ""s""]",BASE_NOT_CV,SUSPENDED
CVC,"[""ط"", ""s"", ""ذ"", ""s""]",BASE_NOT_CV,SUSPENDED
CVC,"[""ط"", ""s"", ""ر"", ""s""]",BASE_NOT_CV,SUSPENDED
CVC,"[""ط"", ""s"", ""ز"", ""s""]",BASE_NOT_CV,SUSPENDED
CVC,"[""ط"", ""s"", ""س"", ""s""]",BASE_NOT_CV,SUSPENDED
CVC,"[""ط"", ""s"", ""ش"", ""s""]",BASE_NOT_CV,SUSPENDED
CVC,"[""ط"", ""s"", ""ص"", ""s""]",BASE_NOT_CV,SUSPENDED
CVC,"[""ط"", ""s"", ""ض"", ""s""]",BASE_NOT_CV,SUSPENDED
CVC,"[""ط"", ""s"", ""ط"", ""s""]",BASE_NOT_CV,SUSPENDED
CVC,"[""ط"", ""s"", ""ظ"", ""s""]",BASE_NOT_CV,SUSPENDED
CVC,"[""ط"", ""s"", ""ع"", ""s""]",BASE_NOT_CV,SUSPENDED
CVC,"[""ط"", ""s"", ""غ"", ""s""]",BASE_NOT_CV,SUSPENDED
CVC,"[""ط"", ""s"", ""ف"", ""s""]",BASE_NOT_CV,SUSPENDED
CVC,"[""ط"", ""s"", ""ق"", ""s""]",BASE_NOT_CV,SUSPENDED
CVC,"[""ط"", ""s"", ""ك"", ""s""]",BASE_NOT_CV,SUSPENDED
CVC,"[""ط"", ""s"", ""ل"", ""s""]",BASE_NOT_CV,SUSPENDED
CVC,"[""ط"", ""s"", ""م"", ""s""]",BASE_NOT_CV,SUSPENDED
CVC,"[""ط"", ""s"", ""ن"", ""s""]",BASE_NOT_CV,SUSPENDED
CVC,"[""ط"", ""s"", ""ه"", ""s""]",BASE_NOT_CV,SUSPENDED
CVC,"[""ط"", ""s"", ""و"", ""s""]",BASE_NOT_CV,SUSPENDED
CVC,"[""ط"", ""s"", ""ي"", ""s""]",BASE_NOT_CV,SUSPENDED
CVC,"[""ط"", ""s"", ""ء"", ""s""]",BASE_NOT_CV,SUSPENDED
CVC,"[""ظ"", ""a"", ""ا"", ""s""]",MODEL_ADMISSIBLE,SUSPENDED
CVC,"[""ظ"", ""a"", ""ب"", ""s""]",MODEL_ADMISSIBLE,SUSPENDED
CVC,"[""ظ"", ""a"", ""ت"", ""s""]",MODEL_ADMISSIBLE,SUSPENDED
CVC,"[""ظ"", ""a"", ""ث"", ""s""]",MODEL_ADMISSIBLE,SUSPENDED
CVC,"[""ظ"", ""a"", ""ج"", ""s""]",MODEL_ADMISSIBLE,SUSPENDED
CVC,"[""ظ"", ""a"", ""ح"", ""s""]",MODEL_ADMISSIBLE,SUSPENDED
CVC,"[""ظ"", ""a"", ""خ"", ""s""]",MODEL_ADMISSIBLE,SUSPENDED
CVC,"[""ظ"", ""a"", ""د"", ""s""]",MODEL_ADMISSIBLE,SUSPENDED
CVC,"[""ظ"", ""a"", ""ذ"", ""s""]",MODEL_ADMISSIBLE,SUSPENDED
CVC,"[""ظ"", ""a"", ""ر"", ""s""]",MODEL_ADMISSIBLE,SUSPENDED
CVC,"[""ظ"", ""a"", ""ز"", ""s""]",MODEL_ADMISSIBLE,SUSPENDED
CVC,"[""ظ"", ""a"", ""س"", ""s""]",MODEL_ADMISSIBLE,SUSPENDED
CVC,"[""ظ"", ""a"", ""ش"", ""s""]",MODEL_ADMISSIBLE,SUSPENDED
CVC,"[""ظ"", ""a"", ""ص"", ""s""]",MODEL_ADMISSIBLE,SUSPENDED
CVC,"[""ظ"", ""a"", ""ض"", ""s""]",MODEL_ADMISSIBLE,SUSPENDED
CVC,"[""ظ"", ""a"", ""ط"", ""s""]",MODEL_ADMISSIBLE,SUSPENDED
CVC,"[""ظ"", ""a"", ""ظ"", ""s""]",MODEL_ADMISSIBLE,SUSPENDED
CVC,"[""ظ"", ""a"", ""ع"", ""s""]",MODEL_ADMISSIBLE,SUSPENDED
CVC,"[""ظ"", ""a"", ""غ"", ""s""]",MODEL_ADMISSIBLE,SUSPENDED
CVC,"[""ظ"", ""a"", ""ف"", ""s""]",MODEL_ADMISSIBLE,SUSPENDED
CVC,"[""ظ"", ""a"", ""ق"", ""s""]",MODEL_ADMISSIBLE,SUSPENDED
CVC,"[""ظ"", ""a"", ""ك"", ""s""]",MODEL_ADMISSIBLE,SUSPENDED
CVC,"[""ظ"", ""a"", ""ل"", ""s""]",MODEL_ADMISSIBLE,SUSPENDED
CVC,"[""ظ"", ""a"", ""م"", ""s""]",MODEL_ADMISSIBLE,SUSPENDED
CVC,"[""ظ"", ""a"", ""ن"", ""s""]",MODEL_ADMISSIBLE,SUSPENDED
CVC,"[""ظ"", ""a"", ""ه"", ""s""]",MODEL_ADMISSIBLE,SUSPENDED
CVC,"[""ظ"", ""a"", ""و"", ""s""]",MODEL_ADMISSIBLE,SUSPENDED
CVC,"[""ظ"", ""a"", ""ي"", ""s""]",MODEL_ADMISSIBLE,SUSPENDED
CVC,"[""ظ"", ""a"", ""ء"", ""s""]",MODEL_ADMISSIBLE,SUSPENDED
CVC,"[""ظ"", ""u"", ""ا"", ""s""]",MODEL_ADMISSIBLE,SUSPENDED
CVC,"[""ظ"", ""u"", ""ب"", ""s""]",MODEL_ADMISSIBLE,SUSPENDED
CVC,"[""ظ"", ""u"", ""ت"", ""s""]",MODEL_ADMISSIBLE,SUSPENDED
CVC,"[""ظ"", ""u"", ""ث"", ""s""]",MODEL_ADMISSIBLE,SUSPENDED
CVC,"[""ظ"", ""u"", ""ج"", ""s""]",MODEL_ADMISSIBLE,SUSPENDED
CVC,"[""ظ"", ""u"", ""ح"", ""s""]",MODEL_ADMISSIBLE,SUSPENDED
CVC,"[""ظ"", ""u"", ""خ"", ""s""]",MODEL_ADMISSIBLE,SUSPENDED
CVC,"[""ظ"", ""u"", ""د"", ""s""]",MODEL_ADMISSIBLE,SUSPENDED
CVC,"[""ظ"", ""u"", ""ذ"", ""s""]",MODEL_ADMISSIBLE,SUSPENDED
CVC,"[""ظ"", ""u"", ""ر"", ""s""]",MODEL_ADMISSIBLE,SUSPENDED
CVC,"[""ظ"", ""u"", ""ز"", ""s""]",MODEL_ADMISSIBLE,SUSPENDED
CVC,"[""ظ"", ""u"", ""س"", ""s""]",MODEL_ADMISSIBLE,SUSPENDED
CVC,"[""ظ"", ""u"", ""ش"", ""s""]",MODEL_ADMISSIBLE,SUSPENDED
CVC,"[""ظ"", ""u"", ""ص"", ""s""]",MODEL_ADMISSIBLE,SUSPENDED
CVC,"[""ظ"", ""u"", ""ض"", ""s""]",MODEL_ADMISSIBLE,SUSPENDED
CVC,"[""ظ"", ""u"", ""ط"", ""s""]",MODEL_ADMISSIBLE,SUSPENDED
CVC,"[""ظ"", ""u"", ""ظ"", ""s""]",MODEL_ADMISSIBLE,SUSPENDED
CVC,"[""ظ"", ""u"", ""ع"", ""s""]",MODEL_ADMISSIBLE,SUSPENDED
CVC,"[""ظ"", ""u"", ""غ"", ""s""]",MODEL_ADMISSIBLE,SUSPENDED
CVC,"[""ظ"", ""u"", ""ف"", ""s""]",MODEL_ADMISSIBLE,SUSPENDED
CVC,"[""ظ"", ""u"", ""ق"", ""s""]",MODEL_ADMISSIBLE,SUSPENDED
CVC,"[""ظ"", ""u"", ""ك"", ""s""]",MODEL_ADMISSIBLE,SUSPENDED
CVC,"[""ظ"", ""u"", ""ل"", ""s""]",MODEL_ADMISSIBLE,SUSPENDED
CVC,"[""ظ"", ""u"", ""م"", ""s""]",MODEL_ADMISSIBLE,SUSPENDED
CVC,"[""ظ"", ""u"", ""ن"", ""s""]",MODEL_ADMISSIBLE,SUSPENDED
CVC,"[""ظ"", ""u"", ""ه"", ""s""]",MODEL_ADMISSIBLE,SUSPENDED
CVC,"[""ظ"", ""u"", ""و"", ""s""]",MODEL_ADMISSIBLE,SUSPENDED
CVC,"[""ظ"", ""u"", ""ي"", ""s""]",MODEL_ADMISSIBLE,SUSPENDED
CVC,"[""ظ"", ""u"", ""ء"", ""s""]",MODEL_ADMISSIBLE,SUSPENDED
CVC,"[""ظ"", ""i"", ""ا"", ""s""]",MODEL_ADMISSIBLE,SUSPENDED
CVC,"[""ظ"", ""i"", ""ب"", ""s""]",MODEL_ADMISSIBLE,SUSPENDED
CVC,"[""ظ"", ""i"", ""ت"", ""s""]",MODEL_ADMISSIBLE,SUSPENDED
CVC,"[""ظ"", ""i"", ""ث"", ""s""]",MODEL_ADMISSIBLE,SUSPENDED
CVC,"[""ظ"", ""i"", ""ج"", ""s""]",MODEL_ADMISSIBLE,SUSPENDED
CVC,"[""ظ"", ""i"", ""ح"", ""s""]",MODEL_ADMISSIBLE,SUSPENDED
CVC,"[""ظ"", ""i"", ""خ"", ""s""]",MODEL_ADMISSIBLE,SUSPENDED
CVC,"[""ظ"", ""i"", ""د"", ""s""]",MODEL_ADMISSIBLE,SUSPENDED
CVC,"[""ظ"", ""i"", ""ذ"", ""s""]",MODEL_ADMISSIBLE,SUSPENDED
CVC,"[""ظ"", ""i"", ""ر"", ""s""]",MODEL_ADMISSIBLE,SUSPENDED
CVC,"[""ظ"", ""i"", ""ز"", ""s""]",MODEL_ADMISSIBLE,SUSPENDED
CVC,"[""ظ"", ""i"", ""س"", ""s""]",MODEL_ADMISSIBLE,SUSPENDED
CVC,"[""ظ"", ""i"", ""ش"", ""s""]",MODEL_ADMISSIBLE,SUSPENDED
CVC,"[""ظ"", ""i"", ""ص"", ""s""]",MODEL_ADMISSIBLE,SUSPENDED
CVC,"[""ظ"", ""i"", ""ض"", ""s""]",MODEL_ADMISSIBLE,SUSPENDED
CVC,"[""ظ"", ""i"", ""ط"", ""s""]",MODEL_ADMISSIBLE,SUSPENDED
CVC,"[""ظ"", ""i"", ""ظ"", ""s""]",MODEL_ADMISSIBLE,SUSPENDED
CVC,"[""ظ"", ""i"", ""ع"", ""s""]",MODEL_ADMISSIBLE,SUSPENDED
CVC,"[""ظ"", ""i"", ""غ"", ""s""]",MODEL_ADMISSIBLE,SUSPENDED
CVC,"[""ظ"", ""i"", ""ف"", ""s""]",MODEL_ADMISSIBLE,SUSPENDED
CVC,"[""ظ"", ""i"", ""ق"", ""s""]",MODEL_ADMISSIBLE,SUSPENDED
CVC,"[""ظ"", ""i"", ""ك"", ""s""]",MODEL_ADMISSIBLE,SUSPENDED
CVC,"[""ظ"", ""i"", ""ل"", ""s""]",MODEL_ADMISSIBLE,SUSPENDED
CVC,"[""ظ"", ""i"", ""م"", ""s""]",MODEL_ADMISSIBLE,SUSPENDED
CVC,"[""ظ"", ""i"", ""ن"", ""s""]",MODEL_ADMISSIBLE,SUSPENDED
CVC,"[""ظ"", ""i"", ""ه"", ""s""]",MODEL_ADMISSIBLE,SUSPENDED
CVC,"[""ظ"", ""i"", ""و"", ""s""]",MODEL_ADMISSIBLE,SUSPENDED
CVC,"[""ظ"", ""i"", ""ي"", ""s""]",MODEL_ADMISSIBLE,SUSPENDED
CVC,"[""ظ"", ""i"", ""ء"", ""s""]",MODEL_ADMISSIBLE,SUSPENDED
CVC,"[""ظ"", ""s"", ""ا"", ""s""]",BASE_NOT_CV,SUSPENDED
CVC,"[""ظ"", ""s"", ""ب"", ""s""]",BASE_NOT_CV,SUSPENDED
CVC,"[""ظ"", ""s"", ""ت"", ""s""]",BASE_NOT_CV,SUSPENDED
CVC,"[""ظ"", ""s"", ""ث"", ""s""]",BASE_NOT_CV,SUSPENDED
CVC,"[""ظ"", ""s"", ""ج"", ""s""]",BASE_NOT_CV,SUSPENDED
CVC,"[""ظ"", ""s"", ""ح"", ""s""]",BASE_NOT_CV,SUSPENDED
CVC,"[""ظ"", ""s"", ""خ"", ""s""]",BASE_NOT_CV,SUSPENDED
CVC,"[""ظ"", ""s"", ""د"", ""s""]",BASE_NOT_CV,SUSPENDED
CVC,"[""ظ"", ""s"", ""ذ"", ""s""]",BASE_NOT_CV,SUSPENDED
CVC,"[""ظ"", ""s"", ""ر"", ""s""]",BASE_NOT_CV,SUSPENDED
CVC,"[""ظ"", ""s"", ""ز"", ""s""]",BASE_NOT_CV,SUSPENDED
CVC,"[""ظ"", ""s"", ""س"", ""s""]",BASE_NOT_CV,SUSPENDED
CVC,"[""ظ"", ""s"", ""ش"", ""s""]",BASE_NOT_CV,SUSPENDED
CVC,"[""ظ"", ""s"", ""ص"", ""s""]",BASE_NOT_CV,SUSPENDED
CVC,"[""ظ"", ""s"", ""ض"", ""s""]",BASE_NOT_CV,SUSPENDED
CVC,"[""ظ"", ""s"", ""ط"", ""s""]",BASE_NOT_CV,SUSPENDED
CVC,"[""ظ"", ""s"", ""ظ"", ""s""]",BASE_NOT_CV,SUSPENDED
CVC,"[""ظ"", ""s"", ""ع"", ""s""]",BASE_NOT_CV,SUSPENDED
CVC,"[""ظ"", ""s"", ""غ"", ""s""]",BASE_NOT_CV,SUSPENDED
CVC,"[""ظ"", ""s"", ""ف"", ""s""]",BASE_NOT_CV,SUSPENDED
CVC,"[""ظ"", ""s"", ""ق"", ""s""]",BASE_NOT_CV,SUSPENDED
CVC,"[""ظ"", ""s"", ""ك"", ""s""]",BASE_NOT_CV,SUSPENDED
CVC,"[""ظ"", ""s"", ""ل"", ""s""]",BASE_NOT_CV,SUSPENDED
CVC,"[""ظ"", ""s"", ""م"", ""s""]",BASE_NOT_CV,SUSPENDED
CVC,"[""ظ"", ""s"", ""ن"", ""s""]",BASE_NOT_CV,SUSPENDED
CVC,"[""ظ"", ""s"", ""ه"", ""s""]",BASE_NOT_CV,SUSPENDED
CVC,"[""ظ"", ""s"", ""و"", ""s""]",BASE_NOT_CV,SUSPENDED
CVC,"[""ظ"", ""s"", ""ي"", ""s""]",BASE_NOT_CV,SUSPENDED
CVC,"[""ظ"", ""s"", ""ء"", ""s""]",BASE_NOT_CV,SUSPENDED
CVC,"[""ع"", ""a"", ""ا"", ""s""]",MODEL_ADMISSIBLE,SUSPENDED
CVC,"[""ع"", ""a"", ""ب"", ""s""]",MODEL_ADMISSIBLE,SUSPENDED
CVC,"[""ع"", ""a"", ""ت"", ""s""]",MODEL_ADMISSIBLE,SUSPENDED
CVC,"[""ع"", ""a"", ""ث"", ""s""]",MODEL_ADMISSIBLE,SUSPENDED
CVC,"[""ع"", ""a"", ""ج"", ""s""]",MODEL_ADMISSIBLE,SUSPENDED
CVC,"[""ع"", ""a"", ""ح"", ""s""]",MODEL_ADMISSIBLE,SUSPENDED
CVC,"[""ع"", ""a"", ""خ"", ""s""]",MODEL_ADMISSIBLE,SUSPENDED
CVC,"[""ع"", ""a"", ""د"", ""s""]",MODEL_ADMISSIBLE,SUSPENDED
CVC,"[""ع"", ""a"", ""ذ"", ""s""]",MODEL_ADMISSIBLE,SUSPENDED
CVC,"[""ع"", ""a"", ""ر"", ""s""]",MODEL_ADMISSIBLE,SUSPENDED
CVC,"[""ع"", ""a"", ""ز"", ""s""]",MODEL_ADMISSIBLE,SUSPENDED
CVC,"[""ع"", ""a"", ""س"", ""s""]",MODEL_ADMISSIBLE,SUSPENDED
CVC,"[""ع"", ""a"", ""ش"", ""s""]",MODEL_ADMISSIBLE,SUSPENDED
CVC,"[""ع"", ""a"", ""ص"", ""s""]",MODEL_ADMISSIBLE,SUSPENDED
CVC,"[""ع"", ""a"", ""ض"", ""s""]",MODEL_ADMISSIBLE,SUSPENDED
CVC,"[""ع"", ""a"", ""ط"", ""s""]",MODEL_ADMISSIBLE,SUSPENDED
CVC,"[""ع"", ""a"", ""ظ"", ""s""]",MODEL_ADMISSIBLE,SUSPENDED
CVC,"[""ع"", ""a"", ""ع"", ""s""]",MODEL_ADMISSIBLE,SUSPENDED
CVC,"[""ع"", ""a"", ""غ"", ""s""]",MODEL_ADMISSIBLE,SUSPENDED
CVC,"[""ع"", ""a"", ""ف"", ""s""]",MODEL_ADMISSIBLE,SUSPENDED
CVC,"[""ع"", ""a"", ""ق"", ""s""]",MODEL_ADMISSIBLE,SUSPENDED
CVC,"[""ع"", ""a"", ""ك"", ""s""]",MODEL_ADMISSIBLE,SUSPENDED
CVC,"[""ع"", ""a"", ""ل"", ""s""]",MODEL_ADMISSIBLE,SUSPENDED
CVC,"[""ع"", ""a"", ""م"", ""s""]",MODEL_ADMISSIBLE,SUSPENDED
CVC,"[""ع"", ""a"", ""ن"", ""s""]",MODEL_ADMISSIBLE,SUSPENDED
CVC,"[""ع"", ""a"", ""ه"", ""s""]",MODEL_ADMISSIBLE,SUSPENDED
CVC,"[""ع"", ""a"", ""و"", ""s""]",MODEL_ADMISSIBLE,SUSPENDED
CVC,"[""ع"", ""a"", ""ي"", ""s""]",MODEL_ADMISSIBLE,SUSPENDED
CVC,"[""ع"", ""a"", ""ء"", ""s""]",MODEL_ADMISSIBLE,SUSPENDED
CVC,"[""ع"", ""u"", ""ا"", ""s""]",MODEL_ADMISSIBLE,SUSPENDED
CVC,"[""ع"", ""u"", ""ب"", ""s""]",MODEL_ADMISSIBLE,SUSPENDED
CVC,"[""ع"", ""u"", ""ت"", ""s""]",MODEL_ADMISSIBLE,SUSPENDED
CVC,"[""ع"", ""u"", ""ث"", ""s""]",MODEL_ADMISSIBLE,SUSPENDED
CVC,"[""ع"", ""u"", ""ج"", ""s""]",MODEL_ADMISSIBLE,SUSPENDED
CVC,"[""ع"", ""u"", ""ح"", ""s""]",MODEL_ADMISSIBLE,SUSPENDED
CVC,"[""ع"", ""u"", ""خ"", ""s""]",MODEL_ADMISSIBLE,SUSPENDED
CVC,"[""ع"", ""u"", ""د"", ""s""]",MODEL_ADMISSIBLE,SUSPENDED
CVC,"[""ع"", ""u"", ""ذ"", ""s""]",MODEL_ADMISSIBLE,SUSPENDED
CVC,"[""ع"", ""u"", ""ر"", ""s""]",MODEL_ADMISSIBLE,SUSPENDED
CVC,"[""ع"", ""u"", ""ز"", ""s""]",MODEL_ADMISSIBLE,SUSPENDED
CVC,"[""ع"", ""u"", ""س"", ""s""]",MODEL_ADMISSIBLE,SUSPENDED
CVC,"[""ع"", ""u"", ""ش"", ""s""]",MODEL_ADMISSIBLE,SUSPENDED
CVC,"[""ع"", ""u"", ""ص"", ""s""]",MODEL_ADMISSIBLE,SUSPENDED
CVC,"[""ع"", ""u"", ""ض"", ""s""]",MODEL_ADMISSIBLE,SUSPENDED
CVC,"[""ع"", ""u"", ""ط"", ""s""]",MODEL_ADMISSIBLE,SUSPENDED
CVC,"[""ع"", ""u"", ""ظ"", ""s""]",MODEL_ADMISSIBLE,SUSPENDED
CVC,"[""ع"", ""u"", ""ع"", ""s""]",MODEL_ADMISSIBLE,SUSPENDED
CVC,"[""ع"", ""u"", ""غ"", ""s""]",MODEL_ADMISSIBLE,SUSPENDED
CVC,"[""ع"", ""u"", ""ف"", ""s""]",MODEL_ADMISSIBLE,SUSPENDED
CVC,"[""ع"", ""u"", ""ق"", ""s""]",MODEL_ADMISSIBLE,SUSPENDED
CVC,"[""ع"", ""u"", ""ك"", ""s""]",MODEL_ADMISSIBLE,SUSPENDED
CVC,"[""ع"", ""u"", ""ل"", ""s""]",MODEL_ADMISSIBLE,SUSPENDED
CVC,"[""ع"", ""u"", ""م"", ""s""]",MODEL_ADMISSIBLE,SUSPENDED
CVC,"[""ع"", ""u"", ""ن"", ""s""]",MODEL_ADMISSIBLE,SUSPENDED
CVC,"[""ع"", ""u"", ""ه"", ""s""]",MODEL_ADMISSIBLE,SUSPENDED
CVC,"[""ع"", ""u"", ""و"", ""s""]",MODEL_ADMISSIBLE,SUSPENDED
CVC,"[""ع"", ""u"", ""ي"", ""s""]",MODEL_ADMISSIBLE,SUSPENDED
CVC,"[""ع"", ""u"", ""ء"", ""s""]",MODEL_ADMISSIBLE,SUSPENDED
CVC,"[""ع"", ""i"", ""ا"", ""s""]",MODEL_ADMISSIBLE,SUSPENDED
CVC,"[""ع"", ""i"", ""ب"", ""s""]",MODEL_ADMISSIBLE,SUSPENDED
CVC,"[""ع"", ""i"", ""ت"", ""s""]",MODEL_ADMISSIBLE,SUSPENDED
CVC,"[""ع"", ""i"", ""ث"", ""s""]",MODEL_ADMISSIBLE,SUSPENDED
CVC,"[""ع"", ""i"", ""ج"", ""s""]",MODEL_ADMISSIBLE,SUSPENDED
CVC,"[""ع"", ""i"", ""ح"", ""s""]",MODEL_ADMISSIBLE,SUSPENDED
CVC,"[""ع"", ""i"", ""خ"", ""s""]",MODEL_ADMISSIBLE,SUSPENDED
CVC,"[""ع"", ""i"", ""د"", ""s""]",MODEL_ADMISSIBLE,SUSPENDED
CVC,"[""ع"", ""i"", ""ذ"", ""s""]",MODEL_ADMISSIBLE,SUSPENDED
CVC,"[""ع"", ""i"", ""ر"", ""s""]",MODEL_ADMISSIBLE,SUSPENDED
CVC,"[""ع"", ""i"", ""ز"", ""s""]",MODEL_ADMISSIBLE,SUSPENDED
CVC,"[""ع"", ""i"", ""س"", ""s""]",MODEL_ADMISSIBLE,SUSPENDED
CVC,"[""ع"", ""i"", ""ش"", ""s""]",MODEL_ADMISSIBLE,SUSPENDED
CVC,"[""ع"", ""i"", ""ص"", ""s""]",MODEL_ADMISSIBLE,SUSPENDED
CVC,"[""ع"", ""i"", ""ض"", ""s""]",MODEL_ADMISSIBLE,SUSPENDED
CVC,"[""ع"", ""i"", ""ط"", ""s""]",MODEL_ADMISSIBLE,SUSPENDED
CVC,"[""ع"", ""i"", ""ظ"", ""s""]",MODEL_ADMISSIBLE,SUSPENDED
CVC,"[""ع"", ""i"", ""ع"", ""s""]",MODEL_ADMISSIBLE,SUSPENDED
CVC,"[""ع"", ""i"", ""غ"", ""s""]",MODEL_ADMISSIBLE,SUSPENDED
CVC,"[""ع"", ""i"", ""ف"", ""s""]",MODEL_ADMISSIBLE,SUSPENDED
CVC,"[""ع"", ""i"", ""ق"", ""s""]",MODEL_ADMISSIBLE,SUSPENDED
CVC,"[""ع"", ""i"", ""ك"", ""s""]",MODEL_ADMISSIBLE,SUSPENDED
CVC,"[""ع"", ""i"", ""ل"", ""s""]",MODEL_ADMISSIBLE,SUSPENDED
CVC,"[""ع"", ""i"", ""م"", ""s""]",MODEL_ADMISSIBLE,SUSPENDED
CVC,"[""ع"", ""i"", ""ن"", ""s""]",MODEL_ADMISSIBLE,SUSPENDED
CVC,"[""ع"", ""i"", ""ه"", ""s""]",MODEL_ADMISSIBLE,SUSPENDED
CVC,"[""ع"", ""i"", ""و"", ""s""]",MODEL_ADMISSIBLE,SUSPENDED
CVC,"[""ع"", ""i"", ""ي"", ""s""]",MODEL_ADMISSIBLE,SUSPENDED
CVC,"[""ع"", ""i"", ""ء"", ""s""]",MODEL_ADMISSIBLE,SUSPENDED
CVC,"[""ع"", ""s"", ""ا"", ""s""]",BASE_NOT_CV,SUSPENDED
CVC,"[""ع"", ""s"", ""ب"", ""s""]",BASE_NOT_CV,SUSPENDED
CVC,"[""ع"", ""s"", ""ت"", ""s""]",BASE_NOT_CV,SUSPENDED
CVC,"[""ع"", ""s"", ""ث"", ""s""]",BASE_NOT_CV,SUSPENDED
CVC,"[""ع"", ""s"", ""ج"", ""s""]",BASE_NOT_CV,SUSPENDED
CVC,"[""ع"", ""s"", ""ح"", ""s""]",BASE_NOT_CV,SUSPENDED
CVC,"[""ع"", ""s"", ""خ"", ""s""]",BASE_NOT_CV,SUSPENDED
CVC,"[""ع"", ""s"", ""د"", ""s""]",BASE_NOT_CV,SUSPENDED
CVC,"[""ع"", ""s"", ""ذ"", ""s""]",BASE_NOT_CV,SUSPENDED
CVC,"[""ع"", ""s"", ""ر"", ""s""]",BASE_NOT_CV,SUSPENDED
CVC,"[""ع"", ""s"", ""ز"", ""s""]",BASE_NOT_CV,SUSPENDED
CVC,"[""ع"", ""s"", ""س"", ""s""]",BASE_NOT_CV,SUSPENDED
CVC,"[""ع"", ""s"", ""ش"", ""s""]",BASE_NOT_CV,SUSPENDED
CVC,"[""ع"", ""s"", ""ص"", ""s""]",BASE_NOT_CV,SUSPENDED
CVC,"[""ع"", ""s"", ""ض"", ""s""]",BASE_NOT_CV,SUSPENDED
CVC,"[""ع"", ""s"", ""ط"", ""s""]",BASE_NOT_CV,SUSPENDED
CVC,"[""ع"", ""s"", ""ظ"", ""s""]",BASE_NOT_CV,SUSPENDED
CVC,"[""ع"", ""s"", ""ع"", ""s""]",BASE_NOT_CV,SUSPENDED
CVC,"[""ع"", ""s"", ""غ"", ""s""]",BASE_NOT_CV,SUSPENDED
CVC,"[""ع"", ""s"", ""ف"", ""s""]",BASE_NOT_CV,SUSPENDED
CVC,"[""ع"", ""s"", ""ق"", ""s""]",BASE_NOT_CV,SUSPENDED
CVC,"[""ع"", ""s"", ""ك"", ""s""]",BASE_NOT_CV,SUSPENDED
CVC,"[""ع"", ""s"", ""ل"", ""s""]",BASE_NOT_CV,SUSPENDED
CVC,"[""ع"", ""s"", ""م"", ""s""]",BASE_NOT_CV,SUSPENDED
CVC,"[""ع"", ""s"", ""ن"", ""s""]",BASE_NOT_CV,SUSPENDED
CVC,"[""ع"", ""s"", ""ه"", ""s""]",BASE_NOT_CV,SUSPENDED
CVC,"[""ع"", ""s"", ""و"", ""s""]",BASE_NOT_CV,SUSPENDED
CVC,"[""ع"", ""s"", ""ي"", ""s""]",BASE_NOT_CV,SUSPENDED
CVC,"[""ع"", ""s"", ""ء"", ""s""]",BASE_NOT_CV,SUSPENDED
CVC,"[""غ"", ""a"", ""ا"", ""s""]",MODEL_ADMISSIBLE,SUSPENDED
CVC,"[""غ"", ""a"", ""ب"", ""s""]",MODEL_ADMISSIBLE,SUSPENDED
CVC,"[""غ"", ""a"", ""ت"", ""s""]",MODEL_ADMISSIBLE,SUSPENDED
CVC,"[""غ"", ""a"", ""ث"", ""s""]",MODEL_ADMISSIBLE,SUSPENDED
CVC,"[""غ"", ""a"", ""ج"", ""s""]",MODEL_ADMISSIBLE,SUSPENDED
CVC,"[""غ"", ""a"", ""ح"", ""s""]",MODEL_ADMISSIBLE,SUSPENDED
CVC,"[""غ"", ""a"", ""خ"", ""s""]",MODEL_ADMISSIBLE,SUSPENDED
CVC,"[""غ"", ""a"", ""د"", ""s""]",MODEL_ADMISSIBLE,SUSPENDED
CVC,"[""غ"", ""a"", ""ذ"", ""s""]",MODEL_ADMISSIBLE,SUSPENDED
CVC,"[""غ"", ""a"", ""ر"", ""s""]",MODEL_ADMISSIBLE,SUSPENDED
CVC,"[""غ"", ""a"", ""ز"", ""s""]",MODEL_ADMISSIBLE,SUSPENDED
CVC,"[""غ"", ""a"", ""س"", ""s""]",MODEL_ADMISSIBLE,SUSPENDED
CVC,"[""غ"", ""a"", ""ش"", ""s""]",MODEL_ADMISSIBLE,SUSPENDED
CVC,"[""غ"", ""a"", ""ص"", ""s""]",MODEL_ADMISSIBLE,SUSPENDED
CVC,"[""غ"", ""a"", ""ض"", ""s""]",MODEL_ADMISSIBLE,SUSPENDED
CVC,"[""غ"", ""a"", ""ط"", ""s""]",MODEL_ADMISSIBLE,SUSPENDED
CVC,"[""غ"", ""a"", ""ظ"", ""s""]",MODEL_ADMISSIBLE,SUSPENDED
CVC,"[""غ"", ""a"", ""ع"", ""s""]",MODEL_ADMISSIBLE,SUSPENDED
CVC,"[""غ"", ""a"", ""غ"", ""s""]",MODEL_ADMISSIBLE,SUSPENDED
CVC,"[""غ"", ""a"", ""ف"", ""s""]",MODEL_ADMISSIBLE,SUSPENDED
CVC,"[""غ"", ""a"", ""ق"", ""s""]",MODEL_ADMISSIBLE,SUSPENDED
CVC,"[""غ"", ""a"", ""ك"", ""s""]",MODEL_ADMISSIBLE,SUSPENDED
CVC,"[""غ"", ""a"", ""ل"", ""s""]",MODEL_ADMISSIBLE,SUSPENDED
CVC,"[""غ"", ""a"", ""م"", ""s""]",MODEL_ADMISSIBLE,SUSPENDED
CVC,"[""غ"", ""a"", ""ن"", ""s""]",MODEL_ADMISSIBLE,SUSPENDED
CVC,"[""غ"", ""a"", ""ه"", ""s""]",MODEL_ADMISSIBLE,SUSPENDED
CVC,"[""غ"", ""a"", ""و"", ""s""]",MODEL_ADMISSIBLE,SUSPENDED
CVC,"[""غ"", ""a"", ""ي"", ""s""]",MODEL_ADMISSIBLE,SUSPENDED
CVC,"[""غ"", ""a"", ""ء"", ""s""]",MODEL_ADMISSIBLE,SUSPENDED
CVC,"[""غ"", ""u"", ""ا"", ""s""]",MODEL_ADMISSIBLE,SUSPENDED
CVC,"[""غ"", ""u"", ""ب"", ""s""]",MODEL_ADMISSIBLE,SUSPENDED
CVC,"[""غ"", ""u"", ""ت"", ""s""]",MODEL_ADMISSIBLE,SUSPENDED
CVC,"[""غ"", ""u"", ""ث"", ""s""]",MODEL_ADMISSIBLE,SUSPENDED
CVC,"[""غ"", ""u"", ""ج"", ""s""]",MODEL_ADMISSIBLE,SUSPENDED
CVC,"[""غ"", ""u"", ""ح"", ""s""]",MODEL_ADMISSIBLE,SUSPENDED
CVC,"[""غ"", ""u"", ""خ"", ""s""]",MODEL_ADMISSIBLE,SUSPENDED
CVC,"[""غ"", ""u"", ""د"", ""s""]",MODEL_ADMISSIBLE,SUSPENDED
CVC,"[""غ"", ""u"", ""ذ"", ""s""]",MODEL_ADMISSIBLE,SUSPENDED
CVC,"[""غ"", ""u"", ""ر"", ""s""]",MODEL_ADMISSIBLE,SUSPENDED
CVC,"[""غ"", ""u"", ""ز"", ""s""]",MODEL_ADMISSIBLE,SUSPENDED
CVC,"[""غ"", ""u"", ""س"", ""s""]",MODEL_ADMISSIBLE,SUSPENDED
CVC,"[""غ"", ""u"", ""ش"", ""s""]",MODEL_ADMISSIBLE,SUSPENDED
CVC,"[""غ"", ""u"", ""ص"", ""s""]",MODEL_ADMISSIBLE,SUSPENDED
CVC,"[""غ"", ""u"", ""ض"", ""s""]",MODEL_ADMISSIBLE,SUSPENDED
CVC,"[""غ"", ""u"", ""ط"", ""s""]",MODEL_ADMISSIBLE,SUSPENDED
CVC,"[""غ"", ""u"", ""ظ"", ""s""]",MODEL_ADMISSIBLE,SUSPENDED
CVC,"[""غ"", ""u"", ""ع"", ""s""]",MODEL_ADMISSIBLE,SUSPENDED
CVC,"[""غ"", ""u"", ""غ"", ""s""]",MODEL_ADMISSIBLE,SUSPENDED
CVC,"[""غ"", ""u"", ""ف"", ""s""]",MODEL_ADMISSIBLE,SUSPENDED
CVC,"[""غ"", ""u"", ""ق"", ""s""]",MODEL_ADMISSIBLE,SUSPENDED
CVC,"[""غ"", ""u"", ""ك"", ""s""]",MODEL_ADMISSIBLE,SUSPENDED
CVC,"[""غ"", ""u"", ""ل"", ""s""]",MODEL_ADMISSIBLE,SUSPENDED
CVC,"[""غ"", ""u"", ""م"", ""s""]",MODEL_ADMISSIBLE,SUSPENDED
CVC,"[""غ"", ""u"", ""ن"", ""s""]",MODEL_ADMISSIBLE,SUSPENDED
CVC,"[""غ"", ""u"", ""ه"", ""s""]",MODEL_ADMISSIBLE,SUSPENDED
CVC,"[""غ"", ""u"", ""و"", ""s""]",MODEL_ADMISSIBLE,SUSPENDED
CVC,"[""غ"", ""u"", ""ي"", ""s""]",MODEL_ADMISSIBLE,SUSPENDED
CVC,"[""غ"", ""u"", ""ء"", ""s""]",MODEL_ADMISSIBLE,SUSPENDED
CVC,"[""غ"", ""i"", ""ا"", ""s""]",MODEL_ADMISSIBLE,SUSPENDED
CVC,"[""غ"", ""i"", ""ب"", ""s""]",MODEL_ADMISSIBLE,SUSPENDED
CVC,"[""غ"", ""i"", ""ت"", ""s""]",MODEL_ADMISSIBLE,SUSPENDED
CVC,"[""غ"", ""i"", ""ث"", ""s""]",MODEL_ADMISSIBLE,SUSPENDED
CVC,"[""غ"", ""i"", ""ج"", ""s""]",MODEL_ADMISSIBLE,SUSPENDED
CVC,"[""غ"", ""i"", ""ح"", ""s""]",MODEL_ADMISSIBLE,SUSPENDED
CVC,"[""غ"", ""i"", ""خ"", ""s""]",MODEL_ADMISSIBLE,SUSPENDED
CVC,"[""غ"", ""i"", ""د"", ""s""]",MODEL_ADMISSIBLE,SUSPENDED
CVC,"[""غ"", ""i"", ""ذ"", ""s""]",MODEL_ADMISSIBLE,SUSPENDED
CVC,"[""غ"", ""i"", ""ر"", ""s""]",MODEL_ADMISSIBLE,SUSPENDED
CVC,"[""غ"", ""i"", ""ز"", ""s""]",MODEL_ADMISSIBLE,SUSPENDED
CVC,"[""غ"", ""i"", ""س"", ""s""]",MODEL_ADMISSIBLE,SUSPENDED
CVC,"[""غ"", ""i"", ""ش"", ""s""]",MODEL_ADMISSIBLE,SUSPENDED
CVC,"[""غ"", ""i"", ""ص"", ""s""]",MODEL_ADMISSIBLE,SUSPENDED
CVC,"[""غ"", ""i"", ""ض"", ""s""]",MODEL_ADMISSIBLE,SUSPENDED
CVC,"[""غ"", ""i"", ""ط"", ""s""]",MODEL_ADMISSIBLE,SUSPENDED
CVC,"[""غ"", ""i"", ""ظ"", ""s""]",MODEL_ADMISSIBLE,SUSPENDED
CVC,"[""غ"", ""i"", ""ع"", ""s""]",MODEL_ADMISSIBLE,SUSPENDED
CVC,"[""غ"", ""i"", ""غ"", ""s""]",MODEL_ADMISSIBLE,SUSPENDED
CVC,"[""غ"", ""i"", ""ف"", ""s""]",MODEL_ADMISSIBLE,SUSPENDED
CVC,"[""غ"", ""i"", ""ق"", ""s""]",MODEL_ADMISSIBLE,SUSPENDED
CVC,"[""غ"", ""i"", ""ك"", ""s""]",MODEL_ADMISSIBLE,SUSPENDED
CVC,"[""غ"", ""i"", ""ل"", ""s""]",MODEL_ADMISSIBLE,SUSPENDED
CVC,"[""غ"", ""i"", ""م"", ""s""]",MODEL_ADMISSIBLE,SUSPENDED
CVC,"[""غ"", ""i"", ""ن"", ""s""]",MODEL_ADMISSIBLE,SUSPENDED
CVC,"[""غ"", ""i"", ""ه"", ""s""]",MODEL_ADMISSIBLE,SUSPENDED
CVC,"[""غ"", ""i"", ""و"", ""s""]",MODEL_ADMISSIBLE,SUSPENDED
CVC,"[""غ"", ""i"", ""ي"", ""s""]",MODEL_ADMISSIBLE,SUSPENDED
CVC,"[""غ"", ""i"", ""ء"", ""s""]",MODEL_ADMISSIBLE,SUSPENDED
CVC,"[""غ"", ""s"", ""ا"", ""s""]",BASE_NOT_CV,SUSPENDED
CVC,"[""غ"", ""s"", ""ب"", ""s""]",BASE_NOT_CV,SUSPENDED
CVC,"[""غ"", ""s"", ""ت"", ""s""]",BASE_NOT_CV,SUSPENDED
CVC,"[""غ"", ""s"", ""ث"", ""s""]",BASE_NOT_CV,SUSPENDED
CVC,"[""غ"", ""s"", ""ج"", ""s""]",BASE_NOT_CV,SUSPENDED
CVC,"[""غ"", ""s"", ""ح"", ""s""]",BASE_NOT_CV,SUSPENDED
CVC,"[""غ"", ""s"", ""خ"", ""s""]",BASE_NOT_CV,SUSPENDED
CVC,"[""غ"", ""s"", ""د"", ""s""]",BASE_NOT_CV,SUSPENDED
CVC,"[""غ"", ""s"", ""ذ"", ""s""]",BASE_NOT_CV,SUSPENDED
CVC,"[""غ"", ""s"", ""ر"", ""s""]",BASE_NOT_CV,SUSPENDED
CVC,"[""غ"", ""s"", ""ز"", ""s""]",BASE_NOT_CV,SUSPENDED
CVC,"[""غ"", ""s"", ""س"", ""s""]",BASE_NOT_CV,SUSPENDED
CVC,"[""غ"", ""s"", ""ش"", ""s""]",BASE_NOT_CV,SUSPENDED
CVC,"[""غ"", ""s"", ""ص"", ""s""]",BASE_NOT_CV,SUSPENDED
CVC,"[""غ"", ""s"", ""ض"", ""s""]",BASE_NOT_CV,SUSPENDED
CVC,"[""غ"", ""s"", ""ط"", ""s""]",BASE_NOT_CV,SUSPENDED
CVC,"[""غ"", ""s"", ""ظ"", ""s""]",BASE_NOT_CV,SUSPENDED
CVC,"[""غ"", ""s"", ""ع"", ""s""]",BASE_NOT_CV,SUSPENDED
CVC,"[""غ"", ""s"", ""غ"", ""s""]",BASE_NOT_CV,SUSPENDED
CVC,"[""غ"", ""s"", ""ف"", ""s""]",BASE_NOT_CV,SUSPENDED
CVC,"[""غ"", ""s"", ""ق"", ""s""]",BASE_NOT_CV,SUSPENDED
CVC,"[""غ"", ""s"", ""ك"", ""s""]",BASE_NOT_CV,SUSPENDED
CVC,"[""غ"", ""s"", ""ل"", ""s""]",BASE_NOT_CV,SUSPENDED
CVC,"[""غ"", ""s"", ""م"", ""s""]",BASE_NOT_CV,SUSPENDED
CVC,"[""غ"", ""s"", ""ن"", ""s""]",BASE_NOT_CV,SUSPENDED
CVC,"[""غ"", ""s"", ""ه"", ""s""]",BASE_NOT_CV,SUSPENDED
CVC,"[""غ"", ""s"", ""و"", ""s""]",BASE_NOT_CV,SUSPENDED
CVC,"[""غ"", ""s"", ""ي"", ""s""]",BASE_NOT_CV,SUSPENDED
CVC,"[""غ"", ""s"", ""ء"", ""s""]",BASE_NOT_CV,SUSPENDED
CVC,"[""ف"", ""a"", ""ا"", ""s""]",MODEL_ADMISSIBLE,SUSPENDED
CVC,"[""ف"", ""a"", ""ب"", ""s""]",MODEL_ADMISSIBLE,SUSPENDED
CVC,"[""ف"", ""a"", ""ت"", ""s""]",MODEL_ADMISSIBLE,SUSPENDED
CVC,"[""ف"", ""a"", ""ث"", ""s""]",MODEL_ADMISSIBLE,SUSPENDED
CVC,"[""ف"", ""a"", ""ج"", ""s""]",MODEL_ADMISSIBLE,SUSPENDED
CVC,"[""ف"", ""a"", ""ح"", ""s""]",MODEL_ADMISSIBLE,SUSPENDED
CVC,"[""ف"", ""a"", ""خ"", ""s""]",MODEL_ADMISSIBLE,SUSPENDED
CVC,"[""ف"", ""a"", ""د"", ""s""]",MODEL_ADMISSIBLE,SUSPENDED
CVC,"[""ف"", ""a"", ""ذ"", ""s""]",MODEL_ADMISSIBLE,SUSPENDED
CVC,"[""ف"", ""a"", ""ر"", ""s""]",MODEL_ADMISSIBLE,SUSPENDED
CVC,"[""ف"", ""a"", ""ز"", ""s""]",MODEL_ADMISSIBLE,SUSPENDED
CVC,"[""ف"", ""a"", ""س"", ""s""]",MODEL_ADMISSIBLE,SUSPENDED
CVC,"[""ف"", ""a"", ""ش"", ""s""]",MODEL_ADMISSIBLE,SUSPENDED
CVC,"[""ف"", ""a"", ""ص"", ""s""]",MODEL_ADMISSIBLE,SUSPENDED
CVC,"[""ف"", ""a"", ""ض"", ""s""]",MODEL_ADMISSIBLE,SUSPENDED
CVC,"[""ف"", ""a"", ""ط"", ""s""]",MODEL_ADMISSIBLE,SUSPENDED
CVC,"[""ف"", ""a"", ""ظ"", ""s""]",MODEL_ADMISSIBLE,SUSPENDED
CVC,"[""ف"", ""a"", ""ع"", ""s""]",MODEL_ADMISSIBLE,SUSPENDED
CVC,"[""ف"", ""a"", ""غ"", ""s""]",MODEL_ADMISSIBLE,SUSPENDED
CVC,"[""ف"", ""a"", ""ف"", ""s""]",MODEL_ADMISSIBLE,SUSPENDED
CVC,"[""ف"", ""a"", ""ق"", ""s""]",MODEL_ADMISSIBLE,SUSPENDED
CVC,"[""ف"", ""a"", ""ك"", ""s""]",MODEL_ADMISSIBLE,SUSPENDED
CVC,"[""ف"", ""a"", ""ل"", ""s""]",MODEL_ADMISSIBLE,SUSPENDED
CVC,"[""ف"", ""a"", ""م"", ""s""]",MODEL_ADMISSIBLE,SUSPENDED
CVC,"[""ف"", ""a"", ""ن"", ""s""]",MODEL_ADMISSIBLE,SUSPENDED
CVC,"[""ف"", ""a"", ""ه"", ""s""]",MODEL_ADMISSIBLE,SUSPENDED
CVC,"[""ف"", ""a"", ""و"", ""s""]",MODEL_ADMISSIBLE,SUSPENDED
CVC,"[""ف"", ""a"", ""ي"", ""s""]",MODEL_ADMISSIBLE,SUSPENDED
CVC,"[""ف"", ""a"", ""ء"", ""s""]",MODEL_ADMISSIBLE,SUSPENDED
CVC,"[""ف"", ""u"", ""ا"", ""s""]",MODEL_ADMISSIBLE,SUSPENDED
CVC,"[""ف"", ""u"", ""ب"", ""s""]",MODEL_ADMISSIBLE,SUSPENDED
CVC,"[""ف"", ""u"", ""ت"", ""s""]",MODEL_ADMISSIBLE,SUSPENDED
CVC,"[""ف"", ""u"", ""ث"", ""s""]",MODEL_ADMISSIBLE,SUSPENDED
CVC,"[""ف"", ""u"", ""ج"", ""s""]",MODEL_ADMISSIBLE,SUSPENDED
CVC,"[""ف"", ""u"", ""ح"", ""s""]",MODEL_ADMISSIBLE,SUSPENDED
CVC,"[""ف"", ""u"", ""خ"", ""s""]",MODEL_ADMISSIBLE,SUSPENDED
CVC,"[""ف"", ""u"", ""د"", ""s""]",MODEL_ADMISSIBLE,SUSPENDED
CVC,"[""ف"", ""u"", ""ذ"", ""s""]",MODEL_ADMISSIBLE,SUSPENDED
CVC,"[""ف"", ""u"", ""ر"", ""s""]",MODEL_ADMISSIBLE,SUSPENDED
CVC,"[""ف"", ""u"", ""ز"", ""s""]",MODEL_ADMISSIBLE,SUSPENDED
CVC,"[""ف"", ""u"", ""س"", ""s""]",MODEL_ADMISSIBLE,SUSPENDED
CVC,"[""ف"", ""u"", ""ش"", ""s""]",MODEL_ADMISSIBLE,SUSPENDED
CVC,"[""ف"", ""u"", ""ص"", ""s""]",MODEL_ADMISSIBLE,SUSPENDED
CVC,"[""ف"", ""u"", ""ض"", ""s""]",MODEL_ADMISSIBLE,SUSPENDED
CVC,"[""ف"", ""u"", ""ط"", ""s""]",MODEL_ADMISSIBLE,SUSPENDED
CVC,"[""ف"", ""u"", ""ظ"", ""s""]",MODEL_ADMISSIBLE,SUSPENDED
CVC,"[""ف"", ""u"", ""ع"", ""s""]",MODEL_ADMISSIBLE,SUSPENDED
CVC,"[""ف"", ""u"", ""غ"", ""s""]",MODEL_ADMISSIBLE,SUSPENDED
CVC,"[""ف"", ""u"", ""ف"", ""s""]",MODEL_ADMISSIBLE,SUSPENDED
CVC,"[""ف"", ""u"", ""ق"", ""s""]",MODEL_ADMISSIBLE,SUSPENDED
CVC,"[""ف"", ""u"", ""ك"", ""s""]",MODEL_ADMISSIBLE,SUSPENDED
CVC,"[""ف"", ""u"", ""ل"", ""s""]",MODEL_ADMISSIBLE,SUSPENDED
CVC,"[""ف"", ""u"", ""م"", ""s""]",MODEL_ADMISSIBLE,SUSPENDED
CVC,"[""ف"", ""u"", ""ن"", ""s""]",MODEL_ADMISSIBLE,SUSPENDED
CVC,"[""ف"", ""u"", ""ه"", ""s""]",MODEL_ADMISSIBLE,SUSPENDED
CVC,"[""ف"", ""u"", ""و"", ""s""]",MODEL_ADMISSIBLE,SUSPENDED
CVC,"[""ف"", ""u"", ""ي"", ""s""]",MODEL_ADMISSIBLE,SUSPENDED
CVC,"[""ف"", ""u"", ""ء"", ""s""]",MODEL_ADMISSIBLE,SUSPENDED
CVC,"[""ف"", ""i"", ""ا"", ""s""]",MODEL_ADMISSIBLE,SUSPENDED
CVC,"[""ف"", ""i"", ""ب"", ""s""]",MODEL_ADMISSIBLE,SUSPENDED
CVC,"[""ف"", ""i"", ""ت"", ""s""]",MODEL_ADMISSIBLE,SUSPENDED
CVC,"[""ف"", ""i"", ""ث"", ""s""]",MODEL_ADMISSIBLE,SUSPENDED
CVC,"[""ف"", ""i"", ""ج"", ""s""]",MODEL_ADMISSIBLE,SUSPENDED
CVC,"[""ف"", ""i"", ""ح"", ""s""]",MODEL_ADMISSIBLE,SUSPENDED
CVC,"[""ف"", ""i"", ""خ"", ""s""]",MODEL_ADMISSIBLE,SUSPENDED
CVC,"[""ف"", ""i"", ""د"", ""s""]",MODEL_ADMISSIBLE,SUSPENDED
CVC,"[""ف"", ""i"", ""ذ"", ""s""]",MODEL_ADMISSIBLE,SUSPENDED
CVC,"[""ف"", ""i"", ""ر"", ""s""]",MODEL_ADMISSIBLE,SUSPENDED
CVC,"[""ف"", ""i"", ""ز"", ""s""]",MODEL_ADMISSIBLE,SUSPENDED
CVC,"[""ف"", ""i"", ""س"", ""s""]",MODEL_ADMISSIBLE,SUSPENDED
CVC,"[""ف"", ""i"", ""ش"", ""s""]",MODEL_ADMISSIBLE,SUSPENDED
CVC,"[""ف"", ""i"", ""ص"", ""s""]",MODEL_ADMISSIBLE,SUSPENDED
CVC,"[""ف"", ""i"", ""ض"", ""s""]",MODEL_ADMISSIBLE,SUSPENDED
CVC,"[""ف"", ""i"", ""ط"", ""s""]",MODEL_ADMISSIBLE,SUSPENDED
CVC,"[""ف"", ""i"", ""ظ"", ""s""]",MODEL_ADMISSIBLE,SUSPENDED
CVC,"[""ف"", ""i"", ""ع"", ""s""]",MODEL_ADMISSIBLE,SUSPENDED
CVC,"[""ف"", ""i"", ""غ"", ""s""]",MODEL_ADMISSIBLE,SUSPENDED
CVC,"[""ف"", ""i"", ""ف"", ""s""]",MODEL_ADMISSIBLE,SUSPENDED
CVC,"[""ف"", ""i"", ""ق"", ""s""]",MODEL_ADMISSIBLE,SUSPENDED
CVC,"[""ف"", ""i"", ""ك"", ""s""]",MODEL_ADMISSIBLE,SUSPENDED
CVC,"[""ف"", ""i"", ""ل"", ""s""]",MODEL_ADMISSIBLE,SUSPENDED
CVC,"[""ف"", ""i"", ""م"", ""s""]",MODEL_ADMISSIBLE,SUSPENDED
CVC,"[""ف"", ""i"", ""ن"", ""s""]",MODEL_ADMISSIBLE,SUSPENDED
CVC,"[""ف"", ""i"", ""ه"", ""s""]",MODEL_ADMISSIBLE,SUSPENDED
CVC,"[""ف"", ""i"", ""و"", ""s""]",MODEL_ADMISSIBLE,SUSPENDED
CVC,"[""ف"", ""i"", ""ي"", ""s""]",MODEL_ADMISSIBLE,SUSPENDED
CVC,"[""ف"", ""i"", ""ء"", ""s""]",MODEL_ADMISSIBLE,SUSPENDED
CVC,"[""ف"", ""s"", ""ا"", ""s""]",BASE_NOT_CV,SUSPENDED
CVC,"[""ف"", ""s"", ""ب"", ""s""]",BASE_NOT_CV,SUSPENDED
CVC,"[""ف"", ""s"", ""ت"", ""s""]",BASE_NOT_CV,SUSPENDED
CVC,"[""ف"", ""s"", ""ث"", ""s""]",BASE_NOT_CV,SUSPENDED
CVC,"[""ف"", ""s"", ""ج"", ""s""]",BASE_NOT_CV,SUSPENDED
CVC,"[""ف"", ""s"", ""ح"", ""s""]",BASE_NOT_CV,SUSPENDED
CVC,"[""ف"", ""s"", ""خ"", ""s""]",BASE_NOT_CV,SUSPENDED
CVC,"[""ف"", ""s"", ""د"", ""s""]",BASE_NOT_CV,SUSPENDED
CVC,"[""ف"", ""s"", ""ذ"", ""s""]",BASE_NOT_CV,SUSPENDED
CVC,"[""ف"", ""s"", ""ر"", ""s""]",BASE_NOT_CV,SUSPENDED
CVC,"[""ف"", ""s"", ""ز"", ""s""]",BASE_NOT_CV,SUSPENDED
CVC,"[""ف"", ""s"", ""س"", ""s""]",BASE_NOT_CV,SUSPENDED
CVC,"[""ف"", ""s"", ""ش"", ""s""]",BASE_NOT_CV,SUSPENDED
CVC,"[""ف"", ""s"", ""ص"", ""s""]",BASE_NOT_CV,SUSPENDED
CVC,"[""ف"", ""s"", ""ض"", ""s""]",BASE_NOT_CV,SUSPENDED
CVC,"[""ف"", ""s"", ""ط"", ""s""]",BASE_NOT_CV,SUSPENDED
CVC,"[""ف"", ""s"", ""ظ"", ""s""]",BASE_NOT_CV,SUSPENDED
CVC,"[""ف"", ""s"", ""ع"", ""s""]",BASE_NOT_CV,SUSPENDED
CVC,"[""ف"", ""s"", ""غ"", ""s""]",BASE_NOT_CV,SUSPENDED
CVC,"[""ف"", ""s"", ""ف"", ""s""]",BASE_NOT_CV,SUSPENDED
CVC,"[""ف"", ""s"", ""ق"", ""s""]",BASE_NOT_CV,SUSPENDED
CVC,"[""ف"", ""s"", ""ك"", ""s""]",BASE_NOT_CV,SUSPENDED
CVC,"[""ف"", ""s"", ""ل"", ""s""]",BASE_NOT_CV,SUSPENDED
CVC,"[""ف"", ""s"", ""م"", ""s""]",BASE_NOT_CV,SUSPENDED
CVC,"[""ف"", ""s"", ""ن"", ""s""]",BASE_NOT_CV,SUSPENDED
CVC,"[""ف"", ""s"", ""ه"", ""s""]",BASE_NOT_CV,SUSPENDED
CVC,"[""ف"", ""s"", ""و"", ""s""]",BASE_NOT_CV,SUSPENDED
CVC,"[""ف"", ""s"", ""ي"", ""s""]",BASE_NOT_CV,SUSPENDED
CVC,"[""ف"", ""s"", ""ء"", ""s""]",BASE_NOT_CV,SUSPENDED
CVC,"[""ق"", ""a"", ""ا"", ""s""]",MODEL_ADMISSIBLE,SUSPENDED
CVC,"[""ق"", ""a"", ""ب"", ""s""]",MODEL_ADMISSIBLE,SUSPENDED
CVC,"[""ق"", ""a"", ""ت"", ""s""]",MODEL_ADMISSIBLE,SUSPENDED
CVC,"[""ق"", ""a"", ""ث"", ""s""]",MODEL_ADMISSIBLE,SUSPENDED
CVC,"[""ق"", ""a"", ""ج"", ""s""]",MODEL_ADMISSIBLE,SUSPENDED
CVC,"[""ق"", ""a"", ""ح"", ""s""]",MODEL_ADMISSIBLE,SUSPENDED
CVC,"[""ق"", ""a"", ""خ"", ""s""]",MODEL_ADMISSIBLE,SUSPENDED
CVC,"[""ق"", ""a"", ""د"", ""s""]",MODEL_ADMISSIBLE,SUSPENDED
CVC,"[""ق"", ""a"", ""ذ"", ""s""]",MODEL_ADMISSIBLE,SUSPENDED
CVC,"[""ق"", ""a"", ""ر"", ""s""]",MODEL_ADMISSIBLE,SUSPENDED
CVC,"[""ق"", ""a"", ""ز"", ""s""]",MODEL_ADMISSIBLE,SUSPENDED
CVC,"[""ق"", ""a"", ""س"", ""s""]",MODEL_ADMISSIBLE,SUSPENDED
CVC,"[""ق"", ""a"", ""ش"", ""s""]",MODEL_ADMISSIBLE,SUSPENDED
CVC,"[""ق"", ""a"", ""ص"", ""s""]",MODEL_ADMISSIBLE,SUSPENDED
CVC,"[""ق"", ""a"", ""ض"", ""s""]",MODEL_ADMISSIBLE,SUSPENDED
CVC,"[""ق"", ""a"", ""ط"", ""s""]",MODEL_ADMISSIBLE,SUSPENDED
CVC,"[""ق"", ""a"", ""ظ"", ""s""]",MODEL_ADMISSIBLE,SUSPENDED
CVC,"[""ق"", ""a"", ""ع"", ""s""]",MODEL_ADMISSIBLE,SUSPENDED
CVC,"[""ق"", ""a"", ""غ"", ""s""]",MODEL_ADMISSIBLE,SUSPENDED
CVC,"[""ق"", ""a"", ""ف"", ""s""]",MODEL_ADMISSIBLE,SUSPENDED
CVC,"[""ق"", ""a"", ""ق"", ""s""]",MODEL_ADMISSIBLE,SUSPENDED
CVC,"[""ق"", ""a"", ""ك"", ""s""]",MODEL_ADMISSIBLE,SUSPENDED
CVC,"[""ق"", ""a"", ""ل"", ""s""]",MODEL_ADMISSIBLE,SUSPENDED
CVC,"[""ق"", ""a"", ""م"", ""s""]",MODEL_ADMISSIBLE,SUSPENDED
CVC,"[""ق"", ""a"", ""ن"", ""s""]",MODEL_ADMISSIBLE,SUSPENDED
CVC,"[""ق"", ""a"", ""ه"", ""s""]",MODEL_ADMISSIBLE,SUSPENDED
CVC,"[""ق"", ""a"", ""و"", ""s""]",MODEL_ADMISSIBLE,SUSPENDED
CVC,"[""ق"", ""a"", ""ي"", ""s""]",MODEL_ADMISSIBLE,SUSPENDED
CVC,"[""ق"", ""a"", ""ء"", ""s""]",MODEL_ADMISSIBLE,SUSPENDED
CVC,"[""ق"", ""u"", ""ا"", ""s""]",MODEL_ADMISSIBLE,SUSPENDED
CVC,"[""ق"", ""u"", ""ب"", ""s""]",MODEL_ADMISSIBLE,SUSPENDED
CVC,"[""ق"", ""u"", ""ت"", ""s""]",MODEL_ADMISSIBLE,SUSPENDED
CVC,"[""ق"", ""u"", ""ث"", ""s""]",MODEL_ADMISSIBLE,SUSPENDED
CVC,"[""ق"", ""u"", ""ج"", ""s""]",MODEL_ADMISSIBLE,SUSPENDED
CVC,"[""ق"", ""u"", ""ح"", ""s""]",MODEL_ADMISSIBLE,SUSPENDED
CVC,"[""ق"", ""u"", ""خ"", ""s""]",MODEL_ADMISSIBLE,SUSPENDED
CVC,"[""ق"", ""u"", ""د"", ""s""]",MODEL_ADMISSIBLE,SUSPENDED
CVC,"[""ق"", ""u"", ""ذ"", ""s""]",MODEL_ADMISSIBLE,SUSPENDED
CVC,"[""ق"", ""u"", ""ر"", ""s""]",MODEL_ADMISSIBLE,SUSPENDED
CVC,"[""ق"", ""u"", ""ز"", ""s""]",MODEL_ADMISSIBLE,SUSPENDED
CVC,"[""ق"", ""u"", ""س"", ""s""]",MODEL_ADMISSIBLE,SUSPENDED
CVC,"[""ق"", ""u"", ""ش"", ""s""]",MODEL_ADMISSIBLE,SUSPENDED
CVC,"[""ق"", ""u"", ""ص"", ""s""]",MODEL_ADMISSIBLE,SUSPENDED
CVC,"[""ق"", ""u"", ""ض"", ""s""]",MODEL_ADMISSIBLE,SUSPENDED
CVC,"[""ق"", ""u"", ""ط"", ""s""]",MODEL_ADMISSIBLE,SUSPENDED
CVC,"[""ق"", ""u"", ""ظ"", ""s""]",MODEL_ADMISSIBLE,SUSPENDED
CVC,"[""ق"", ""u"", ""ع"", ""s""]",MODEL_ADMISSIBLE,SUSPENDED
CVC,"[""ق"", ""u"", ""غ"", ""s""]",MODEL_ADMISSIBLE,SUSPENDED
CVC,"[""ق"", ""u"", ""ف"", ""s""]",MODEL_ADMISSIBLE,SUSPENDED
CVC,"[""ق"", ""u"", ""ق"", ""s""]",MODEL_ADMISSIBLE,SUSPENDED
CVC,"[""ق"", ""u"", ""ك"", ""s""]",MODEL_ADMISSIBLE,SUSPENDED
CVC,"[""ق"", ""u"", ""ل"", ""s""]",MODEL_ADMISSIBLE,SUSPENDED
CVC,"[""ق"", ""u"", ""م"", ""s""]",MODEL_ADMISSIBLE,SUSPENDED
CVC,"[""ق"", ""u"", ""ن"", ""s""]",MODEL_ADMISSIBLE,SUSPENDED
CVC,"[""ق"", ""u"", ""ه"", ""s""]",MODEL_ADMISSIBLE,SUSPENDED
CVC,"[""ق"", ""u"", ""و"", ""s""]",MODEL_ADMISSIBLE,SUSPENDED
CVC,"[""ق"", ""u"", ""ي"", ""s""]",MODEL_ADMISSIBLE,SUSPENDED
CVC,"[""ق"", ""u"", ""ء"", ""s""]",MODEL_ADMISSIBLE,SUSPENDED
CVC,"[""ق"", ""i"", ""ا"", ""s""]",MODEL_ADMISSIBLE,SUSPENDED
CVC,"[""ق"", ""i"", ""ب"", ""s""]",MODEL_ADMISSIBLE,SUSPENDED
CVC,"[""ق"", ""i"", ""ت"", ""s""]",MODEL_ADMISSIBLE,SUSPENDED
CVC,"[""ق"", ""i"", ""ث"", ""s""]",MODEL_ADMISSIBLE,SUSPENDED
CVC,"[""ق"", ""i"", ""ج"", ""s""]",MODEL_ADMISSIBLE,SUSPENDED
CVC,"[""ق"", ""i"", ""ح"", ""s""]",MODEL_ADMISSIBLE,SUSPENDED
CVC,"[""ق"", ""i"", ""خ"", ""s""]",MODEL_ADMISSIBLE,SUSPENDED
CVC,"[""ق"", ""i"", ""د"", ""s""]",MODEL_ADMISSIBLE,SUSPENDED
CVC,"[""ق"", ""i"", ""ذ"", ""s""]",MODEL_ADMISSIBLE,SUSPENDED
CVC,"[""ق"", ""i"", ""ر"", ""s""]",MODEL_ADMISSIBLE,SUSPENDED
CVC,"[""ق"", ""i"", ""ز"", ""s""]",MODEL_ADMISSIBLE,SUSPENDED
CVC,"[""ق"", ""i"", ""س"", ""s""]",MODEL_ADMISSIBLE,SUSPENDED
CVC,"[""ق"", ""i"", ""ش"", ""s""]",MODEL_ADMISSIBLE,SUSPENDED
CVC,"[""ق"", ""i"", ""ص"", ""s""]",MODEL_ADMISSIBLE,SUSPENDED
CVC,"[""ق"", ""i"", ""ض"", ""s""]",MODEL_ADMISSIBLE,SUSPENDED
CVC,"[""ق"", ""i"", ""ط"", ""s""]",MODEL_ADMISSIBLE,SUSPENDED
CVC,"[""ق"", ""i"", ""ظ"", ""s""]",MODEL_ADMISSIBLE,SUSPENDED
CVC,"[""ق"", ""i"", ""ع"", ""s""]",MODEL_ADMISSIBLE,SUSPENDED
CVC,"[""ق"", ""i"", ""غ"", ""s""]",MODEL_ADMISSIBLE,SUSPENDED
CVC,"[""ق"", ""i"", ""ف"", ""s""]",MODEL_ADMISSIBLE,SUSPENDED
CVC,"[""ق"", ""i"", ""ق"", ""s""]",MODEL_ADMISSIBLE,SUSPENDED
CVC,"[""ق"", ""i"", ""ك"", ""s""]",MODEL_ADMISSIBLE,SUSPENDED
CVC,"[""ق"", ""i"", ""ل"", ""s""]",MODEL_ADMISSIBLE,SUSPENDED
CVC,"[""ق"", ""i"", ""م"", ""s""]",MODEL_ADMISSIBLE,SUSPENDED
CVC,"[""ق"", ""i"", ""ن"", ""s""]",MODEL_ADMISSIBLE,SUSPENDED
CVC,"[""ق"", ""i"", ""ه"", ""s""]",MODEL_ADMISSIBLE,SUSPENDED
CVC,"[""ق"", ""i"", ""و"", ""s""]",MODEL_ADMISSIBLE,SUSPENDED
CVC,"[""ق"", ""i"", ""ي"", ""s""]",MODEL_ADMISSIBLE,SUSPENDED
CVC,"[""ق"", ""i"", ""ء"", ""s""]",MODEL_ADMISSIBLE,SUSPENDED
CVC,"[""ق"", ""s"", ""ا"", ""s""]",BASE_NOT_CV,SUSPENDED
CVC,"[""ق"", ""s"", ""ب"", ""s""]",BASE_NOT_CV,SUSPENDED
CVC,"[""ق"", ""s"", ""ت"", ""s""]",BASE_NOT_CV,SUSPENDED
CVC,"[""ق"", ""s"", ""ث"", ""s""]",BASE_NOT_CV,SUSPENDED
CVC,"[""ق"", ""s"", ""ج"", ""s""]",BASE_NOT_CV,SUSPENDED
CVC,"[""ق"", ""s"", ""ح"", ""s""]",BASE_NOT_CV,SUSPENDED
CVC,"[""ق"", ""s"", ""خ"", ""s""]",BASE_NOT_CV,SUSPENDED
CVC,"[""ق"", ""s"", ""د"", ""s""]",BASE_NOT_CV,SUSPENDED
CVC,"[""ق"", ""s"", ""ذ"", ""s""]",BASE_NOT_CV,SUSPENDED
CVC,"[""ق"", ""s"", ""ر"", ""s""]",BASE_NOT_CV,SUSPENDED
CVC,"[""ق"", ""s"", ""ز"", ""s""]",BASE_NOT_CV,SUSPENDED
CVC,"[""ق"", ""s"", ""س"", ""s""]",BASE_NOT_CV,SUSPENDED
CVC,"[""ق"", ""s"", ""ش"", ""s""]",BASE_NOT_CV,SUSPENDED
CVC,"[""ق"", ""s"", ""ص"", ""s""]",BASE_NOT_CV,SUSPENDED
CVC,"[""ق"", ""s"", ""ض"", ""s""]",BASE_NOT_CV,SUSPENDED
CVC,"[""ق"", ""s"", ""ط"", ""s""]",BASE_NOT_CV,SUSPENDED
CVC,"[""ق"", ""s"", ""ظ"", ""s""]",BASE_NOT_CV,SUSPENDED
CVC,"[""ق"", ""s"", ""ع"", ""s""]",BASE_NOT_CV,SUSPENDED
CVC,"[""ق"", ""s"", ""غ"", ""s""]",BASE_NOT_CV,SUSPENDED
CVC,"[""ق"", ""s"", ""ف"", ""s""]",BASE_NOT_CV,SUSPENDED
CVC,"[""ق"", ""s"", ""ق"", ""s""]",BASE_NOT_CV,SUSPENDED
CVC,"[""ق"", ""s"", ""ك"", ""s""]",BASE_NOT_CV,SUSPENDED
CVC,"[""ق"", ""s"", ""ل"", ""s""]",BASE_NOT_CV,SUSPENDED
CVC,"[""ق"", ""s"", ""م"", ""s""]",BASE_NOT_CV,SUSPENDED
CVC,"[""ق"", ""s"", ""ن"", ""s""]",BASE_NOT_CV,SUSPENDED
CVC,"[""ق"", ""s"", ""ه"", ""s""]",BASE_NOT_CV,SUSPENDED
CVC,"[""ق"", ""s"", ""و"", ""s""]",BASE_NOT_CV,SUSPENDED
CVC,"[""ق"", ""s"", ""ي"", ""s""]",BASE_NOT_CV,SUSPENDED
CVC,"[""ق"", ""s"", ""ء"", ""s""]",BASE_NOT_CV,SUSPENDED
CVC,"[""ك"", ""a"", ""ا"", ""s""]",MODEL_ADMISSIBLE,SUSPENDED
CVC,"[""ك"", ""a"", ""ب"", ""s""]",MODEL_ADMISSIBLE,SUSPENDED
CVC,"[""ك"", ""a"", ""ت"", ""s""]",MODEL_ADMISSIBLE,SUSPENDED
CVC,"[""ك"", ""a"", ""ث"", ""s""]",MODEL_ADMISSIBLE,SUSPENDED
CVC,"[""ك"", ""a"", ""ج"", ""s""]",MODEL_ADMISSIBLE,SUSPENDED
CVC,"[""ك"", ""a"", ""ح"", ""s""]",MODEL_ADMISSIBLE,SUSPENDED
CVC,"[""ك"", ""a"", ""خ"", ""s""]",MODEL_ADMISSIBLE,SUSPENDED
CVC,"[""ك"", ""a"", ""د"", ""s""]",MODEL_ADMISSIBLE,SUSPENDED
CVC,"[""ك"", ""a"", ""ذ"", ""s""]",MODEL_ADMISSIBLE,SUSPENDED
CVC,"[""ك"", ""a"", ""ر"", ""s""]",MODEL_ADMISSIBLE,SUSPENDED
CVC,"[""ك"", ""a"", ""ز"", ""s""]",MODEL_ADMISSIBLE,SUSPENDED
CVC,"[""ك"", ""a"", ""س"", ""s""]",MODEL_ADMISSIBLE,SUSPENDED
CVC,"[""ك"", ""a"", ""ش"", ""s""]",MODEL_ADMISSIBLE,SUSPENDED
CVC,"[""ك"", ""a"", ""ص"", ""s""]",MODEL_ADMISSIBLE,SUSPENDED
CVC,"[""ك"", ""a"", ""ض"", ""s""]",MODEL_ADMISSIBLE,SUSPENDED
CVC,"[""ك"", ""a"", ""ط"", ""s""]",MODEL_ADMISSIBLE,SUSPENDED
CVC,"[""ك"", ""a"", ""ظ"", ""s""]",MODEL_ADMISSIBLE,SUSPENDED
CVC,"[""ك"", ""a"", ""ع"", ""s""]",MODEL_ADMISSIBLE,SUSPENDED
CVC,"[""ك"", ""a"", ""غ"", ""s""]",MODEL_ADMISSIBLE,SUSPENDED
CVC,"[""ك"", ""a"", ""ف"", ""s""]",MODEL_ADMISSIBLE,SUSPENDED
CVC,"[""ك"", ""a"", ""ق"", ""s""]",MODEL_ADMISSIBLE,SUSPENDED
CVC,"[""ك"", ""a"", ""ك"", ""s""]",MODEL_ADMISSIBLE,SUSPENDED
CVC,"[""ك"", ""a"", ""ل"", ""s""]",MODEL_ADMISSIBLE,SUSPENDED
CVC,"[""ك"", ""a"", ""م"", ""s""]",MODEL_ADMISSIBLE,SUSPENDED
CVC,"[""ك"", ""a"", ""ن"", ""s""]",MODEL_ADMISSIBLE,SUSPENDED
CVC,"[""ك"", ""a"", ""ه"", ""s""]",MODEL_ADMISSIBLE,SUSPENDED
CVC,"[""ك"", ""a"", ""و"", ""s""]",MODEL_ADMISSIBLE,SUSPENDED
CVC,"[""ك"", ""a"", ""ي"", ""s""]",MODEL_ADMISSIBLE,SUSPENDED
CVC,"[""ك"", ""a"", ""ء"", ""s""]",MODEL_ADMISSIBLE,SUSPENDED
CVC,"[""ك"", ""u"", ""ا"", ""s""]",MODEL_ADMISSIBLE,SUSPENDED
CVC,"[""ك"", ""u"", ""ب"", ""s""]",MODEL_ADMISSIBLE,SUSPENDED
CVC,"[""ك"", ""u"", ""ت"", ""s""]",MODEL_ADMISSIBLE,SUSPENDED
CVC,"[""ك"", ""u"", ""ث"", ""s""]",MODEL_ADMISSIBLE,SUSPENDED
CVC,"[""ك"", ""u"", ""ج"", ""s""]",MODEL_ADMISSIBLE,SUSPENDED
CVC,"[""ك"", ""u"", ""ح"", ""s""]",MODEL_ADMISSIBLE,SUSPENDED
CVC,"[""ك"", ""u"", ""خ"", ""s""]",MODEL_ADMISSIBLE,SUSPENDED
CVC,"[""ك"", ""u"", ""د"", ""s""]",MODEL_ADMISSIBLE,SUSPENDED
CVC,"[""ك"", ""u"", ""ذ"", ""s""]",MODEL_ADMISSIBLE,SUSPENDED
CVC,"[""ك"", ""u"", ""ر"", ""s""]",MODEL_ADMISSIBLE,SUSPENDED
CVC,"[""ك"", ""u"", ""ز"", ""s""]",MODEL_ADMISSIBLE,SUSPENDED
CVC,"[""ك"", ""u"", ""س"", ""s""]",MODEL_ADMISSIBLE,SUSPENDED
CVC,"[""ك"", ""u"", ""ش"", ""s""]",MODEL_ADMISSIBLE,SUSPENDED
CVC,"[""ك"", ""u"", ""ص"", ""s""]",MODEL_ADMISSIBLE,SUSPENDED
CVC,"[""ك"", ""u"", ""ض"", ""s""]",MODEL_ADMISSIBLE,SUSPENDED
CVC,"[""ك"", ""u"", ""ط"", ""s""]",MODEL_ADMISSIBLE,SUSPENDED
CVC,"[""ك"", ""u"", ""ظ"", ""s""]",MODEL_ADMISSIBLE,SUSPENDED
CVC,"[""ك"", ""u"", ""ع"", ""s""]",MODEL_ADMISSIBLE,SUSPENDED
CVC,"[""ك"", ""u"", ""غ"", ""s""]",MODEL_ADMISSIBLE,SUSPENDED
CVC,"[""ك"", ""u"", ""ف"", ""s""]",MODEL_ADMISSIBLE,SUSPENDED
CVC,"[""ك"", ""u"", ""ق"", ""s""]",MODEL_ADMISSIBLE,SUSPENDED
CVC,"[""ك"", ""u"", ""ك"", ""s""]",MODEL_ADMISSIBLE,SUSPENDED
CVC,"[""ك"", ""u"", ""ل"", ""s""]",MODEL_ADMISSIBLE,SUSPENDED
CVC,"[""ك"", ""u"", ""م"", ""s""]",MODEL_ADMISSIBLE,SUSPENDED
CVC,"[""ك"", ""u"", ""ن"", ""s""]",MODEL_ADMISSIBLE,SUSPENDED
CVC,"[""ك"", ""u"", ""ه"", ""s""]",MODEL_ADMISSIBLE,SUSPENDED
CVC,"[""ك"", ""u"", ""و"", ""s""]",MODEL_ADMISSIBLE,SUSPENDED
CVC,"[""ك"", ""u"", ""ي"", ""s""]",MODEL_ADMISSIBLE,SUSPENDED
CVC,"[""ك"", ""u"", ""ء"", ""s""]",MODEL_ADMISSIBLE,SUSPENDED
CVC,"[""ك"", ""i"", ""ا"", ""s""]",MODEL_ADMISSIBLE,SUSPENDED
CVC,"[""ك"", ""i"", ""ب"", ""s""]",MODEL_ADMISSIBLE,SUSPENDED
CVC,"[""ك"", ""i"", ""ت"", ""s""]",MODEL_ADMISSIBLE,SUSPENDED
CVC,"[""ك"", ""i"", ""ث"", ""s""]",MODEL_ADMISSIBLE,SUSPENDED
CVC,"[""ك"", ""i"", ""ج"", ""s""]",MODEL_ADMISSIBLE,SUSPENDED
CVC,"[""ك"", ""i"", ""ح"", ""s""]",MODEL_ADMISSIBLE,SUSPENDED
CVC,"[""ك"", ""i"", ""خ"", ""s""]",MODEL_ADMISSIBLE,SUSPENDED
CVC,"[""ك"", ""i"", ""د"", ""s""]",MODEL_ADMISSIBLE,SUSPENDED
CVC,"[""ك"", ""i"", ""ذ"", ""s""]",MODEL_ADMISSIBLE,SUSPENDED
CVC,"[""ك"", ""i"", ""ر"", ""s""]",MODEL_ADMISSIBLE,SUSPENDED
CVC,"[""ك"", ""i"", ""ز"", ""s""]",MODEL_ADMISSIBLE,SUSPENDED
CVC,"[""ك"", ""i"", ""س"", ""s""]",MODEL_ADMISSIBLE,SUSPENDED
CVC,"[""ك"", ""i"", ""ش"", ""s""]",MODEL_ADMISSIBLE,SUSPENDED
CVC,"[""ك"", ""i"", ""ص"", ""s""]",MODEL_ADMISSIBLE,SUSPENDED
CVC,"[""ك"", ""i"", ""ض"", ""s""]",MODEL_ADMISSIBLE,SUSPENDED
CVC,"[""ك"", ""i"", ""ط"", ""s""]",MODEL_ADMISSIBLE,SUSPENDED
CVC,"[""ك"", ""i"", ""ظ"", ""s""]",MODEL_ADMISSIBLE,SUSPENDED
CVC,"[""ك"", ""i"", ""ع"", ""s""]",MODEL_ADMISSIBLE,SUSPENDED
CVC,"[""ك"", ""i"", ""غ"", ""s""]",MODEL_ADMISSIBLE,SUSPENDED
CVC,"[""ك"", ""i"", ""ف"", ""s""]",MODEL_ADMISSIBLE,SUSPENDED
CVC,"[""ك"", ""i"", ""ق"", ""s""]",MODEL_ADMISSIBLE,SUSPENDED
CVC,"[""ك"", ""i"", ""ك"", ""s""]",MODEL_ADMISSIBLE,SUSPENDED
CVC,"[""ك"", ""i"", ""ل"", ""s""]",MODEL_ADMISSIBLE,SUSPENDED
CVC,"[""ك"", ""i"", ""م"", ""s""]",MODEL_ADMISSIBLE,SUSPENDED
CVC,"[""ك"", ""i"", ""ن"", ""s""]",MODEL_ADMISSIBLE,SUSPENDED
CVC,"[""ك"", ""i"", ""ه"", ""s""]",MODEL_ADMISSIBLE,SUSPENDED
CVC,"[""ك"", ""i"", ""و"", ""s""]",MODEL_ADMISSIBLE,SUSPENDED
CVC,"[""ك"", ""i"", ""ي"", ""s""]",MODEL_ADMISSIBLE,SUSPENDED
CVC,"[""ك"", ""i"", ""ء"", ""s""]",MODEL_ADMISSIBLE,SUSPENDED
CVC,"[""ك"", ""s"", ""ا"", ""s""]",BASE_NOT_CV,SUSPENDED
CVC,"[""ك"", ""s"", ""ب"", ""s""]",BASE_NOT_CV,SUSPENDED
CVC,"[""ك"", ""s"", ""ت"", ""s""]",BASE_NOT_CV,SUSPENDED
CVC,"[""ك"", ""s"", ""ث"", ""s""]",BASE_NOT_CV,SUSPENDED
CVC,"[""ك"", ""s"", ""ج"", ""s""]",BASE_NOT_CV,SUSPENDED
CVC,"[""ك"", ""s"", ""ح"", ""s""]",BASE_NOT_CV,SUSPENDED
CVC,"[""ك"", ""s"", ""خ"", ""s""]",BASE_NOT_CV,SUSPENDED
CVC,"[""ك"", ""s"", ""د"", ""s""]",BASE_NOT_CV,SUSPENDED
CVC,"[""ك"", ""s"", ""ذ"", ""s""]",BASE_NOT_CV,SUSPENDED
CVC,"[""ك"", ""s"", ""ر"", ""s""]",BASE_NOT_CV,SUSPENDED
CVC,"[""ك"", ""s"", ""ز"", ""s""]",BASE_NOT_CV,SUSPENDED
CVC,"[""ك"", ""s"", ""س"", ""s""]",BASE_NOT_CV,SUSPENDED
CVC,"[""ك"", ""s"", ""ش"", ""s""]",BASE_NOT_CV,SUSPENDED
CVC,"[""ك"", ""s"", ""ص"", ""s""]",BASE_NOT_CV,SUSPENDED
CVC,"[""ك"", ""s"", ""ض"", ""s""]",BASE_NOT_CV,SUSPENDED
CVC,"[""ك"", ""s"", ""ط"", ""s""]",BASE_NOT_CV,SUSPENDED
CVC,"[""ك"", ""s"", ""ظ"", ""s""]",BASE_NOT_CV,SUSPENDED
CVC,"[""ك"", ""s"", ""ع"", ""s""]",BASE_NOT_CV,SUSPENDED
CVC,"[""ك"", ""s"", ""غ"", ""s""]",BASE_NOT_CV,SUSPENDED
CVC,"[""ك"", ""s"", ""ف"", ""s""]",BASE_NOT_CV,SUSPENDED
CVC,"[""ك"", ""s"", ""ق"", ""s""]",BASE_NOT_CV,SUSPENDED
CVC,"[""ك"", ""s"", ""ك"", ""s""]",BASE_NOT_CV,SUSPENDED
CVC,"[""ك"", ""s"", ""ل"", ""s""]",BASE_NOT_CV,SUSPENDED
CVC,"[""ك"", ""s"", ""م"", ""s""]",BASE_NOT_CV,SUSPENDED
CVC,"[""ك"", ""s"", ""ن"", ""s""]",BASE_NOT_CV,SUSPENDED
CVC,"[""ك"", ""s"", ""ه"", ""s""]",BASE_NOT_CV,SUSPENDED
CVC,"[""ك"", ""s"", ""و"", ""s""]",BASE_NOT_CV,SUSPENDED
CVC,"[""ك"", ""s"", ""ي"", ""s""]",BASE_NOT_CV,SUSPENDED
CVC,"[""ك"", ""s"", ""ء"", ""s""]",BASE_NOT_CV,SUSPENDED
CVC,"[""ل"", ""a"", ""ا"", ""s""]",MODEL_ADMISSIBLE,SUSPENDED
CVC,"[""ل"", ""a"", ""ب"", ""s""]",MODEL_ADMISSIBLE,SUSPENDED
CVC,"[""ل"", ""a"", ""ت"", ""s""]",MODEL_ADMISSIBLE,SUSPENDED
CVC,"[""ل"", ""a"", ""ث"", ""s""]",MODEL_ADMISSIBLE,SUSPENDED
CVC,"[""ل"", ""a"", ""ج"", ""s""]",MODEL_ADMISSIBLE,SUSPENDED
CVC,"[""ل"", ""a"", ""ح"", ""s""]",MODEL_ADMISSIBLE,SUSPENDED
CVC,"[""ل"", ""a"", ""خ"", ""s""]",MODEL_ADMISSIBLE,SUSPENDED
CVC,"[""ل"", ""a"", ""د"", ""s""]",MODEL_ADMISSIBLE,SUSPENDED
CVC,"[""ل"", ""a"", ""ذ"", ""s""]",MODEL_ADMISSIBLE,SUSPENDED
CVC,"[""ل"", ""a"", ""ر"", ""s""]",MODEL_ADMISSIBLE,SUSPENDED
CVC,"[""ل"", ""a"", ""ز"", ""s""]",MODEL_ADMISSIBLE,SUSPENDED
CVC,"[""ل"", ""a"", ""س"", ""s""]",MODEL_ADMISSIBLE,SUSPENDED
CVC,"[""ل"", ""a"", ""ش"", ""s""]",MODEL_ADMISSIBLE,SUSPENDED
CVC,"[""ل"", ""a"", ""ص"", ""s""]",MODEL_ADMISSIBLE,SUSPENDED
CVC,"[""ل"", ""a"", ""ض"", ""s""]",MODEL_ADMISSIBLE,SUSPENDED
CVC,"[""ل"", ""a"", ""ط"", ""s""]",MODEL_ADMISSIBLE,SUSPENDED
CVC,"[""ل"", ""a"", ""ظ"", ""s""]",MODEL_ADMISSIBLE,SUSPENDED
CVC,"[""ل"", ""a"", ""ع"", ""s""]",MODEL_ADMISSIBLE,SUSPENDED
CVC,"[""ل"", ""a"", ""غ"", ""s""]",MODEL_ADMISSIBLE,SUSPENDED
CVC,"[""ل"", ""a"", ""ف"", ""s""]",MODEL_ADMISSIBLE,SUSPENDED
CVC,"[""ل"", ""a"", ""ق"", ""s""]",MODEL_ADMISSIBLE,SUSPENDED
CVC,"[""ل"", ""a"", ""ك"", ""s""]",MODEL_ADMISSIBLE,SUSPENDED
CVC,"[""ل"", ""a"", ""ل"", ""s""]",MODEL_ADMISSIBLE,SUSPENDED
CVC,"[""ل"", ""a"", ""م"", ""s""]",MODEL_ADMISSIBLE,SUSPENDED
CVC,"[""ل"", ""a"", ""ن"", ""s""]",MODEL_ADMISSIBLE,SUSPENDED
CVC,"[""ل"", ""a"", ""ه"", ""s""]",MODEL_ADMISSIBLE,SUSPENDED
CVC,"[""ل"", ""a"", ""و"", ""s""]",MODEL_ADMISSIBLE,SUSPENDED
CVC,"[""ل"", ""a"", ""ي"", ""s""]",MODEL_ADMISSIBLE,SUSPENDED
CVC,"[""ل"", ""a"", ""ء"", ""s""]",MODEL_ADMISSIBLE,SUSPENDED
CVC,"[""ل"", ""u"", ""ا"", ""s""]",MODEL_ADMISSIBLE,SUSPENDED
CVC,"[""ل"", ""u"", ""ب"", ""s""]",MODEL_ADMISSIBLE,SUSPENDED
CVC,"[""ل"", ""u"", ""ت"", ""s""]",MODEL_ADMISSIBLE,SUSPENDED
CVC,"[""ل"", ""u"", ""ث"", ""s""]",MODEL_ADMISSIBLE,SUSPENDED
CVC,"[""ل"", ""u"", ""ج"", ""s""]",MODEL_ADMISSIBLE,SUSPENDED
CVC,"[""ل"", ""u"", ""ح"", ""s""]",MODEL_ADMISSIBLE,SUSPENDED
CVC,"[""ل"", ""u"", ""خ"", ""s""]",MODEL_ADMISSIBLE,SUSPENDED
CVC,"[""ل"", ""u"", ""د"", ""s""]",MODEL_ADMISSIBLE,SUSPENDED
CVC,"[""ل"", ""u"", ""ذ"", ""s""]",MODEL_ADMISSIBLE,SUSPENDED
CVC,"[""ل"", ""u"", ""ر"", ""s""]",MODEL_ADMISSIBLE,SUSPENDED
CVC,"[""ل"", ""u"", ""ز"", ""s""]",MODEL_ADMISSIBLE,SUSPENDED
CVC,"[""ل"", ""u"", ""س"", ""s""]",MODEL_ADMISSIBLE,SUSPENDED
CVC,"[""ل"", ""u"", ""ش"", ""s""]",MODEL_ADMISSIBLE,SUSPENDED
CVC,"[""ل"", ""u"", ""ص"", ""s""]",MODEL_ADMISSIBLE,SUSPENDED
CVC,"[""ل"", ""u"", ""ض"", ""s""]",MODEL_ADMISSIBLE,SUSPENDED
CVC,"[""ل"", ""u"", ""ط"", ""s""]",MODEL_ADMISSIBLE,SUSPENDED
CVC,"[""ل"", ""u"", ""ظ"", ""s""]",MODEL_ADMISSIBLE,SUSPENDED
CVC,"[""ل"", ""u"", ""ع"", ""s""]",MODEL_ADMISSIBLE,SUSPENDED
CVC,"[""ل"", ""u"", ""غ"", ""s""]",MODEL_ADMISSIBLE,SUSPENDED
CVC,"[""ل"", ""u"", ""ف"", ""s""]",MODEL_ADMISSIBLE,SUSPENDED
CVC,"[""ل"", ""u"", ""ق"", ""s""]",MODEL_ADMISSIBLE,SUSPENDED
CVC,"[""ل"", ""u"", ""ك"", ""s""]",MODEL_ADMISSIBLE,SUSPENDED
CVC,"[""ل"", ""u"", ""ل"", ""s""]",MODEL_ADMISSIBLE,SUSPENDED
CVC,"[""ل"", ""u"", ""م"", ""s""]",MODEL_ADMISSIBLE,SUSPENDED
CVC,"[""ل"", ""u"", ""ن"", ""s""]",MODEL_ADMISSIBLE,SUSPENDED
CVC,"[""ل"", ""u"", ""ه"", ""s""]",MODEL_ADMISSIBLE,SUSPENDED
CVC,"[""ل"", ""u"", ""و"", ""s""]",MODEL_ADMISSIBLE,SUSPENDED
CVC,"[""ل"", ""u"", ""ي"", ""s""]",MODEL_ADMISSIBLE,SUSPENDED
CVC,"[""ل"", ""u"", ""ء"", ""s""]",MODEL_ADMISSIBLE,SUSPENDED
CVC,"[""ل"", ""i"", ""ا"", ""s""]",MODEL_ADMISSIBLE,SUSPENDED
CVC,"[""ل"", ""i"", ""ب"", ""s""]",MODEL_ADMISSIBLE,SUSPENDED
CVC,"[""ل"", ""i"", ""ت"", ""s""]",MODEL_ADMISSIBLE,SUSPENDED
CVC,"[""ل"", ""i"", ""ث"", ""s""]",MODEL_ADMISSIBLE,SUSPENDED
CVC,"[""ل"", ""i"", ""ج"", ""s""]",MODEL_ADMISSIBLE,SUSPENDED
CVC,"[""ل"", ""i"", ""ح"", ""s""]",MODEL_ADMISSIBLE,SUSPENDED
CVC,"[""ل"", ""i"", ""خ"", ""s""]",MODEL_ADMISSIBLE,SUSPENDED
CVC,"[""ل"", ""i"", ""د"", ""s""]",MODEL_ADMISSIBLE,SUSPENDED
CVC,"[""ل"", ""i"", ""ذ"", ""s""]",MODEL_ADMISSIBLE,SUSPENDED
CVC,"[""ل"", ""i"", ""ر"", ""s""]",MODEL_ADMISSIBLE,SUSPENDED
CVC,"[""ل"", ""i"", ""ز"", ""s""]",MODEL_ADMISSIBLE,SUSPENDED
CVC,"[""ل"", ""i"", ""س"", ""s""]",MODEL_ADMISSIBLE,SUSPENDED
CVC,"[""ل"", ""i"", ""ش"", ""s""]",MODEL_ADMISSIBLE,SUSPENDED
CVC,"[""ل"", ""i"", ""ص"", ""s""]",MODEL_ADMISSIBLE,SUSPENDED
CVC,"[""ل"", ""i"", ""ض"", ""s""]",MODEL_ADMISSIBLE,SUSPENDED
CVC,"[""ل"", ""i"", ""ط"", ""s""]",MODEL_ADMISSIBLE,SUSPENDED
CVC,"[""ل"", ""i"", ""ظ"", ""s""]",MODEL_ADMISSIBLE,SUSPENDED
CVC,"[""ل"", ""i"", ""ع"", ""s""]",MODEL_ADMISSIBLE,SUSPENDED
CVC,"[""ل"", ""i"", ""غ"", ""s""]",MODEL_ADMISSIBLE,SUSPENDED
CVC,"[""ل"", ""i"", ""ف"", ""s""]",MODEL_ADMISSIBLE,SUSPENDED
CVC,"[""ل"", ""i"", ""ق"", ""s""]",MODEL_ADMISSIBLE,SUSPENDED
CVC,"[""ل"", ""i"", ""ك"", ""s""]",MODEL_ADMISSIBLE,SUSPENDED
CVC,"[""ل"", ""i"", ""ل"", ""s""]",MODEL_ADMISSIBLE,SUSPENDED
CVC,"[""ل"", ""i"", ""م"", ""s""]",MODEL_ADMISSIBLE,SUSPENDED
CVC,"[""ل"", ""i"", ""ن"", ""s""]",MODEL_ADMISSIBLE,SUSPENDED
CVC,"[""ل"", ""i"", ""ه"", ""s""]",MODEL_ADMISSIBLE,SUSPENDED
CVC,"[""ل"", ""i"", ""و"", ""s""]",MODEL_ADMISSIBLE,SUSPENDED
CVC,"[""ل"", ""i"", ""ي"", ""s""]",MODEL_ADMISSIBLE,SUSPENDED
CVC,"[""ل"", ""i"", ""ء"", ""s""]",MODEL_ADMISSIBLE,SUSPENDED
CVC,"[""ل"", ""s"", ""ا"", ""s""]",BASE_NOT_CV,SUSPENDED
CVC,"[""ل"", ""s"", ""ب"", ""s""]",BASE_NOT_CV,SUSPENDED
CVC,"[""ل"", ""s"", ""ت"", ""s""]",BASE_NOT_CV,SUSPENDED
CVC,"[""ل"", ""s"", ""ث"", ""s""]",BASE_NOT_CV,SUSPENDED
CVC,"[""ل"", ""s"", ""ج"", ""s""]",BASE_NOT_CV,SUSPENDED
CVC,"[""ل"", ""s"", ""ح"", ""s""]",BASE_NOT_CV,SUSPENDED
CVC,"[""ل"", ""s"", ""خ"", ""s""]",BASE_NOT_CV,SUSPENDED
CVC,"[""ل"", ""s"", ""د"", ""s""]",BASE_NOT_CV,SUSPENDED
CVC,"[""ل"", ""s"", ""ذ"", ""s""]",BASE_NOT_CV,SUSPENDED
CVC,"[""ل"", ""s"", ""ر"", ""s""]",BASE_NOT_CV,SUSPENDED
CVC,"[""ل"", ""s"", ""ز"", ""s""]",BASE_NOT_CV,SUSPENDED
CVC,"[""ل"", ""s"", ""س"", ""s""]",BASE_NOT_CV,SUSPENDED
CVC,"[""ل"", ""s"", ""ش"", ""s""]",BASE_NOT_CV,SUSPENDED
CVC,"[""ل"", ""s"", ""ص"", ""s""]",BASE_NOT_CV,SUSPENDED
CVC,"[""ل"", ""s"", ""ض"", ""s""]",BASE_NOT_CV,SUSPENDED
CVC,"[""ل"", ""s"", ""ط"", ""s""]",BASE_NOT_CV,SUSPENDED
CVC,"[""ل"", ""s"", ""ظ"", ""s""]",BASE_NOT_CV,SUSPENDED
CVC,"[""ل"", ""s"", ""ع"", ""s""]",BASE_NOT_CV,SUSPENDED
CVC,"[""ل"", ""s"", ""غ"", ""s""]",BASE_NOT_CV,SUSPENDED
CVC,"[""ل"", ""s"", ""ف"", ""s""]",BASE_NOT_CV,SUSPENDED
CVC,"[""ل"", ""s"", ""ق"", ""s""]",BASE_NOT_CV,SUSPENDED
CVC,"[""ل"", ""s"", ""ك"", ""s""]",BASE_NOT_CV,SUSPENDED
CVC,"[""ل"", ""s"", ""ل"", ""s""]",BASE_NOT_CV,SUSPENDED
CVC,"[""ل"", ""s"", ""م"", ""s""]",BASE_NOT_CV,SUSPENDED
CVC,"[""ل"", ""s"", ""ن"", ""s""]",BASE_NOT_CV,SUSPENDED
CVC,"[""ل"", ""s"", ""ه"", ""s""]",BASE_NOT_CV,SUSPENDED
CVC,"[""ل"", ""s"", ""و"", ""s""]",BASE_NOT_CV,SUSPENDED
CVC,"[""ل"", ""s"", ""ي"", ""s""]",BASE_NOT_CV,SUSPENDED
CVC,"[""ل"", ""s"", ""ء"", ""s""]",BASE_NOT_CV,SUSPENDED
CVC,"[""م"", ""a"", ""ا"", ""s""]",MODEL_ADMISSIBLE,SUSPENDED
CVC,"[""م"", ""a"", ""ب"", ""s""]",MODEL_ADMISSIBLE,SUSPENDED
CVC,"[""م"", ""a"", ""ت"", ""s""]",MODEL_ADMISSIBLE,SUSPENDED
CVC,"[""م"", ""a"", ""ث"", ""s""]",MODEL_ADMISSIBLE,SUSPENDED
CVC,"[""م"", ""a"", ""ج"", ""s""]",MODEL_ADMISSIBLE,SUSPENDED
CVC,"[""م"", ""a"", ""ح"", ""s""]",MODEL_ADMISSIBLE,SUSPENDED
CVC,"[""م"", ""a"", ""خ"", ""s""]",MODEL_ADMISSIBLE,SUSPENDED
CVC,"[""م"", ""a"", ""د"", ""s""]",MODEL_ADMISSIBLE,SUSPENDED
CVC,"[""م"", ""a"", ""ذ"", ""s""]",MODEL_ADMISSIBLE,SUSPENDED
CVC,"[""م"", ""a"", ""ر"", ""s""]",MODEL_ADMISSIBLE,SUSPENDED
CVC,"[""م"", ""a"", ""ز"", ""s""]",MODEL_ADMISSIBLE,SUSPENDED
CVC,"[""م"", ""a"", ""س"", ""s""]",MODEL_ADMISSIBLE,SUSPENDED
CVC,"[""م"", ""a"", ""ش"", ""s""]",MODEL_ADMISSIBLE,SUSPENDED
CVC,"[""م"", ""a"", ""ص"", ""s""]",MODEL_ADMISSIBLE,SUSPENDED
CVC,"[""م"", ""a"", ""ض"", ""s""]",MODEL_ADMISSIBLE,SUSPENDED
CVC,"[""م"", ""a"", ""ط"", ""s""]",MODEL_ADMISSIBLE,SUSPENDED
CVC,"[""م"", ""a"", ""ظ"", ""s""]",MODEL_ADMISSIBLE,SUSPENDED
CVC,"[""م"", ""a"", ""ع"", ""s""]",MODEL_ADMISSIBLE,SUSPENDED
CVC,"[""م"", ""a"", ""غ"", ""s""]",MODEL_ADMISSIBLE,SUSPENDED
CVC,"[""م"", ""a"", ""ف"", ""s""]",MODEL_ADMISSIBLE,SUSPENDED
CVC,"[""م"", ""a"", ""ق"", ""s""]",MODEL_ADMISSIBLE,SUSPENDED
CVC,"[""م"", ""a"", ""ك"", ""s""]",MODEL_ADMISSIBLE,SUSPENDED
CVC,"[""م"", ""a"", ""ل"", ""s""]",MODEL_ADMISSIBLE,SUSPENDED
CVC,"[""م"", ""a"", ""م"", ""s""]",MODEL_ADMISSIBLE,SUSPENDED
CVC,"[""م"", ""a"", ""ن"", ""s""]",MODEL_ADMISSIBLE,SUSPENDED
CVC,"[""م"", ""a"", ""ه"", ""s""]",MODEL_ADMISSIBLE,SUSPENDED
CVC,"[""م"", ""a"", ""و"", ""s""]",MODEL_ADMISSIBLE,SUSPENDED
CVC,"[""م"", ""a"", ""ي"", ""s""]",MODEL_ADMISSIBLE,SUSPENDED
CVC,"[""م"", ""a"", ""ء"", ""s""]",MODEL_ADMISSIBLE,SUSPENDED
CVC,"[""م"", ""u"", ""ا"", ""s""]",MODEL_ADMISSIBLE,SUSPENDED
CVC,"[""م"", ""u"", ""ب"", ""s""]",MODEL_ADMISSIBLE,SUSPENDED
CVC,"[""م"", ""u"", ""ت"", ""s""]",MODEL_ADMISSIBLE,SUSPENDED
CVC,"[""م"", ""u"", ""ث"", ""s""]",MODEL_ADMISSIBLE,SUSPENDED
CVC,"[""م"", ""u"", ""ج"", ""s""]",MODEL_ADMISSIBLE,SUSPENDED
CVC,"[""م"", ""u"", ""ح"", ""s""]",MODEL_ADMISSIBLE,SUSPENDED
CVC,"[""م"", ""u"", ""خ"", ""s""]",MODEL_ADMISSIBLE,SUSPENDED
CVC,"[""م"", ""u"", ""د"", ""s""]",MODEL_ADMISSIBLE,SUSPENDED
CVC,"[""م"", ""u"", ""ذ"", ""s""]",MODEL_ADMISSIBLE,SUSPENDED
CVC,"[""م"", ""u"", ""ر"", ""s""]",MODEL_ADMISSIBLE,SUSPENDED
CVC,"[""م"", ""u"", ""ز"", ""s""]",MODEL_ADMISSIBLE,SUSPENDED
CVC,"[""م"", ""u"", ""س"", ""s""]",MODEL_ADMISSIBLE,SUSPENDED
CVC,"[""م"", ""u"", ""ش"", ""s""]",MODEL_ADMISSIBLE,SUSPENDED
CVC,"[""م"", ""u"", ""ص"", ""s""]",MODEL_ADMISSIBLE,SUSPENDED
CVC,"[""م"", ""u"", ""ض"", ""s""]",MODEL_ADMISSIBLE,SUSPENDED
CVC,"[""م"", ""u"", ""ط"", ""s""]",MODEL_ADMISSIBLE,SUSPENDED
CVC,"[""م"", ""u"", ""ظ"", ""s""]",MODEL_ADMISSIBLE,SUSPENDED
CVC,"[""م"", ""u"", ""ع"", ""s""]",MODEL_ADMISSIBLE,SUSPENDED
CVC,"[""م"", ""u"", ""غ"", ""s""]",MODEL_ADMISSIBLE,SUSPENDED
CVC,"[""م"", ""u"", ""ف"", ""s""]",MODEL_ADMISSIBLE,SUSPENDED
CVC,"[""م"", ""u"", ""ق"", ""s""]",MODEL_ADMISSIBLE,SUSPENDED
CVC,"[""م"", ""u"", ""ك"", ""s""]",MODEL_ADMISSIBLE,SUSPENDED
CVC,"[""م"", ""u"", ""ل"", ""s""]",MODEL_ADMISSIBLE,SUSPENDED
CVC,"[""م"", ""u"", ""م"", ""s""]",MODEL_ADMISSIBLE,SUSPENDED
CVC,"[""م"", ""u"", ""ن"", ""s""]",MODEL_ADMISSIBLE,SUSPENDED
CVC,"[""م"", ""u"", ""ه"", ""s""]",MODEL_ADMISSIBLE,SUSPENDED
CVC,"[""م"", ""u"", ""و"", ""s""]",MODEL_ADMISSIBLE,SUSPENDED
CVC,"[""م"", ""u"", ""ي"", ""s""]",MODEL_ADMISSIBLE,SUSPENDED
CVC,"[""م"", ""u"", ""ء"", ""s""]",MODEL_ADMISSIBLE,SUSPENDED
CVC,"[""م"", ""i"", ""ا"", ""s""]",MODEL_ADMISSIBLE,SUSPENDED
CVC,"[""م"", ""i"", ""ب"", ""s""]",MODEL_ADMISSIBLE,SUSPENDED
CVC,"[""م"", ""i"", ""ت"", ""s""]",MODEL_ADMISSIBLE,SUSPENDED
CVC,"[""م"", ""i"", ""ث"", ""s""]",MODEL_ADMISSIBLE,SUSPENDED
CVC,"[""م"", ""i"", ""ج"", ""s""]",MODEL_ADMISSIBLE,SUSPENDED
CVC,"[""م"", ""i"", ""ح"", ""s""]",MODEL_ADMISSIBLE,SUSPENDED
CVC,"[""م"", ""i"", ""خ"", ""s""]",MODEL_ADMISSIBLE,SUSPENDED
CVC,"[""م"", ""i"", ""د"", ""s""]",MODEL_ADMISSIBLE,SUSPENDED
CVC,"[""م"", ""i"", ""ذ"", ""s""]",MODEL_ADMISSIBLE,SUSPENDED
CVC,"[""م"", ""i"", ""ر"", ""s""]",MODEL_ADMISSIBLE,SUSPENDED
CVC,"[""م"", ""i"", ""ز"", ""s""]",MODEL_ADMISSIBLE,SUSPENDED
CVC,"[""م"", ""i"", ""س"", ""s""]",MODEL_ADMISSIBLE,SUSPENDED
CVC,"[""م"", ""i"", ""ش"", ""s""]",MODEL_ADMISSIBLE,SUSPENDED
CVC,"[""م"", ""i"", ""ص"", ""s""]",MODEL_ADMISSIBLE,SUSPENDED
CVC,"[""م"", ""i"", ""ض"", ""s""]",MODEL_ADMISSIBLE,SUSPENDED
CVC,"[""م"", ""i"", ""ط"", ""s""]",MODEL_ADMISSIBLE,SUSPENDED
CVC,"[""م"", ""i"", ""ظ"", ""s""]",MODEL_ADMISSIBLE,SUSPENDED
CVC,"[""م"", ""i"", ""ع"", ""s""]",MODEL_ADMISSIBLE,SUSPENDED
CVC,"[""م"", ""i"", ""غ"", ""s""]",MODEL_ADMISSIBLE,SUSPENDED
CVC,"[""م"", ""i"", ""ف"", ""s""]",MODEL_ADMISSIBLE,SUSPENDED
CVC,"[""م"", ""i"", ""ق"", ""s""]",MODEL_ADMISSIBLE,SUSPENDED
CVC,"[""م"", ""i"", ""ك"", ""s""]",MODEL_ADMISSIBLE,SUSPENDED
CVC,"[""م"", ""i"", ""ل"", ""s""]",MODEL_ADMISSIBLE,SUSPENDED
CVC,"[""م"", ""i"", ""م"", ""s""]",MODEL_ADMISSIBLE,SUSPENDED
CVC,"[""م"", ""i"", ""ن"", ""s""]",MODEL_ADMISSIBLE,SUSPENDED
CVC,"[""م"", ""i"", ""ه"", ""s""]",MODEL_ADMISSIBLE,SUSPENDED
CVC,"[""م"", ""i"", ""و"", ""s""]",MODEL_ADMISSIBLE,SUSPENDED
CVC,"[""م"", ""i"", ""ي"", ""s""]",MODEL_ADMISSIBLE,SUSPENDED
CVC,"[""م"", ""i"", ""ء"", ""s""]",MODEL_ADMISSIBLE,SUSPENDED
CVC,"[""م"", ""s"", ""ا"", ""s""]",BASE_NOT_CV,SUSPENDED
CVC,"[""م"", ""s"", ""ب"", ""s""]",BASE_NOT_CV,SUSPENDED
CVC,"[""م"", ""s"", ""ت"", ""s""]",BASE_NOT_CV,SUSPENDED
CVC,"[""م"", ""s"", ""ث"", ""s""]",BASE_NOT_CV,SUSPENDED
CVC,"[""م"", ""s"", ""ج"", ""s""]",BASE_NOT_CV,SUSPENDED
CVC,"[""م"", ""s"", ""ح"", ""s""]",BASE_NOT_CV,SUSPENDED
CVC,"[""م"", ""s"", ""خ"", ""s""]",BASE_NOT_CV,SUSPENDED
CVC,"[""م"", ""s"", ""د"", ""s""]",BASE_NOT_CV,SUSPENDED
CVC,"[""م"", ""s"", ""ذ"", ""s""]",BASE_NOT_CV,SUSPENDED
CVC,"[""م"", ""s"", ""ر"", ""s""]",BASE_NOT_CV,SUSPENDED
CVC,"[""م"", ""s"", ""ز"", ""s""]",BASE_NOT_CV,SUSPENDED
CVC,"[""م"", ""s"", ""س"", ""s""]",BASE_NOT_CV,SUSPENDED
CVC,"[""م"", ""s"", ""ش"", ""s""]",BASE_NOT_CV,SUSPENDED
CVC,"[""م"", ""s"", ""ص"", ""s""]",BASE_NOT_CV,SUSPENDED
CVC,"[""م"", ""s"", ""ض"", ""s""]",BASE_NOT_CV,SUSPENDED
CVC,"[""م"", ""s"", ""ط"", ""s""]",BASE_NOT_CV,SUSPENDED
CVC,"[""م"", ""s"", ""ظ"", ""s""]",BASE_NOT_CV,SUSPENDED
CVC,"[""م"", ""s"", ""ع"", ""s""]",BASE_NOT_CV,SUSPENDED
CVC,"[""م"", ""s"", ""غ"", ""s""]",BASE_NOT_CV,SUSPENDED
CVC,"[""م"", ""s"", ""ف"", ""s""]",BASE_NOT_CV,SUSPENDED
CVC,"[""م"", ""s"", ""ق"", ""s""]",BASE_NOT_CV,SUSPENDED
CVC,"[""م"", ""s"", ""ك"", ""s""]",BASE_NOT_CV,SUSPENDED
CVC,"[""م"", ""s"", ""ل"", ""s""]",BASE_NOT_CV,SUSPENDED
CVC,"[""م"", ""s"", ""م"", ""s""]",BASE_NOT_CV,SUSPENDED
CVC,"[""م"", ""s"", ""ن"", ""s""]",BASE_NOT_CV,SUSPENDED
CVC,"[""م"", ""s"", ""ه"", ""s""]",BASE_NOT_CV,SUSPENDED
CVC,"[""م"", ""s"", ""و"", ""s""]",BASE_NOT_CV,SUSPENDED
CVC,"[""م"", ""s"", ""ي"", ""s""]",BASE_NOT_CV,SUSPENDED
CVC,"[""م"", ""s"", ""ء"", ""s""]",BASE_NOT_CV,SUSPENDED
CVC,"[""ن"", ""a"", ""ا"", ""s""]",MODEL_ADMISSIBLE,SUSPENDED
CVC,"[""ن"", ""a"", ""ب"", ""s""]",MODEL_ADMISSIBLE,SUSPENDED
CVC,"[""ن"", ""a"", ""ت"", ""s""]",MODEL_ADMISSIBLE,SUSPENDED
CVC,"[""ن"", ""a"", ""ث"", ""s""]",MODEL_ADMISSIBLE,SUSPENDED
CVC,"[""ن"", ""a"", ""ج"", ""s""]",MODEL_ADMISSIBLE,SUSPENDED
CVC,"[""ن"", ""a"", ""ح"", ""s""]",MODEL_ADMISSIBLE,SUSPENDED
CVC,"[""ن"", ""a"", ""خ"", ""s""]",MODEL_ADMISSIBLE,SUSPENDED
CVC,"[""ن"", ""a"", ""د"", ""s""]",MODEL_ADMISSIBLE,SUSPENDED
CVC,"[""ن"", ""a"", ""ذ"", ""s""]",MODEL_ADMISSIBLE,SUSPENDED
CVC,"[""ن"", ""a"", ""ر"", ""s""]",MODEL_ADMISSIBLE,SUSPENDED
CVC,"[""ن"", ""a"", ""ز"", ""s""]",MODEL_ADMISSIBLE,SUSPENDED
CVC,"[""ن"", ""a"", ""س"", ""s""]",MODEL_ADMISSIBLE,SUSPENDED
CVC,"[""ن"", ""a"", ""ش"", ""s""]",MODEL_ADMISSIBLE,SUSPENDED
CVC,"[""ن"", ""a"", ""ص"", ""s""]",MODEL_ADMISSIBLE,SUSPENDED
CVC,"[""ن"", ""a"", ""ض"", ""s""]",MODEL_ADMISSIBLE,SUSPENDED
CVC,"[""ن"", ""a"", ""ط"", ""s""]",MODEL_ADMISSIBLE,SUSPENDED
CVC,"[""ن"", ""a"", ""ظ"", ""s""]",MODEL_ADMISSIBLE,SUSPENDED
CVC,"[""ن"", ""a"", ""ع"", ""s""]",MODEL_ADMISSIBLE,SUSPENDED
CVC,"[""ن"", ""a"", ""غ"", ""s""]",MODEL_ADMISSIBLE,SUSPENDED
CVC,"[""ن"", ""a"", ""ف"", ""s""]",MODEL_ADMISSIBLE,SUSPENDED
CVC,"[""ن"", ""a"", ""ق"", ""s""]",MODEL_ADMISSIBLE,SUSPENDED
CVC,"[""ن"", ""a"", ""ك"", ""s""]",MODEL_ADMISSIBLE,SUSPENDED
CVC,"[""ن"", ""a"", ""ل"", ""s""]",MODEL_ADMISSIBLE,SUSPENDED
CVC,"[""ن"", ""a"", ""م"", ""s""]",MODEL_ADMISSIBLE,SUSPENDED
CVC,"[""ن"", ""a"", ""ن"", ""s""]",MODEL_ADMISSIBLE,SUSPENDED
CVC,"[""ن"", ""a"", ""ه"", ""s""]",MODEL_ADMISSIBLE,SUSPENDED
CVC,"[""ن"", ""a"", ""و"", ""s""]",MODEL_ADMISSIBLE,SUSPENDED
CVC,"[""ن"", ""a"", ""ي"", ""s""]",MODEL_ADMISSIBLE,SUSPENDED
CVC,"[""ن"", ""a"", ""ء"", ""s""]",MODEL_ADMISSIBLE,SUSPENDED
CVC,"[""ن"", ""u"", ""ا"", ""s""]",MODEL_ADMISSIBLE,SUSPENDED
CVC,"[""ن"", ""u"", ""ب"", ""s""]",MODEL_ADMISSIBLE,SUSPENDED
CVC,"[""ن"", ""u"", ""ت"", ""s""]",MODEL_ADMISSIBLE,SUSPENDED
CVC,"[""ن"", ""u"", ""ث"", ""s""]",MODEL_ADMISSIBLE,SUSPENDED
CVC,"[""ن"", ""u"", ""ج"", ""s""]",MODEL_ADMISSIBLE,SUSPENDED
CVC,"[""ن"", ""u"", ""ح"", ""s""]",MODEL_ADMISSIBLE,SUSPENDED
CVC,"[""ن"", ""u"", ""خ"", ""s""]",MODEL_ADMISSIBLE,SUSPENDED
CVC,"[""ن"", ""u"", ""د"", ""s""]",MODEL_ADMISSIBLE,SUSPENDED
CVC,"[""ن"", ""u"", ""ذ"", ""s""]",MODEL_ADMISSIBLE,SUSPENDED
CVC,"[""ن"", ""u"", ""ر"", ""s""]",MODEL_ADMISSIBLE,SUSPENDED
CVC,"[""ن"", ""u"", ""ز"", ""s""]",MODEL_ADMISSIBLE,SUSPENDED
CVC,"[""ن"", ""u"", ""س"", ""s""]",MODEL_ADMISSIBLE,SUSPENDED
CVC,"[""ن"", ""u"", ""ش"", ""s""]",MODEL_ADMISSIBLE,SUSPENDED
CVC,"[""ن"", ""u"", ""ص"", ""s""]",MODEL_ADMISSIBLE,SUSPENDED
CVC,"[""ن"", ""u"", ""ض"", ""s""]",MODEL_ADMISSIBLE,SUSPENDED
CVC,"[""ن"", ""u"", ""ط"", ""s""]",MODEL_ADMISSIBLE,SUSPENDED
CVC,"[""ن"", ""u"", ""ظ"", ""s""]",MODEL_ADMISSIBLE,SUSPENDED
CVC,"[""ن"", ""u"", ""ع"", ""s""]",MODEL_ADMISSIBLE,SUSPENDED
CVC,"[""ن"", ""u"", ""غ"", ""s""]",MODEL_ADMISSIBLE,SUSPENDED
CVC,"[""ن"", ""u"", ""ف"", ""s""]",MODEL_ADMISSIBLE,SUSPENDED
CVC,"[""ن"", ""u"", ""ق"", ""s""]",MODEL_ADMISSIBLE,SUSPENDED
CVC,"[""ن"", ""u"", ""ك"", ""s""]",MODEL_ADMISSIBLE,SUSPENDED
CVC,"[""ن"", ""u"", ""ل"", ""s""]",MODEL_ADMISSIBLE,SUSPENDED
CVC,"[""ن"", ""u"", ""م"", ""s""]",MODEL_ADMISSIBLE,SUSPENDED
CVC,"[""ن"", ""u"", ""ن"", ""s""]",MODEL_ADMISSIBLE,SUSPENDED
CVC,"[""ن"", ""u"", ""ه"", ""s""]",MODEL_ADMISSIBLE,SUSPENDED
CVC,"[""ن"", ""u"", ""و"", ""s""]",MODEL_ADMISSIBLE,SUSPENDED
CVC,"[""ن"", ""u"", ""ي"", ""s""]",MODEL_ADMISSIBLE,SUSPENDED
CVC,"[""ن"", ""u"", ""ء"", ""s""]",MODEL_ADMISSIBLE,SUSPENDED
CVC,"[""ن"", ""i"", ""ا"", ""s""]",MODEL_ADMISSIBLE,SUSPENDED
CVC,"[""ن"", ""i"", ""ب"", ""s""]",MODEL_ADMISSIBLE,SUSPENDED
CVC,"[""ن"", ""i"", ""ت"", ""s""]",MODEL_ADMISSIBLE,SUSPENDED
CVC,"[""ن"", ""i"", ""ث"", ""s""]",MODEL_ADMISSIBLE,SUSPENDED
CVC,"[""ن"", ""i"", ""ج"", ""s""]",MODEL_ADMISSIBLE,SUSPENDED
CVC,"[""ن"", ""i"", ""ح"", ""s""]",MODEL_ADMISSIBLE,SUSPENDED
CVC,"[""ن"", ""i"", ""خ"", ""s""]",MODEL_ADMISSIBLE,SUSPENDED
CVC,"[""ن"", ""i"", ""د"", ""s""]",MODEL_ADMISSIBLE,SUSPENDED
CVC,"[""ن"", ""i"", ""ذ"", ""s""]",MODEL_ADMISSIBLE,SUSPENDED
CVC,"[""ن"", ""i"", ""ر"", ""s""]",MODEL_ADMISSIBLE,SUSPENDED
CVC,"[""ن"", ""i"", ""ز"", ""s""]",MODEL_ADMISSIBLE,SUSPENDED
CVC,"[""ن"", ""i"", ""س"", ""s""]",MODEL_ADMISSIBLE,SUSPENDED
CVC,"[""ن"", ""i"", ""ش"", ""s""]",MODEL_ADMISSIBLE,SUSPENDED
CVC,"[""ن"", ""i"", ""ص"", ""s""]",MODEL_ADMISSIBLE,SUSPENDED
CVC,"[""ن"", ""i"", ""ض"", ""s""]",MODEL_ADMISSIBLE,SUSPENDED
CVC,"[""ن"", ""i"", ""ط"", ""s""]",MODEL_ADMISSIBLE,SUSPENDED
CVC,"[""ن"", ""i"", ""ظ"", ""s""]",MODEL_ADMISSIBLE,SUSPENDED
CVC,"[""ن"", ""i"", ""ع"", ""s""]",MODEL_ADMISSIBLE,SUSPENDED
CVC,"[""ن"", ""i"", ""غ"", ""s""]",MODEL_ADMISSIBLE,SUSPENDED
CVC,"[""ن"", ""i"", ""ف"", ""s""]",MODEL_ADMISSIBLE,SUSPENDED
CVC,"[""ن"", ""i"", ""ق"", ""s""]",MODEL_ADMISSIBLE,SUSPENDED
CVC,"[""ن"", ""i"", ""ك"", ""s""]",MODEL_ADMISSIBLE,SUSPENDED
CVC,"[""ن"", ""i"", ""ل"", ""s""]",MODEL_ADMISSIBLE,SUSPENDED
CVC,"[""ن"", ""i"", ""م"", ""s""]",MODEL_ADMISSIBLE,SUSPENDED
CVC,"[""ن"", ""i"", ""ن"", ""s""]",MODEL_ADMISSIBLE,SUSPENDED
CVC,"[""ن"", ""i"", ""ه"", ""s""]",MODEL_ADMISSIBLE,SUSPENDED
CVC,"[""ن"", ""i"", ""و"", ""s""]",MODEL_ADMISSIBLE,SUSPENDED
CVC,"[""ن"", ""i"", ""ي"", ""s""]",MODEL_ADMISSIBLE,SUSPENDED
CVC,"[""ن"", ""i"", ""ء"", ""s""]",MODEL_ADMISSIBLE,SUSPENDED
CVC,"[""ن"", ""s"", ""ا"", ""s""]",BASE_NOT_CV,SUSPENDED
CVC,"[""ن"", ""s"", ""ب"", ""s""]",BASE_NOT_CV,SUSPENDED
CVC,"[""ن"", ""s"", ""ت"", ""s""]",BASE_NOT_CV,SUSPENDED
CVC,"[""ن"", ""s"", ""ث"", ""s""]",BASE_NOT_CV,SUSPENDED
CVC,"[""ن"", ""s"", ""ج"", ""s""]",BASE_NOT_CV,SUSPENDED
CVC,"[""ن"", ""s"", ""ح"", ""s""]",BASE_NOT_CV,SUSPENDED
CVC,"[""ن"", ""s"", ""خ"", ""s""]",BASE_NOT_CV,SUSPENDED
CVC,"[""ن"", ""s"", ""د"", ""s""]",BASE_NOT_CV,SUSPENDED
CVC,"[""ن"", ""s"", ""ذ"", ""s""]",BASE_NOT_CV,SUSPENDED
CVC,"[""ن"", ""s"", ""ر"", ""s""]",BASE_NOT_CV,SUSPENDED
CVC,"[""ن"", ""s"", ""ز"", ""s""]",BASE_NOT_CV,SUSPENDED
CVC,"[""ن"", ""s"", ""س"", ""s""]",BASE_NOT_CV,SUSPENDED
CVC,"[""ن"", ""s"", ""ش"", ""s""]",BASE_NOT_CV,SUSPENDED
CVC,"[""ن"", ""s"", ""ص"", ""s""]",BASE_NOT_CV,SUSPENDED
CVC,"[""ن"", ""s"", ""ض"", ""s""]",BASE_NOT_CV,SUSPENDED
CVC,"[""ن"", ""s"", ""ط"", ""s""]",BASE_NOT_CV,SUSPENDED
CVC,"[""ن"", ""s"", ""ظ"", ""s""]",BASE_NOT_CV,SUSPENDED
CVC,"[""ن"", ""s"", ""ع"", ""s""]",BASE_NOT_CV,SUSPENDED
CVC,"[""ن"", ""s"", ""غ"", ""s""]",BASE_NOT_CV,SUSPENDED
CVC,"[""ن"", ""s"", ""ف"", ""s""]",BASE_NOT_CV,SUSPENDED
CVC,"[""ن"", ""s"", ""ق"", ""s""]",BASE_NOT_CV,SUSPENDED
CVC,"[""ن"", ""s"", ""ك"", ""s""]",BASE_NOT_CV,SUSPENDED
CVC,"[""ن"", ""s"", ""ل"", ""s""]",BASE_NOT_CV,SUSPENDED
CVC,"[""ن"", ""s"", ""م"", ""s""]",BASE_NOT_CV,SUSPENDED
CVC,"[""ن"", ""s"", ""ن"", ""s""]",BASE_NOT_CV,SUSPENDED
CVC,"[""ن"", ""s"", ""ه"", ""s""]",BASE_NOT_CV,SUSPENDED
CVC,"[""ن"", ""s"", ""و"", ""s""]",BASE_NOT_CV,SUSPENDED
CVC,"[""ن"", ""s"", ""ي"", ""s""]",BASE_NOT_CV,SUSPENDED
CVC,"[""ن"", ""s"", ""ء"", ""s""]",BASE_NOT_CV,SUSPENDED
CVC,"[""ه"", ""a"", ""ا"", ""s""]",MODEL_ADMISSIBLE,SUSPENDED
CVC,"[""ه"", ""a"", ""ب"", ""s""]",MODEL_ADMISSIBLE,SUSPENDED
CVC,"[""ه"", ""a"", ""ت"", ""s""]",MODEL_ADMISSIBLE,SUSPENDED
CVC,"[""ه"", ""a"", ""ث"", ""s""]",MODEL_ADMISSIBLE,SUSPENDED
CVC,"[""ه"", ""a"", ""ج"", ""s""]",MODEL_ADMISSIBLE,SUSPENDED
CVC,"[""ه"", ""a"", ""ح"", ""s""]",MODEL_ADMISSIBLE,SUSPENDED
CVC,"[""ه"", ""a"", ""خ"", ""s""]",MODEL_ADMISSIBLE,SUSPENDED
CVC,"[""ه"", ""a"", ""د"", ""s""]",MODEL_ADMISSIBLE,SUSPENDED
CVC,"[""ه"", ""a"", ""ذ"", ""s""]",MODEL_ADMISSIBLE,SUSPENDED
CVC,"[""ه"", ""a"", ""ر"", ""s""]",MODEL_ADMISSIBLE,SUSPENDED
CVC,"[""ه"", ""a"", ""ز"", ""s""]",MODEL_ADMISSIBLE,SUSPENDED
CVC,"[""ه"", ""a"", ""س"", ""s""]",MODEL_ADMISSIBLE,SUSPENDED
CVC,"[""ه"", ""a"", ""ش"", ""s""]",MODEL_ADMISSIBLE,SUSPENDED
CVC,"[""ه"", ""a"", ""ص"", ""s""]",MODEL_ADMISSIBLE,SUSPENDED
CVC,"[""ه"", ""a"", ""ض"", ""s""]",MODEL_ADMISSIBLE,SUSPENDED
CVC,"[""ه"", ""a"", ""ط"", ""s""]",MODEL_ADMISSIBLE,SUSPENDED
CVC,"[""ه"", ""a"", ""ظ"", ""s""]",MODEL_ADMISSIBLE,SUSPENDED
CVC,"[""ه"", ""a"", ""ع"", ""s""]",MODEL_ADMISSIBLE,SUSPENDED
CVC,"[""ه"", ""a"", ""غ"", ""s""]",MODEL_ADMISSIBLE,SUSPENDED
CVC,"[""ه"", ""a"", ""ف"", ""s""]",MODEL_ADMISSIBLE,SUSPENDED
CVC,"[""ه"", ""a"", ""ق"", ""s""]",MODEL_ADMISSIBLE,SUSPENDED
CVC,"[""ه"", ""a"", ""ك"", ""s""]",MODEL_ADMISSIBLE,SUSPENDED
CVC,"[""ه"", ""a"", ""ل"", ""s""]",MODEL_ADMISSIBLE,SUSPENDED
CVC,"[""ه"", ""a"", ""م"", ""s""]",MODEL_ADMISSIBLE,SUSPENDED
CVC,"[""ه"", ""a"", ""ن"", ""s""]",MODEL_ADMISSIBLE,SUSPENDED
CVC,"[""ه"", ""a"", ""ه"", ""s""]",MODEL_ADMISSIBLE,SUSPENDED
CVC,"[""ه"", ""a"", ""و"", ""s""]",MODEL_ADMISSIBLE,SUSPENDED
CVC,"[""ه"", ""a"", ""ي"", ""s""]",MODEL_ADMISSIBLE,SUSPENDED
CVC,"[""ه"", ""a"", ""ء"", ""s""]",MODEL_ADMISSIBLE,SUSPENDED
CVC,"[""ه"", ""u"", ""ا"", ""s""]",MODEL_ADMISSIBLE,SUSPENDED
CVC,"[""ه"", ""u"", ""ب"", ""s""]",MODEL_ADMISSIBLE,SUSPENDED
CVC,"[""ه"", ""u"", ""ت"", ""s""]",MODEL_ADMISSIBLE,SUSPENDED
CVC,"[""ه"", ""u"", ""ث"", ""s""]",MODEL_ADMISSIBLE,SUSPENDED
CVC,"[""ه"", ""u"", ""ج"", ""s""]",MODEL_ADMISSIBLE,SUSPENDED
CVC,"[""ه"", ""u"", ""ح"", ""s""]",MODEL_ADMISSIBLE,SUSPENDED
CVC,"[""ه"", ""u"", ""خ"", ""s""]",MODEL_ADMISSIBLE,SUSPENDED
CVC,"[""ه"", ""u"", ""د"", ""s""]",MODEL_ADMISSIBLE,SUSPENDED
CVC,"[""ه"", ""u"", ""ذ"", ""s""]",MODEL_ADMISSIBLE,SUSPENDED
CVC,"[""ه"", ""u"", ""ر"", ""s""]",MODEL_ADMISSIBLE,SUSPENDED
CVC,"[""ه"", ""u"", ""ز"", ""s""]",MODEL_ADMISSIBLE,SUSPENDED
CVC,"[""ه"", ""u"", ""س"", ""s""]",MODEL_ADMISSIBLE,SUSPENDED
CVC,"[""ه"", ""u"", ""ش"", ""s""]",MODEL_ADMISSIBLE,SUSPENDED
CVC,"[""ه"", ""u"", ""ص"", ""s""]",MODEL_ADMISSIBLE,SUSPENDED
CVC,"[""ه"", ""u"", ""ض"", ""s""]",MODEL_ADMISSIBLE,SUSPENDED
CVC,"[""ه"", ""u"", ""ط"", ""s""]",MODEL_ADMISSIBLE,SUSPENDED
CVC,"[""ه"", ""u"", ""ظ"", ""s""]",MODEL_ADMISSIBLE,SUSPENDED
CVC,"[""ه"", ""u"", ""ع"", ""s""]",MODEL_ADMISSIBLE,SUSPENDED
CVC,"[""ه"", ""u"", ""غ"", ""s""]",MODEL_ADMISSIBLE,SUSPENDED
CVC,"[""ه"", ""u"", ""ف"", ""s""]",MODEL_ADMISSIBLE,SUSPENDED
CVC,"[""ه"", ""u"", ""ق"", ""s""]",MODEL_ADMISSIBLE,SUSPENDED
CVC,"[""ه"", ""u"", ""ك"", ""s""]",MODEL_ADMISSIBLE,SUSPENDED
CVC,"[""ه"", ""u"", ""ل"", ""s""]",MODEL_ADMISSIBLE,SUSPENDED
CVC,"[""ه"", ""u"", ""م"", ""s""]",MODEL_ADMISSIBLE,SUSPENDED
CVC,"[""ه"", ""u"", ""ن"", ""s""]",MODEL_ADMISSIBLE,SUSPENDED
CVC,"[""ه"", ""u"", ""ه"", ""s""]",MODEL_ADMISSIBLE,SUSPENDED
CVC,"[""ه"", ""u"", ""و"", ""s""]",MODEL_ADMISSIBLE,SUSPENDED
CVC,"[""ه"", ""u"", ""ي"", ""s""]",MODEL_ADMISSIBLE,SUSPENDED
CVC,"[""ه"", ""u"", ""ء"", ""s""]",MODEL_ADMISSIBLE,SUSPENDED
CVC,"[""ه"", ""i"", ""ا"", ""s""]",MODEL_ADMISSIBLE,SUSPENDED
CVC,"[""ه"", ""i"", ""ب"", ""s""]",MODEL_ADMISSIBLE,SUSPENDED
CVC,"[""ه"", ""i"", ""ت"", ""s""]",MODEL_ADMISSIBLE,SUSPENDED
CVC,"[""ه"", ""i"", ""ث"", ""s""]",MODEL_ADMISSIBLE,SUSPENDED
CVC,"[""ه"", ""i"", ""ج"", ""s""]",MODEL_ADMISSIBLE,SUSPENDED
CVC,"[""ه"", ""i"", ""ح"", ""s""]",MODEL_ADMISSIBLE,SUSPENDED
CVC,"[""ه"", ""i"", ""خ"", ""s""]",MODEL_ADMISSIBLE,SUSPENDED
CVC,"[""ه"", ""i"", ""د"", ""s""]",MODEL_ADMISSIBLE,SUSPENDED
CVC,"[""ه"", ""i"", ""ذ"", ""s""]",MODEL_ADMISSIBLE,SUSPENDED
CVC,"[""ه"", ""i"", ""ر"", ""s""]",MODEL_ADMISSIBLE,SUSPENDED
CVC,"[""ه"", ""i"", ""ز"", ""s""]",MODEL_ADMISSIBLE,SUSPENDED
CVC,"[""ه"", ""i"", ""س"", ""s""]",MODEL_ADMISSIBLE,SUSPENDED
CVC,"[""ه"", ""i"", ""ش"", ""s""]",MODEL_ADMISSIBLE,SUSPENDED
CVC,"[""ه"", ""i"", ""ص"", ""s""]",MODEL_ADMISSIBLE,SUSPENDED
CVC,"[""ه"", ""i"", ""ض"", ""s""]",MODEL_ADMISSIBLE,SUSPENDED
CVC,"[""ه"", ""i"", ""ط"", ""s""]",MODEL_ADMISSIBLE,SUSPENDED
CVC,"[""ه"", ""i"", ""ظ"", ""s""]",MODEL_ADMISSIBLE,SUSPENDED
CVC,"[""ه"", ""i"", ""ع"", ""s""]",MODEL_ADMISSIBLE,SUSPENDED
CVC,"[""ه"", ""i"", ""غ"", ""s""]",MODEL_ADMISSIBLE,SUSPENDED
CVC,"[""ه"", ""i"", ""ف"", ""s""]",MODEL_ADMISSIBLE,SUSPENDED
CVC,"[""ه"", ""i"", ""ق"", ""s""]",MODEL_ADMISSIBLE,SUSPENDED
CVC,"[""ه"", ""i"", ""ك"", ""s""]",MODEL_ADMISSIBLE,SUSPENDED
CVC,"[""ه"", ""i"", ""ل"", ""s""]",MODEL_ADMISSIBLE,SUSPENDED
CVC,"[""ه"", ""i"", ""م"", ""s""]",MODEL_ADMISSIBLE,SUSPENDED
CVC,"[""ه"", ""i"", ""ن"", ""s""]",MODEL_ADMISSIBLE,SUSPENDED
CVC,"[""ه"", ""i"", ""ه"", ""s""]",MODEL_ADMISSIBLE,SUSPENDED
CVC,"[""ه"", ""i"", ""و"", ""s""]",MODEL_ADMISSIBLE,SUSPENDED
CVC,"[""ه"", ""i"", ""ي"", ""s""]",MODEL_ADMISSIBLE,SUSPENDED
CVC,"[""ه"", ""i"", ""ء"", ""s""]",MODEL_ADMISSIBLE,SUSPENDED
CVC,"[""ه"", ""s"", ""ا"", ""s""]",BASE_NOT_CV,SUSPENDED
CVC,"[""ه"", ""s"", ""ب"", ""s""]",BASE_NOT_CV,SUSPENDED
CVC,"[""ه"", ""s"", ""ت"", ""s""]",BASE_NOT_CV,SUSPENDED
CVC,"[""ه"", ""s"", ""ث"", ""s""]",BASE_NOT_CV,SUSPENDED
CVC,"[""ه"", ""s"", ""ج"", ""s""]",BASE_NOT_CV,SUSPENDED
CVC,"[""ه"", ""s"", ""ح"", ""s""]",BASE_NOT_CV,SUSPENDED
CVC,"[""ه"", ""s"", ""خ"", ""s""]",BASE_NOT_CV,SUSPENDED
CVC,"[""ه"", ""s"", ""د"", ""s""]",BASE_NOT_CV,SUSPENDED
CVC,"[""ه"", ""s"", ""ذ"", ""s""]",BASE_NOT_CV,SUSPENDED
CVC,"[""ه"", ""s"", ""ر"", ""s""]",BASE_NOT_CV,SUSPENDED
CVC,"[""ه"", ""s"", ""ز"", ""s""]",BASE_NOT_CV,SUSPENDED
CVC,"[""ه"", ""s"", ""س"", ""s""]",BASE_NOT_CV,SUSPENDED
CVC,"[""ه"", ""s"", ""ش"", ""s""]",BASE_NOT_CV,SUSPENDED
CVC,"[""ه"", ""s"", ""ص"", ""s""]",BASE_NOT_CV,SUSPENDED
CVC,"[""ه"", ""s"", ""ض"", ""s""]",BASE_NOT_CV,SUSPENDED
CVC,"[""ه"", ""s"", ""ط"", ""s""]",BASE_NOT_CV,SUSPENDED
CVC,"[""ه"", ""s"", ""ظ"", ""s""]",BASE_NOT_CV,SUSPENDED
CVC,"[""ه"", ""s"", ""ع"", ""s""]",BASE_NOT_CV,SUSPENDED
CVC,"[""ه"", ""s"", ""غ"", ""s""]",BASE_NOT_CV,SUSPENDED
CVC,"[""ه"", ""s"", ""ف"", ""s""]",BASE_NOT_CV,SUSPENDED
CVC,"[""ه"", ""s"", ""ق"", ""s""]",BASE_NOT_CV,SUSPENDED
CVC,"[""ه"", ""s"", ""ك"", ""s""]",BASE_NOT_CV,SUSPENDED
CVC,"[""ه"", ""s"", ""ل"", ""s""]",BASE_NOT_CV,SUSPENDED
CVC,"[""ه"", ""s"", ""م"", ""s""]",BASE_NOT_CV,SUSPENDED
CVC,"[""ه"", ""s"", ""ن"", ""s""]",BASE_NOT_CV,SUSPENDED
CVC,"[""ه"", ""s"", ""ه"", ""s""]",BASE_NOT_CV,SUSPENDED
CVC,"[""ه"", ""s"", ""و"", ""s""]",BASE_NOT_CV,SUSPENDED
CVC,"[""ه"", ""s"", ""ي"", ""s""]",BASE_NOT_CV,SUSPENDED
CVC,"[""ه"", ""s"", ""ء"", ""s""]",BASE_NOT_CV,SUSPENDED
CVC,"[""و"", ""a"", ""ا"", ""s""]",MODEL_ADMISSIBLE,SUSPENDED
CVC,"[""و"", ""a"", ""ب"", ""s""]",MODEL_ADMISSIBLE,SUSPENDED
CVC,"[""و"", ""a"", ""ت"", ""s""]",MODEL_ADMISSIBLE,SUSPENDED
CVC,"[""و"", ""a"", ""ث"", ""s""]",MODEL_ADMISSIBLE,SUSPENDED
CVC,"[""و"", ""a"", ""ج"", ""s""]",MODEL_ADMISSIBLE,SUSPENDED
CVC,"[""و"", ""a"", ""ح"", ""s""]",MODEL_ADMISSIBLE,SUSPENDED
CVC,"[""و"", ""a"", ""خ"", ""s""]",MODEL_ADMISSIBLE,SUSPENDED
CVC,"[""و"", ""a"", ""د"", ""s""]",MODEL_ADMISSIBLE,SUSPENDED
CVC,"[""و"", ""a"", ""ذ"", ""s""]",MODEL_ADMISSIBLE,SUSPENDED
CVC,"[""و"", ""a"", ""ر"", ""s""]",MODEL_ADMISSIBLE,SUSPENDED
CVC,"[""و"", ""a"", ""ز"", ""s""]",MODEL_ADMISSIBLE,SUSPENDED
CVC,"[""و"", ""a"", ""س"", ""s""]",MODEL_ADMISSIBLE,SUSPENDED
CVC,"[""و"", ""a"", ""ش"", ""s""]",MODEL_ADMISSIBLE,SUSPENDED
CVC,"[""و"", ""a"", ""ص"", ""s""]",MODEL_ADMISSIBLE,SUSPENDED
CVC,"[""و"", ""a"", ""ض"", ""s""]",MODEL_ADMISSIBLE,SUSPENDED
CVC,"[""و"", ""a"", ""ط"", ""s""]",MODEL_ADMISSIBLE,SUSPENDED
CVC,"[""و"", ""a"", ""ظ"", ""s""]",MODEL_ADMISSIBLE,SUSPENDED
CVC,"[""و"", ""a"", ""ع"", ""s""]",MODEL_ADMISSIBLE,SUSPENDED
CVC,"[""و"", ""a"", ""غ"", ""s""]",MODEL_ADMISSIBLE,SUSPENDED
CVC,"[""و"", ""a"", ""ف"", ""s""]",MODEL_ADMISSIBLE,SUSPENDED
CVC,"[""و"", ""a"", ""ق"", ""s""]",MODEL_ADMISSIBLE,SUSPENDED
CVC,"[""و"", ""a"", ""ك"", ""s""]",MODEL_ADMISSIBLE,SUSPENDED
CVC,"[""و"", ""a"", ""ل"", ""s""]",MODEL_ADMISSIBLE,SUSPENDED
CVC,"[""و"", ""a"", ""م"", ""s""]",MODEL_ADMISSIBLE,SUSPENDED
CVC,"[""و"", ""a"", ""ن"", ""s""]",MODEL_ADMISSIBLE,SUSPENDED
CVC,"[""و"", ""a"", ""ه"", ""s""]",MODEL_ADMISSIBLE,SUSPENDED
CVC,"[""و"", ""a"", ""و"", ""s""]",MODEL_ADMISSIBLE,SUSPENDED
CVC,"[""و"", ""a"", ""ي"", ""s""]",MODEL_ADMISSIBLE,SUSPENDED
CVC,"[""و"", ""a"", ""ء"", ""s""]",MODEL_ADMISSIBLE,SUSPENDED
CVC,"[""و"", ""u"", ""ا"", ""s""]",MODEL_ADMISSIBLE,SUSPENDED
CVC,"[""و"", ""u"", ""ب"", ""s""]",MODEL_ADMISSIBLE,SUSPENDED
CVC,"[""و"", ""u"", ""ت"", ""s""]",MODEL_ADMISSIBLE,SUSPENDED
CVC,"[""و"", ""u"", ""ث"", ""s""]",MODEL_ADMISSIBLE,SUSPENDED
CVC,"[""و"", ""u"", ""ج"", ""s""]",MODEL_ADMISSIBLE,SUSPENDED
CVC,"[""و"", ""u"", ""ح"", ""s""]",MODEL_ADMISSIBLE,SUSPENDED
CVC,"[""و"", ""u"", ""خ"", ""s""]",MODEL_ADMISSIBLE,SUSPENDED
CVC,"[""و"", ""u"", ""د"", ""s""]",MODEL_ADMISSIBLE,SUSPENDED
CVC,"[""و"", ""u"", ""ذ"", ""s""]",MODEL_ADMISSIBLE,SUSPENDED
CVC,"[""و"", ""u"", ""ر"", ""s""]",MODEL_ADMISSIBLE,SUSPENDED
CVC,"[""و"", ""u"", ""ز"", ""s""]",MODEL_ADMISSIBLE,SUSPENDED
CVC,"[""و"", ""u"", ""س"", ""s""]",MODEL_ADMISSIBLE,SUSPENDED
CVC,"[""و"", ""u"", ""ش"", ""s""]",MODEL_ADMISSIBLE,SUSPENDED
CVC,"[""و"", ""u"", ""ص"", ""s""]",MODEL_ADMISSIBLE,SUSPENDED
CVC,"[""و"", ""u"", ""ض"", ""s""]",MODEL_ADMISSIBLE,SUSPENDED
CVC,"[""و"", ""u"", ""ط"", ""s""]",MODEL_ADMISSIBLE,SUSPENDED
CVC,"[""و"", ""u"", ""ظ"", ""s""]",MODEL_ADMISSIBLE,SUSPENDED
CVC,"[""و"", ""u"", ""ع"", ""s""]",MODEL_ADMISSIBLE,SUSPENDED
CVC,"[""و"", ""u"", ""غ"", ""s""]",MODEL_ADMISSIBLE,SUSPENDED
CVC,"[""و"", ""u"", ""ف"", ""s""]",MODEL_ADMISSIBLE,SUSPENDED
CVC,"[""و"", ""u"", ""ق"", ""s""]",MODEL_ADMISSIBLE,SUSPENDED
CVC,"[""و"", ""u"", ""ك"", ""s""]",MODEL_ADMISSIBLE,SUSPENDED
CVC,"[""و"", ""u"", ""ل"", ""s""]",MODEL_ADMISSIBLE,SUSPENDED
CVC,"[""و"", ""u"", ""م"", ""s""]",MODEL_ADMISSIBLE,SUSPENDED
CVC,"[""و"", ""u"", ""ن"", ""s""]",MODEL_ADMISSIBLE,SUSPENDED
CVC,"[""و"", ""u"", ""ه"", ""s""]",MODEL_ADMISSIBLE,SUSPENDED
CVC,"[""و"", ""u"", ""و"", ""s""]",MODEL_ADMISSIBLE,SUSPENDED
CVC,"[""و"", ""u"", ""ي"", ""s""]",MODEL_ADMISSIBLE,SUSPENDED
CVC,"[""و"", ""u"", ""ء"", ""s""]",MODEL_ADMISSIBLE,SUSPENDED
CVC,"[""و"", ""i"", ""ا"", ""s""]",MODEL_ADMISSIBLE,SUSPENDED
CVC,"[""و"", ""i"", ""ب"", ""s""]",MODEL_ADMISSIBLE,SUSPENDED
CVC,"[""و"", ""i"", ""ت"", ""s""]",MODEL_ADMISSIBLE,SUSPENDED
CVC,"[""و"", ""i"", ""ث"", ""s""]",MODEL_ADMISSIBLE,SUSPENDED
CVC,"[""و"", ""i"", ""ج"", ""s""]",MODEL_ADMISSIBLE,SUSPENDED
CVC,"[""و"", ""i"", ""ح"", ""s""]",MODEL_ADMISSIBLE,SUSPENDED
CVC,"[""و"", ""i"", ""خ"", ""s""]",MODEL_ADMISSIBLE,SUSPENDED
CVC,"[""و"", ""i"", ""د"", ""s""]",MODEL_ADMISSIBLE,SUSPENDED
CVC,"[""و"", ""i"", ""ذ"", ""s""]",MODEL_ADMISSIBLE,SUSPENDED
CVC,"[""و"", ""i"", ""ر"", ""s""]",MODEL_ADMISSIBLE,SUSPENDED
CVC,"[""و"", ""i"", ""ز"", ""s""]",MODEL_ADMISSIBLE,SUSPENDED
CVC,"[""و"", ""i"", ""س"", ""s""]",MODEL_ADMISSIBLE,SUSPENDED
CVC,"[""و"", ""i"", ""ش"", ""s""]",MODEL_ADMISSIBLE,SUSPENDED
CVC,"[""و"", ""i"", ""ص"", ""s""]",MODEL_ADMISSIBLE,SUSPENDED
CVC,"[""و"", ""i"", ""ض"", ""s""]",MODEL_ADMISSIBLE,SUSPENDED
CVC,"[""و"", ""i"", ""ط"", ""s""]",MODEL_ADMISSIBLE,SUSPENDED
CVC,"[""و"", ""i"", ""ظ"", ""s""]",MODEL_ADMISSIBLE,SUSPENDED
CVC,"[""و"", ""i"", ""ع"", ""s""]",MODEL_ADMISSIBLE,SUSPENDED
CVC,"[""و"", ""i"", ""غ"", ""s""]",MODEL_ADMISSIBLE,SUSPENDED
CVC,"[""و"", ""i"", ""ف"", ""s""]",MODEL_ADMISSIBLE,SUSPENDED
CVC,"[""و"", ""i"", ""ق"", ""s""]",MODEL_ADMISSIBLE,SUSPENDED
CVC,"[""و"", ""i"", ""ك"", ""s""]",MODEL_ADMISSIBLE,SUSPENDED
CVC,"[""و"", ""i"", ""ل"", ""s""]",MODEL_ADMISSIBLE,SUSPENDED
CVC,"[""و"", ""i"", ""م"", ""s""]",MODEL_ADMISSIBLE,SUSPENDED
CVC,"[""و"", ""i"", ""ن"", ""s""]",MODEL_ADMISSIBLE,SUSPENDED
CVC,"[""و"", ""i"", ""ه"", ""s""]",MODEL_ADMISSIBLE,SUSPENDED
CVC,"[""و"", ""i"", ""و"", ""s""]",MODEL_ADMISSIBLE,SUSPENDED
CVC,"[""و"", ""i"", ""ي"", ""s""]",MODEL_ADMISSIBLE,SUSPENDED
CVC,"[""و"", ""i"", ""ء"", ""s""]",MODEL_ADMISSIBLE,SUSPENDED
CVC,"[""و"", ""s"", ""ا"", ""s""]",BASE_NOT_CV,SUSPENDED
CVC,"[""و"", ""s"", ""ب"", ""s""]",BASE_NOT_CV,SUSPENDED
CVC,"[""و"", ""s"", ""ت"", ""s""]",BASE_NOT_CV,SUSPENDED
CVC,"[""و"", ""s"", ""ث"", ""s""]",BASE_NOT_CV,SUSPENDED
CVC,"[""و"", ""s"", ""ج"", ""s""]",BASE_NOT_CV,SUSPENDED
CVC,"[""و"", ""s"", ""ح"", ""s""]",BASE_NOT_CV,SUSPENDED
CVC,"[""و"", ""s"", ""خ"", ""s""]",BASE_NOT_CV,SUSPENDED
CVC,"[""و"", ""s"", ""د"", ""s""]",BASE_NOT_CV,SUSPENDED
CVC,"[""و"", ""s"", ""ذ"", ""s""]",BASE_NOT_CV,SUSPENDED
CVC,"[""و"", ""s"", ""ر"", ""s""]",BASE_NOT_CV,SUSPENDED
CVC,"[""و"", ""s"", ""ز"", ""s""]",BASE_NOT_CV,SUSPENDED
CVC,"[""و"", ""s"", ""س"", ""s""]",BASE_NOT_CV,SUSPENDED
CVC,"[""و"", ""s"", ""ش"", ""s""]",BASE_NOT_CV,SUSPENDED
CVC,"[""و"", ""s"", ""ص"", ""s""]",BASE_NOT_CV,SUSPENDED
CVC,"[""و"", ""s"", ""ض"", ""s""]",BASE_NOT_CV,SUSPENDED
CVC,"[""و"", ""s"", ""ط"", ""s""]",BASE_NOT_CV,SUSPENDED
CVC,"[""و"", ""s"", ""ظ"", ""s""]",BASE_NOT_CV,SUSPENDED
CVC,"[""و"", ""s"", ""ع"", ""s""]",BASE_NOT_CV,SUSPENDED
CVC,"[""و"", ""s"", ""غ"", ""s""]",BASE_NOT_CV,SUSPENDED
CVC,"[""و"", ""s"", ""ف"", ""s""]",BASE_NOT_CV,SUSPENDED
CVC,"[""و"", ""s"", ""ق"", ""s""]",BASE_NOT_CV,SUSPENDED
CVC,"[""و"", ""s"", ""ك"", ""s""]",BASE_NOT_CV,SUSPENDED
CVC,"[""و"", ""s"", ""ل"", ""s""]",BASE_NOT_CV,SUSPENDED
CVC,"[""و"", ""s"", ""م"", ""s""]",BASE_NOT_CV,SUSPENDED
CVC,"[""و"", ""s"", ""ن"", ""s""]",BASE_NOT_CV,SUSPENDED
CVC,"[""و"", ""s"", ""ه"", ""s""]",BASE_NOT_CV,SUSPENDED
CVC,"[""و"", ""s"", ""و"", ""s""]",BASE_NOT_CV,SUSPENDED
CVC,"[""و"", ""s"", ""ي"", ""s""]",BASE_NOT_CV,SUSPENDED
CVC,"[""و"", ""s"", ""ء"", ""s""]",BASE_NOT_CV,SUSPENDED
CVC,"[""ي"", ""a"", ""ا"", ""s""]",MODEL_ADMISSIBLE,SUSPENDED
CVC,"[""ي"", ""a"", ""ب"", ""s""]",MODEL_ADMISSIBLE,SUSPENDED
CVC,"[""ي"", ""a"", ""ت"", ""s""]",MODEL_ADMISSIBLE,SUSPENDED
CVC,"[""ي"", ""a"", ""ث"", ""s""]",MODEL_ADMISSIBLE,SUSPENDED
CVC,"[""ي"", ""a"", ""ج"", ""s""]",MODEL_ADMISSIBLE,SUSPENDED
CVC,"[""ي"", ""a"", ""ح"", ""s""]",MODEL_ADMISSIBLE,SUSPENDED
CVC,"[""ي"", ""a"", ""خ"", ""s""]",MODEL_ADMISSIBLE,SUSPENDED
CVC,"[""ي"", ""a"", ""د"", ""s""]",MODEL_ADMISSIBLE,SUSPENDED
CVC,"[""ي"", ""a"", ""ذ"", ""s""]",MODEL_ADMISSIBLE,SUSPENDED
CVC,"[""ي"", ""a"", ""ر"", ""s""]",MODEL_ADMISSIBLE,SUSPENDED
CVC,"[""ي"", ""a"", ""ز"", ""s""]",MODEL_ADMISSIBLE,SUSPENDED
CVC,"[""ي"", ""a"", ""س"", ""s""]",MODEL_ADMISSIBLE,SUSPENDED
CVC,"[""ي"", ""a"", ""ش"", ""s""]",MODEL_ADMISSIBLE,SUSPENDED
CVC,"[""ي"", ""a"", ""ص"", ""s""]",MODEL_ADMISSIBLE,SUSPENDED
CVC,"[""ي"", ""a"", ""ض"", ""s""]",MODEL_ADMISSIBLE,SUSPENDED
CVC,"[""ي"", ""a"", ""ط"", ""s""]",MODEL_ADMISSIBLE,SUSPENDED
CVC,"[""ي"", ""a"", ""ظ"", ""s""]",MODEL_ADMISSIBLE,SUSPENDED
CVC,"[""ي"", ""a"", ""ع"", ""s""]",MODEL_ADMISSIBLE,SUSPENDED
CVC,"[""ي"", ""a"", ""غ"", ""s""]",MODEL_ADMISSIBLE,SUSPENDED
CVC,"[""ي"", ""a"", ""ف"", ""s""]",MODEL_ADMISSIBLE,SUSPENDED
CVC,"[""ي"", ""a"", ""ق"", ""s""]",MODEL_ADMISSIBLE,SUSPENDED
CVC,"[""ي"", ""a"", ""ك"", ""s""]",MODEL_ADMISSIBLE,SUSPENDED
CVC,"[""ي"", ""a"", ""ل"", ""s""]",MODEL_ADMISSIBLE,SUSPENDED
CVC,"[""ي"", ""a"", ""م"", ""s""]",MODEL_ADMISSIBLE,SUSPENDED
CVC,"[""ي"", ""a"", ""ن"", ""s""]",MODEL_ADMISSIBLE,SUSPENDED
CVC,"[""ي"", ""a"", ""ه"", ""s""]",MODEL_ADMISSIBLE,SUSPENDED
CVC,"[""ي"", ""a"", ""و"", ""s""]",MODEL_ADMISSIBLE,SUSPENDED
CVC,"[""ي"", ""a"", ""ي"", ""s""]",MODEL_ADMISSIBLE,SUSPENDED
CVC,"[""ي"", ""a"", ""ء"", ""s""]",MODEL_ADMISSIBLE,SUSPENDED
CVC,"[""ي"", ""u"", ""ا"", ""s""]",MODEL_ADMISSIBLE,SUSPENDED
CVC,"[""ي"", ""u"", ""ب"", ""s""]",MODEL_ADMISSIBLE,SUSPENDED
CVC,"[""ي"", ""u"", ""ت"", ""s""]",MODEL_ADMISSIBLE,SUSPENDED
CVC,"[""ي"", ""u"", ""ث"", ""s""]",MODEL_ADMISSIBLE,SUSPENDED
CVC,"[""ي"", ""u"", ""ج"", ""s""]",MODEL_ADMISSIBLE,SUSPENDED
CVC,"[""ي"", ""u"", ""ح"", ""s""]",MODEL_ADMISSIBLE,SUSPENDED
CVC,"[""ي"", ""u"", ""خ"", ""s""]",MODEL_ADMISSIBLE,SUSPENDED
CVC,"[""ي"", ""u"", ""د"", ""s""]",MODEL_ADMISSIBLE,SUSPENDED
CVC,"[""ي"", ""u"", ""ذ"", ""s""]",MODEL_ADMISSIBLE,SUSPENDED
CVC,"[""ي"", ""u"", ""ر"", ""s""]",MODEL_ADMISSIBLE,SUSPENDED
CVC,"[""ي"", ""u"", ""ز"", ""s""]",MODEL_ADMISSIBLE,SUSPENDED
CVC,"[""ي"", ""u"", ""س"", ""s""]",MODEL_ADMISSIBLE,SUSPENDED
CVC,"[""ي"", ""u"", ""ش"", ""s""]",MODEL_ADMISSIBLE,SUSPENDED
CVC,"[""ي"", ""u"", ""ص"", ""s""]",MODEL_ADMISSIBLE,SUSPENDED
CVC,"[""ي"", ""u"", ""ض"", ""s""]",MODEL_ADMISSIBLE,SUSPENDED
CVC,"[""ي"", ""u"", ""ط"", ""s""]",MODEL_ADMISSIBLE,SUSPENDED
CVC,"[""ي"", ""u"", ""ظ"", ""s""]",MODEL_ADMISSIBLE,SUSPENDED
CVC,"[""ي"", ""u"", ""ع"", ""s""]",MODEL_ADMISSIBLE,SUSPENDED
CVC,"[""ي"", ""u"", ""غ"", ""s""]",MODEL_ADMISSIBLE,SUSPENDED
CVC,"[""ي"", ""u"", ""ف"", ""s""]",MODEL_ADMISSIBLE,SUSPENDED
CVC,"[""ي"", ""u"", ""ق"", ""s""]",MODEL_ADMISSIBLE,SUSPENDED
CVC,"[""ي"", ""u"", ""ك"", ""s""]",MODEL_ADMISSIBLE,SUSPENDED
CVC,"[""ي"", ""u"", ""ل"", ""s""]",MODEL_ADMISSIBLE,SUSPENDED
CVC,"[""ي"", ""u"", ""م"", ""s""]",MODEL_ADMISSIBLE,SUSPENDED
CVC,"[""ي"", ""u"", ""ن"", ""s""]",MODEL_ADMISSIBLE,SUSPENDED
CVC,"[""ي"", ""u"", ""ه"", ""s""]",MODEL_ADMISSIBLE,SUSPENDED
CVC,"[""ي"", ""u"", ""و"", ""s""]",MODEL_ADMISSIBLE,SUSPENDED
CVC,"[""ي"", ""u"", ""ي"", ""s""]",MODEL_ADMISSIBLE,SUSPENDED
CVC,"[""ي"", ""u"", ""ء"", ""s""]",MODEL_ADMISSIBLE,SUSPENDED
CVC,"[""ي"", ""i"", ""ا"", ""s""]",MODEL_ADMISSIBLE,SUSPENDED
CVC,"[""ي"", ""i"", ""ب"", ""s""]",MODEL_ADMISSIBLE,SUSPENDED
CVC,"[""ي"", ""i"", ""ت"", ""s""]",MODEL_ADMISSIBLE,SUSPENDED
CVC,"[""ي"", ""i"", ""ث"", ""s""]",MODEL_ADMISSIBLE,SUSPENDED
CVC,"[""ي"", ""i"", ""ج"", ""s""]",MODEL_ADMISSIBLE,SUSPENDED
CVC,"[""ي"", ""i"", ""ح"", ""s""]",MODEL_ADMISSIBLE,SUSPENDED
CVC,"[""ي"", ""i"", ""خ"", ""s""]",MODEL_ADMISSIBLE,SUSPENDED
CVC,"[""ي"", ""i"", ""د"", ""s""]",MODEL_ADMISSIBLE,SUSPENDED
CVC,"[""ي"", ""i"", ""ذ"", ""s""]",MODEL_ADMISSIBLE,SUSPENDED
CVC,"[""ي"", ""i"", ""ر"", ""s""]",MODEL_ADMISSIBLE,SUSPENDED
CVC,"[""ي"", ""i"", ""ز"", ""s""]",MODEL_ADMISSIBLE,SUSPENDED
CVC,"[""ي"", ""i"", ""س"", ""s""]",MODEL_ADMISSIBLE,SUSPENDED
CVC,"[""ي"", ""i"", ""ش"", ""s""]",MODEL_ADMISSIBLE,SUSPENDED
CVC,"[""ي"", ""i"", ""ص"", ""s""]",MODEL_ADMISSIBLE,SUSPENDED
CVC,"[""ي"", ""i"", ""ض"", ""s""]",MODEL_ADMISSIBLE,SUSPENDED
CVC,"[""ي"", ""i"", ""ط"", ""s""]",MODEL_ADMISSIBLE,SUSPENDED
CVC,"[""ي"", ""i"", ""ظ"", ""s""]",MODEL_ADMISSIBLE,SUSPENDED
CVC,"[""ي"", ""i"", ""ع"", ""s""]",MODEL_ADMISSIBLE,SUSPENDED
CVC,"[""ي"", ""i"", ""غ"", ""s""]",MODEL_ADMISSIBLE,SUSPENDED
CVC,"[""ي"", ""i"", ""ف"", ""s""]",MODEL_ADMISSIBLE,SUSPENDED
CVC,"[""ي"", ""i"", ""ق"", ""s""]",MODEL_ADMISSIBLE,SUSPENDED
CVC,"[""ي"", ""i"", ""ك"", ""s""]",MODEL_ADMISSIBLE,SUSPENDED
CVC,"[""ي"", ""i"", ""ل"", ""s""]",MODEL_ADMISSIBLE,SUSPENDED
CVC,"[""ي"", ""i"", ""م"", ""s""]",MODEL_ADMISSIBLE,SUSPENDED
CVC,"[""ي"", ""i"", ""ن"", ""s""]",MODEL_ADMISSIBLE,SUSPENDED
CVC,"[""ي"", ""i"", ""ه"", ""s""]",MODEL_ADMISSIBLE,SUSPENDED
CVC,"[""ي"", ""i"", ""و"", ""s""]",MODEL_ADMISSIBLE,SUSPENDED
CVC,"[""ي"", ""i"", ""ي"", ""s""]",MODEL_ADMISSIBLE,SUSPENDED
CVC,"[""ي"", ""i"", ""ء"", ""s""]",MODEL_ADMISSIBLE,SUSPENDED
CVC,"[""ي"", ""s"", ""ا"", ""s""]",BASE_NOT_CV,SUSPENDED
CVC,"[""ي"", ""s"", ""ب"", ""s""]",BASE_NOT_CV,SUSPENDED
CVC,"[""ي"", ""s"", ""ت"", ""s""]",BASE_NOT_CV,SUSPENDED
CVC,"[""ي"", ""s"", ""ث"", ""s""]",BASE_NOT_CV,SUSPENDED
CVC,"[""ي"", ""s"", ""ج"", ""s""]",BASE_NOT_CV,SUSPENDED
CVC,"[""ي"", ""s"", ""ح"", ""s""]",BASE_NOT_CV,SUSPENDED
CVC,"[""ي"", ""s"", ""خ"", ""s""]",BASE_NOT_CV,SUSPENDED
CVC,"[""ي"", ""s"", ""د"", ""s""]",BASE_NOT_CV,SUSPENDED
CVC,"[""ي"", ""s"", ""ذ"", ""s""]",BASE_NOT_CV,SUSPENDED
CVC,"[""ي"", ""s"", ""ر"", ""s""]",BASE_NOT_CV,SUSPENDED
CVC,"[""ي"", ""s"", ""ز"", ""s""]",BASE_NOT_CV,SUSPENDED
CVC,"[""ي"", ""s"", ""س"", ""s""]",BASE_NOT_CV,SUSPENDED
CVC,"[""ي"", ""s"", ""ش"", ""s""]",BASE_NOT_CV,SUSPENDED
CVC,"[""ي"", ""s"", ""ص"", ""s""]",BASE_NOT_CV,SUSPENDED
CVC,"[""ي"", ""s"", ""ض"", ""s""]",BASE_NOT_CV,SUSPENDED
CVC,"[""ي"", ""s"", ""ط"", ""s""]",BASE_NOT_CV,SUSPENDED
CVC,"[""ي"", ""s"", ""ظ"", ""s""]",BASE_NOT_CV,SUSPENDED
CVC,"[""ي"", ""s"", ""ع"", ""s""]",BASE_NOT_CV,SUSPENDED
CVC,"[""ي"", ""s"", ""غ"", ""s""]",BASE_NOT_CV,SUSPENDED
CVC,"[""ي"", ""s"", ""ف"", ""s""]",BASE_NOT_CV,SUSPENDED
CVC,"[""ي"", ""s"", ""ق"", ""s""]",BASE_NOT_CV,SUSPENDED
CVC,"[""ي"", ""s"", ""ك"", ""s""]",BASE_NOT_CV,SUSPENDED
CVC,"[""ي"", ""s"", ""ل"", ""s""]",BASE_NOT_CV,SUSPENDED
CVC,"[""ي"", ""s"", ""م"", ""s""]",BASE_NOT_CV,SUSPENDED
CVC,"[""ي"", ""s"", ""ن"", ""s""]",BASE_NOT_CV,SUSPENDED
CVC,"[""ي"", ""s"", ""ه"", ""s""]",BASE_NOT_CV,SUSPENDED
CVC,"[""ي"", ""s"", ""و"", ""s""]",BASE_NOT_CV,SUSPENDED
CVC,"[""ي"", ""s"", ""ي"", ""s""]",BASE_NOT_CV,SUSPENDED
CVC,"[""ي"", ""s"", ""ء"", ""s""]",BASE_NOT_CV,SUSPENDED
CVC,"[""ء"", ""a"", ""ا"", ""s""]",MODEL_ADMISSIBLE,SUSPENDED
CVC,"[""ء"", ""a"", ""ب"", ""s""]",MODEL_ADMISSIBLE,SUSPENDED
CVC,"[""ء"", ""a"", ""ت"", ""s""]",MODEL_ADMISSIBLE,SUSPENDED
CVC,"[""ء"", ""a"", ""ث"", ""s""]",MODEL_ADMISSIBLE,SUSPENDED
CVC,"[""ء"", ""a"", ""ج"", ""s""]",MODEL_ADMISSIBLE,SUSPENDED
CVC,"[""ء"", ""a"", ""ح"", ""s""]",MODEL_ADMISSIBLE,SUSPENDED
CVC,"[""ء"", ""a"", ""خ"", ""s""]",MODEL_ADMISSIBLE,SUSPENDED
CVC,"[""ء"", ""a"", ""د"", ""s""]",MODEL_ADMISSIBLE,SUSPENDED
CVC,"[""ء"", ""a"", ""ذ"", ""s""]",MODEL_ADMISSIBLE,SUSPENDED
CVC,"[""ء"", ""a"", ""ر"", ""s""]",MODEL_ADMISSIBLE,SUSPENDED
CVC,"[""ء"", ""a"", ""ز"", ""s""]",MODEL_ADMISSIBLE,SUSPENDED
CVC,"[""ء"", ""a"", ""س"", ""s""]",MODEL_ADMISSIBLE,SUSPENDED
CVC,"[""ء"", ""a"", ""ش"", ""s""]",MODEL_ADMISSIBLE,SUSPENDED
CVC,"[""ء"", ""a"", ""ص"", ""s""]",MODEL_ADMISSIBLE,SUSPENDED
CVC,"[""ء"", ""a"", ""ض"", ""s""]",MODEL_ADMISSIBLE,SUSPENDED
CVC,"[""ء"", ""a"", ""ط"", ""s""]",MODEL_ADMISSIBLE,SUSPENDED
CVC,"[""ء"", ""a"", ""ظ"", ""s""]",MODEL_ADMISSIBLE,SUSPENDED
CVC,"[""ء"", ""a"", ""ع"", ""s""]",MODEL_ADMISSIBLE,SUSPENDED
CVC,"[""ء"", ""a"", ""غ"", ""s""]",MODEL_ADMISSIBLE,SUSPENDED
CVC,"[""ء"", ""a"", ""ف"", ""s""]",MODEL_ADMISSIBLE,SUSPENDED
CVC,"[""ء"", ""a"", ""ق"", ""s""]",MODEL_ADMISSIBLE,SUSPENDED
CVC,"[""ء"", ""a"", ""ك"", ""s""]",MODEL_ADMISSIBLE,SUSPENDED
CVC,"[""ء"", ""a"", ""ل"", ""s""]",MODEL_ADMISSIBLE,SUSPENDED
CVC,"[""ء"", ""a"", ""م"", ""s""]",MODEL_ADMISSIBLE,SUSPENDED
CVC,"[""ء"", ""a"", ""ن"", ""s""]",MODEL_ADMISSIBLE,SUSPENDED
CVC,"[""ء"", ""a"", ""ه"", ""s""]",MODEL_ADMISSIBLE,SUSPENDED
CVC,"[""ء"", ""a"", ""و"", ""s""]",MODEL_ADMISSIBLE,SUSPENDED
CVC,"[""ء"", ""a"", ""ي"", ""s""]",MODEL_ADMISSIBLE,SUSPENDED
CVC,"[""ء"", ""a"", ""ء"", ""s""]",MODEL_ADMISSIBLE,SUSPENDED
CVC,"[""ء"", ""u"", ""ا"", ""s""]",MODEL_ADMISSIBLE,SUSPENDED
CVC,"[""ء"", ""u"", ""ب"", ""s""]",MODEL_ADMISSIBLE,SUSPENDED
CVC,"[""ء"", ""u"", ""ت"", ""s""]",MODEL_ADMISSIBLE,SUSPENDED
CVC,"[""ء"", ""u"", ""ث"", ""s""]",MODEL_ADMISSIBLE,SUSPENDED
CVC,"[""ء"", ""u"", ""ج"", ""s""]",MODEL_ADMISSIBLE,SUSPENDED
CVC,"[""ء"", ""u"", ""ح"", ""s""]",MODEL_ADMISSIBLE,SUSPENDED
CVC,"[""ء"", ""u"", ""خ"", ""s""]",MODEL_ADMISSIBLE,SUSPENDED
CVC,"[""ء"", ""u"", ""د"", ""s""]",MODEL_ADMISSIBLE,SUSPENDED
CVC,"[""ء"", ""u"", ""ذ"", ""s""]",MODEL_ADMISSIBLE,SUSPENDED
CVC,"[""ء"", ""u"", ""ر"", ""s""]",MODEL_ADMISSIBLE,SUSPENDED
CVC,"[""ء"", ""u"", ""ز"", ""s""]",MODEL_ADMISSIBLE,SUSPENDED
CVC,"[""ء"", ""u"", ""س"", ""s""]",MODEL_ADMISSIBLE,SUSPENDED
CVC,"[""ء"", ""u"", ""ش"", ""s""]",MODEL_ADMISSIBLE,SUSPENDED
CVC,"[""ء"", ""u"", ""ص"", ""s""]",MODEL_ADMISSIBLE,SUSPENDED
CVC,"[""ء"", ""u"", ""ض"", ""s""]",MODEL_ADMISSIBLE,SUSPENDED
CVC,"[""ء"", ""u"", ""ط"", ""s""]",MODEL_ADMISSIBLE,SUSPENDED
CVC,"[""ء"", ""u"", ""ظ"", ""s""]",MODEL_ADMISSIBLE,SUSPENDED
CVC,"[""ء"", ""u"", ""ع"", ""s""]",MODEL_ADMISSIBLE,SUSPENDED
CVC,"[""ء"", ""u"", ""غ"", ""s""]",MODEL_ADMISSIBLE,SUSPENDED
CVC,"[""ء"", ""u"", ""ف"", ""s""]",MODEL_ADMISSIBLE,SUSPENDED
CVC,"[""ء"", ""u"", ""ق"", ""s""]",MODEL_ADMISSIBLE,SUSPENDED
CVC,"[""ء"", ""u"", ""ك"", ""s""]",MODEL_ADMISSIBLE,SUSPENDED
CVC,"[""ء"", ""u"", ""ل"", ""s""]",MODEL_ADMISSIBLE,SUSPENDED
CVC,"[""ء"", ""u"", ""م"", ""s""]",MODEL_ADMISSIBLE,SUSPENDED
CVC,"[""ء"", ""u"", ""ن"", ""s""]",MODEL_ADMISSIBLE,SUSPENDED
CVC,"[""ء"", ""u"", ""ه"", ""s""]",MODEL_ADMISSIBLE,SUSPENDED
CVC,"[""ء"", ""u"", ""و"", ""s""]",MODEL_ADMISSIBLE,SUSPENDED
CVC,"[""ء"", ""u"", ""ي"", ""s""]",MODEL_ADMISSIBLE,SUSPENDED
CVC,"[""ء"", ""u"", ""ء"", ""s""]",MODEL_ADMISSIBLE,SUSPENDED
CVC,"[""ء"", ""i"", ""ا"", ""s""]",MODEL_ADMISSIBLE,SUSPENDED
CVC,"[""ء"", ""i"", ""ب"", ""s""]",MODEL_ADMISSIBLE,SUSPENDED
CVC,"[""ء"", ""i"", ""ت"", ""s""]",MODEL_ADMISSIBLE,SUSPENDED
CVC,"[""ء"", ""i"", ""ث"", ""s""]",MODEL_ADMISSIBLE,SUSPENDED
CVC,"[""ء"", ""i"", ""ج"", ""s""]",MODEL_ADMISSIBLE,SUSPENDED
CVC,"[""ء"", ""i"", ""ح"", ""s""]",MODEL_ADMISSIBLE,SUSPENDED
CVC,"[""ء"", ""i"", ""خ"", ""s""]",MODEL_ADMISSIBLE,SUSPENDED
CVC,"[""ء"", ""i"", ""د"", ""s""]",MODEL_ADMISSIBLE,SUSPENDED
CVC,"[""ء"", ""i"", ""ذ"", ""s""]",MODEL_ADMISSIBLE,SUSPENDED
CVC,"[""ء"", ""i"", ""ر"", ""s""]",MODEL_ADMISSIBLE,SUSPENDED
CVC,"[""ء"", ""i"", ""ز"", ""s""]",MODEL_ADMISSIBLE,SUSPENDED
CVC,"[""ء"", ""i"", ""س"", ""s""]",MODEL_ADMISSIBLE,SUSPENDED
CVC,"[""ء"", ""i"", ""ش"", ""s""]",MODEL_ADMISSIBLE,SUSPENDED
CVC,"[""ء"", ""i"", ""ص"", ""s""]",MODEL_ADMISSIBLE,SUSPENDED
CVC,"[""ء"", ""i"", ""ض"", ""s""]",MODEL_ADMISSIBLE,SUSPENDED
CVC,"[""ء"", ""i"", ""ط"", ""s""]",MODEL_ADMISSIBLE,SUSPENDED
CVC,"[""ء"", ""i"", ""ظ"", ""s""]",MODEL_ADMISSIBLE,SUSPENDED
CVC,"[""ء"", ""i"", ""ع"", ""s""]",MODEL_ADMISSIBLE,SUSPENDED
CVC,"[""ء"", ""i"", ""غ"", ""s""]",MODEL_ADMISSIBLE,SUSPENDED
CVC,"[""ء"", ""i"", ""ف"", ""s""]",MODEL_ADMISSIBLE,SUSPENDED
CVC,"[""ء"", ""i"", ""ق"", ""s""]",MODEL_ADMISSIBLE,SUSPENDED
CVC,"[""ء"", ""i"", ""ك"", ""s""]",MODEL_ADMISSIBLE,SUSPENDED
CVC,"[""ء"", ""i"", ""ل"", ""s""]",MODEL_ADMISSIBLE,SUSPENDED
CVC,"[""ء"", ""i"", ""م"", ""s""]",MODEL_ADMISSIBLE,SUSPENDED
CVC,"[""ء"", ""i"", ""ن"", ""s""]",MODEL_ADMISSIBLE,SUSPENDED
CVC,"[""ء"", ""i"", ""ه"", ""s""]",MODEL_ADMISSIBLE,SUSPENDED
CVC,"[""ء"", ""i"", ""و"", ""s""]",MODEL_ADMISSIBLE,SUSPENDED
CVC,"[""ء"", ""i"", ""ي"", ""s""]",MODEL_ADMISSIBLE,SUSPENDED
CVC,"[""ء"", ""i"", ""ء"", ""s""]",MODEL_ADMISSIBLE,SUSPENDED
CVC,"[""ء"", ""s"", ""ا"", ""s""]",BASE_NOT_CV,SUSPENDED
CVC,"[""ء"", ""s"", ""ب"", ""s""]",BASE_NOT_CV,SUSPENDED
CVC,"[""ء"", ""s"", ""ت"", ""s""]",BASE_NOT_CV,SUSPENDED
CVC,"[""ء"", ""s"", ""ث"", ""s""]",BASE_NOT_CV,SUSPENDED
CVC,"[""ء"", ""s"", ""ج"", ""s""]",BASE_NOT_CV,SUSPENDED
CVC,"[""ء"", ""s"", ""ح"", ""s""]",BASE_NOT_CV,SUSPENDED
CVC,"[""ء"", ""s"", ""خ"", ""s""]",BASE_NOT_CV,SUSPENDED
CVC,"[""ء"", ""s"", ""د"", ""s""]",BASE_NOT_CV,SUSPENDED
CVC,"[""ء"", ""s"", ""ذ"", ""s""]",BASE_NOT_CV,SUSPENDED
CVC,"[""ء"", ""s"", ""ر"", ""s""]",BASE_NOT_CV,SUSPENDED
CVC,"[""ء"", ""s"", ""ز"", ""s""]",BASE_NOT_CV,SUSPENDED
CVC,"[""ء"", ""s"", ""س"", ""s""]",BASE_NOT_CV,SUSPENDED
CVC,"[""ء"", ""s"", ""ش"", ""s""]",BASE_NOT_CV,SUSPENDED
CVC,"[""ء"", ""s"", ""ص"", ""s""]",BASE_NOT_CV,SUSPENDED
CVC,"[""ء"", ""s"", ""ض"", ""s""]",BASE_NOT_CV,SUSPENDED
CVC,"[""ء"", ""s"", ""ط"", ""s""]",BASE_NOT_CV,SUSPENDED
CVC,"[""ء"", ""s"", ""ظ"", ""s""]",BASE_NOT_CV,SUSPENDED
CVC,"[""ء"", ""s"", ""ع"", ""s""]",BASE_NOT_CV,SUSPENDED
CVC,"[""ء"", ""s"", ""غ"", ""s""]",BASE_NOT_CV,SUSPENDED
CVC,"[""ء"", ""s"", ""ف"", ""s""]",BASE_NOT_CV,SUSPENDED
CVC,"[""ء"", ""s"", ""ق"", ""s""]",BASE_NOT_CV,SUSPENDED
CVC,"[""ء"", ""s"", ""ك"", ""s""]",BASE_NOT_CV,SUSPENDED
CVC,"[""ء"", ""s"", ""ل"", ""s""]",BASE_NOT_CV,SUSPENDED
CVC,"[""ء"", ""s"", ""م"", ""s""]",BASE_NOT_CV,SUSPENDED
CVC,"[""ء"", ""s"", ""ن"", ""s""]",BASE_NOT_CV,SUSPENDED
CVC,"[""ء"", ""s"", ""ه"", ""s""]",BASE_NOT_CV,SUSPENDED
CVC,"[""ء"", ""s"", ""و"", ""s""]",BASE_NOT_CV,SUSPENDED
CVC,"[""ء"", ""s"", ""ي"", ""s""]",BASE_NOT_CV,SUSPENDED
CVC,"[""ء"", ""s"", ""ء"", ""s""]",BASE_NOT_CV,SUSPENDED
